curl.exe :   % Total    % Received % Xferd  Average Speed  Time    Time    Time   Current
At line:3 char:1
+ curl.exe -L -o flakesync-artifact_latest.tar.gz "https://zenodo.org/r ...
+ ~~~~~~~~~~~~~~~~~~~~~~~~~~~~~~~~~~~~~~~~~~~~~~~~~~~~~~~~~~~~~~~~~~~~~
    + CategoryInfo          : NotSpecified: (  % Total    % ... Time   Current:String) [], RemoteException
    + FullyQualifiedErrorId : NativeCommandError
 
                                 Dload  Upload  Total   Spent   Left   Speed

  0      0   0      0   0      0      0      0           00:01              0
  0      0   0      0   0      0      0      0           00:02              0
  0  1.35G   0      0   0      0      0      0           00:03              0
  0  1.35G   0 300.5k   0      0  72272      0 5:34:40   00:04 5:34:36  94945
  0  1.35G   0 619.9k   0      0 116.8k      0 3:22:13   00:05 3:22:08 144.4k
  0  1.35G   0  1.15M   0      0 184.2k      0 2:08:13   00:06 2:08:07 219.0k
  0  1.35G   0  1.60M   0      0 220.6k      0 1:47:03   00:07 1:46:56 314.8k
  0  1.35G   0  1.82M   0      0 221.0k      0 1:46:52   00:08 1:46:44 357.8k
  0  1.35G   0  2.08M   0      0 224.8k      0 1:45:03   00:09 1:44:54 350.0k
  0  1.35G   0  2.39M   0      0 232.6k      0 1:41:30   00:10 1:41:20 349.8k
  0  1.35G   0  2.70M   0      0 237.8k      0 1:39:18   00:11 1:39:07 302.9k
  0  1.35G   0  3.02M   0      0 242.4k      0 1:37:24   00:12 1:37:12 272.9k
  0  1.35G   0  3.34M   0      0 249.0k      0 1:34:49   00:13 1:34:36 293.5k
  0  1.35G   0  3.73M   0      0 258.8k      0 1:31:15   00:14 1:31:01 319.8k
  0  1.35G   0  4.11M   0      0 263.1k      0 1:29:44   00:16 1:29:28 322.2k
  0  1.35G   0  4.59M   0      0 275.9k      0 1:25:34   00:17 1:25:17 358.6k
  0  1.35G   0  5.04M   0      0 285.0k      0 1:22:52   00:18 1:22:34 386.3k
  0  1.35G   0  5.21M   0      0 277.9k      0 1:24:59   00:19 1:24:40 350.9k
  0  1.35G   0  5.47M   0      0 276.6k      0 1:25:22   00:20 1:25:02 324.8k
  0  1.35G   0  5.79M   0      0 275.0k      0 1:25:52   00:21 1:25:31 309.1k
  0  1.35G   0  6.04M   0      0 274.1k      0 1:26:09   00:22 1:25:47 268.5k
  0  1.35G   0  6.35M   0      0 275.5k      0 1:25:44   00:23 1:25:21 244.1k
  0  1.35G   0  6.68M   0      0 277.7k      0 1:25:02   00:24 1:24:38 277.1k
  0  1.35G   0  7.00M   0      0 279.8k      0 1:24:23   00:25 1:23:58 292.0k
  0  1.35G   0  7.21M   0      0 276.7k      0 1:25:20   00:26 1:24:54 284.1k
  0  1.35G   0  7.38M   0      0 273.0k      0 1:26:30   00:27 1:26:03 268.1k
  0  1.35G   0  7.69M   0      0 274.0k      0 1:26:11   00:28 1:25:43 267.4k
  0  1.35G   0  8.02M   0      0 276.0k      0 1:25:34   00:29 1:25:05 267.6k
  0  1.35G   0  8.22M   0      0 273.6k      0 1:26:19   00:30 1:25:49 242.2k
  0  1.35G   0  8.59M   0      0 276.9k      0 1:25:16   00:31 1:24:45 277.9k
  0  1.35G   0  8.84M   0      0 276.0k      0 1:25:33   00:32 1:25:01 292.4k
  0  1.35G   0  9.05M   0      0 273.0k      0 1:26:30   00:33 1:25:57 267.2k
  0  1.35G   0  9.20M   0      0 268.5k      0 1:27:57   00:35 1:27:22 226.9k
  0  1.35G   0  9.39M   0      0 266.1k      0 1:28:44   00:36 1:28:08 223.4k
  0  1.35G   0  9.54M   0      0 262.9k      0 1:29:49   00:37 1:29:12 180.4k
  0  1.35G   0  9.70M   0      0 260.2k      0 1:30:46   00:38 1:30:08 163.3k
  0  1.35G   0  9.84M   0      0 257.1k      0 1:31:50   00:39 1:31:11 154.9k
  0  1.35G   0 10.01M   0      0 255.0k      0 1:32:36   00:40 1:31:56 162.5k
  0  1.35G   0 10.18M   0      0 253.0k      0 1:33:20   00:41 1:32:39 159.9k
  0  1.35G   0 10.36M   0      0 250.4k      0 1:34:19   00:42 1:33:37 160.3k
  0  1.35G   0 10.57M   0      0 249.7k      0 1:34:34   00:43 1:33:51 172.6k
  0  1.35G   0 10.82M   0      0 249.8k      0 1:34:32   00:44 1:33:48 194.1k
  0  1.35G   0 11.20M   0      0 252.5k      0 1:33:30   00:45 1:32:45 233.4k
  0  1.35G   0 11.57M   0      0 255.3k      0 1:32:29   00:46 1:31:43 273.9k
  0  1.35G   0 11.96M   0      0 258.1k      0 1:31:30   00:47 1:30:43 321.9k
  0  1.35G   0 12.32M   0      0 260.2k      0 1:30:45   00:48 1:29:57 349.2k
  0  1.35G   0 12.70M   0      0 262.6k      0 1:29:55   00:49 1:29:06 373.9k
  0  1.35G   0 13.08M   0      0 265.1k      0 1:29:04   00:50 1:28:14 376.4k
  0  1.35G   0 13.33M   0      0 264.9k      0 1:29:08   00:51 1:28:17 351.5k
  0  1.35G   0 13.52M   0      0 263.5k      0 1:29:37   00:52 1:28:45 314.3k
  0  1.35G   0 13.69M   0      0 261.6k      0 1:30:16   00:53 1:29:23 274.9k
  1  1.35G   1 13.87M   0      0 260.2k      0 1:30:45   00:54 1:29:51 236.7k
  1  1.35G   1 14.05M   0      0 258.7k      0 1:31:17   00:55 1:30:22 194.8k
  1  1.35G   1 14.27M   0      0 257.8k      0 1:31:36   00:56 1:30:40 186.4k
  1  1.35G   1 14.43M   0      0 256.1k      0 1:32:13   00:57 1:31:16 180.3k
  1  1.35G   1 14.62M   0      0 254.9k      0 1:32:38   00:58 1:31:40 184.9k
  1  1.35G   1 14.74M   0      0 252.5k      0 1:33:31   00:59 1:32:32 171.4k
  1  1.35G   1 14.94M   0      0 251.2k      0 1:33:59   01:00 1:32:59 172.6k
  1  1.35G   1 15.18M   0      0 250.3k      0 1:34:20   01:02 1:33:18 171.8k
  1  1.35G   1 15.39M   0      0 249.8k      0 1:34:32   01:03 1:33:29 182.9k
  1  1.35G   1 15.63M   0      0 249.5k      0 1:34:40   01:04 1:33:36 190.8k
  1  1.35G   1 15.86M   0      0 249.3k      0 1:34:44   01:05 1:33:39 213.1k
  1  1.35G   1 16.10M   0      0 248.9k      0 1:34:51   01:06 1:33:45 222.5k
  1  1.35G   1 16.33M   0      0 248.8k      0 1:34:55   01:07 1:33:48 230.2k
  1  1.35G   1 16.56M   0      0 248.6k      0 1:34:59   01:08 1:33:51 234.0k
  1  1.35G   1 16.83M   0      0 248.9k      0 1:34:53   01:09 1:33:44 241.6k
  1  1.35G   1 17.02M   0      0 247.8k      0 1:35:17   01:10 1:34:07 229.5k
  1  1.35G   1 17.19M   0      0 246.5k      0 1:35:47   01:11 1:34:36 215.8k
  1  1.35G   1 17.36M   0      0 245.3k      0 1:36:17   01:12 1:35:05 200.4k
  1  1.35G   1 17.55M   0      0 244.5k      0 1:36:35   01:13 1:35:22 191.1k
  1  1.35G   1 17.73M   0      0 243.8k      0 1:36:52   01:14 1:35:38 176.3k
  1  1.35G   1 17.95M   0      0 243.4k      0 1:37:01   01:15 1:35:46 183.6k
  1  1.35G   1 18.01M   0      0 240.6k      0 1:38:08   01:16 1:36:52 160.6k
  1  1.35G   1 18.19M   0      0 239.8k      0 1:38:29   01:17 1:37:12 163.0k
  1  1.35G   1 18.34M   0      0 238.6k      0 1:38:58   01:18 1:37:40 155.7k
  1  1.35G   1 18.51M   0      0 237.7k      0 1:39:20   01:19 1:38:01 152.0k
  1  1.35G   1 18.70M   0      0 237.1k      0 1:39:37   01:20 1:38:17 146.0k
  1  1.35G   1 18.90M   0      0 236.4k      0 1:39:53   01:21 1:38:32 174.6k
  1  1.35G   1 19.06M   0      0 235.5k      0 1:40:17   01:22 1:38:55 171.6k
  1  1.35G   1 19.28M   0      0 235.1k      0 1:40:26   01:23 1:39:03 182.6k
  1  1.35G   1 19.51M   0      0 235.1k      0 1:40:27   01:24 1:39:03 194.8k
  1  1.35G   1 19.75M   0      0 235.1k      0 1:40:26   01:26 1:39:00 205.1k
  1  1.35G   1 20.00M   0      0 235.2k      0 1:40:23   01:27 1:38:56 216.4k
  1  1.35G   1 20.25M   0      0 235.4k      0 1:40:18   01:28 1:38:50 234.8k
  1  1.35G   1 20.59M   0      0 236.7k      0 1:39:46   01:29 1:38:17 262.5k
  1  1.35G   1 21.07M   0      0 239.4k      0 1:38:39   01:30 1:37:09 310.0k
  1  1.35G   1 21.38M   0      0 240.2k      0 1:38:18   01:31 1:36:47 325.7k
  1  1.35G   1 21.65M   0      0 240.4k      0 1:38:12   01:32 1:36:40 328.7k
  1  1.35G   1 21.91M   0      0 240.7k      0 1:38:07   01:33 1:36:34 329.0k
  1  1.35G   1 22.21M   0      0 241.3k      0 1:37:52   01:34 1:36:18 319.9k
  1  1.35G   1 22.49M   0      0 241.7k      0 1:37:42   01:35 1:36:07 282.5k
  1  1.35G   1 22.54M   0      0 239.3k      0 1:38:41   01:36 1:37:05 223.4k
  1  1.35G   1 22.74M   0      0 238.8k      0 1:38:52   01:37 1:37:15 210.9k
  1  1.35G   1 23.00M   0      0 239.2k      0 1:38:44   01:38 1:37:06 212.8k
  1  1.35G   1 23.25M   0      0 239.2k      0 1:38:42   01:39 1:37:03 202.9k
  1  1.35G   1 23.55M   0      0 239.8k      0 1:38:27   01:40 1:36:47 206.4k
  1  1.35G   1 23.85M   0      0 240.5k      0 1:38:11   01:41 1:36:30 262.9k
  1  1.35G   1 24.19M   0      0 241.3k      0 1:37:51   01:42 1:36:09 288.6k
  1  1.35G   1 24.48M   0      0 241.6k      0 1:37:43   01:43 1:36:00 288.0k
  1  1.35G   1 24.80M   0      0 242.4k      0 1:37:25   01:44 1:35:41 302.8k
  1  1.35G   1 25.11M   0      0 243.0k      0 1:37:10   01:45 1:35:25 303.8k
  1  1.35G   1 25.26M   0      0 242.1k      0 1:37:33   01:46 1:35:47 272.4k
  1  1.35G   1 25.39M   0      0 240.9k      0 1:38:02   01:47 1:36:15 231.9k
  1  1.35G   1 25.56M   0      0 240.3k      0 1:38:17   01:48 1:36:29 212.5k
  1  1.35G   1 25.78M   0      0 240.0k      0 1:38:24   01:49 1:36:35 191.8k
  1  1.35G   1 25.92M   0      0 238.8k      0 1:38:53   01:51 1:37:02 155.5k
  1  1.35G   1 26.07M   0      0 238.1k      0 1:39:11   01:52 1:37:19 157.3k
  1  1.35G   1 26.28M   0      0 237.6k      0 1:39:22   01:53 1:37:29 171.7k
  1  1.35G   1 26.48M   0      0 237.2k      0 1:39:32   01:54 1:37:38 175.8k
  1  1.35G   1 26.67M   0      0 236.7k      0 1:39:45   01:55 1:37:50 169.9k
  1  1.35G   1 26.84M   0      0 236.0k      0 1:40:02   01:56 1:38:06 178.0k
  1  1.35G   1 26.99M   0      0 235.3k      0 1:40:22   01:57 1:38:25 176.3k
  1  1.35G   1 27.18M   0      0 234.7k      0 1:40:36   01:58 1:38:38 173.3k
  1  1.35G   1 27.35M   0      0 234.2k      0 1:40:50   01:59 1:38:51 168.2k
  1  1.35G   1 27.54M   0      0 233.7k      0 1:41:02   02:00 1:39:02 168.3k
  2  1.35G   2 27.76M   0      0 233.6k      0 1:41:05   02:01 1:39:04 179.4k
  2  1.35G   2 27.98M   0      0 233.5k      0 1:41:09   02:02 1:39:07 192.7k
  2  1.35G   2 28.20M   0      0 233.3k      0 1:41:12   02:03 1:39:09 201.3k
  2  1.35G   2 28.46M   0      0 233.6k      0 1:41:05   02:04 1:39:01 220.0k
  2  1.35G   2 28.79M   0      0 234.3k      0 1:40:47   02:05 1:38:42 247.7k
  2  1.35G   2 29.18M   0      0 235.5k      0 1:40:15   02:06 1:38:09 281.3k
  2  1.35G   2 29.57M   0      0 236.7k      0 1:39:45   02:07 1:37:38 313.6k
  2  1.35G   2 30.02M   0      0 238.4k      0 1:39:02   02:08 1:36:54 360.2k
  2  1.35G   2 30.50M   0      0 240.4k      0 1:38:14   02:09 1:36:05 405.0k
  2  1.35G   2 30.83M   0      0 241.0k      0 1:37:58   02:10 1:35:48 404.9k
  2  1.35G   2 31.20M   0      0 242.0k      0 1:37:34   02:12 1:35:22 400.7k
  2  1.35G   2 31.66M   0      0 243.6k      0 1:36:55   02:13 1:34:42 415.2k
  2  1.35G   2 32.11M   0      0 245.2k      0 1:36:18   02:14 1:34:04 414.0k
  2  1.35G   2 32.56M   0      0 246.7k      0 1:35:42   02:15 1:33:27 405.3k
  2  1.35G   2 32.92M   0      0 247.6k      0 1:35:22   02:16 1:33:06 415.5k
  2  1.35G   2 33.33M   0      0 248.3k      0 1:35:06   02:17 1:32:49 402.1k
  2  1.35G   2 33.76M   0      0 249.6k      0 1:34:36   02:18 1:32:18 396.1k
  2  1.35G   2 34.14M   0      0 250.6k      0 1:34:14   02:19 1:31:55 383.4k
  2  1.35G   2 34.42M   0      0 250.8k      0 1:34:08   02:20 1:31:48 353.8k
  2  1.35G   2 34.73M   0      0 251.2k      0 1:34:00   02:21 1:31:39 340.9k
  2  1.35G   2 34.90M   0      0 250.6k      0 1:34:14   02:22 1:31:52 311.1k
  2  1.35G   2 35.10M   0      0 250.3k      0 1:34:21   02:23 1:31:58 267.3k
  2  1.35G   2 35.20M   0      0 249.0k      0 1:34:51   02:24 1:32:27 206.5k
  2  1.35G   2 35.31M   0      0 247.9k      0 1:35:16   02:25 1:32:51 169.8k
  2  1.35G   2 35.43M   0      0 247.0k      0 1:35:36   02:26 1:33:10 135.1k
  2  1.35G   2 35.56M   0      0 246.2k      0 1:35:56   02:27 1:33:29 126.7k
  2  1.35G   2 35.70M   0      0 245.3k      0 1:36:15   02:28 1:33:47 113.4k
  2  1.35G   2 35.85M   0      0 244.7k      0 1:36:31   02:30 1:34:01 126.5k
  2  1.35G   2 36.01M   0      0 243.9k      0 1:36:49   02:31 1:34:18 135.0k
  2  1.35G   2 36.18M   0      0 243.3k      0 1:37:03   02:32 1:34:31 142.5k
  2  1.35G   2 36.35M   0      0 242.8k      0 1:37:14   02:33 1:34:41 151.6k
  2  1.35G   2 36.54M   0      0 242.5k      0 1:37:23   02:34 1:34:49 162.4k
  2  1.35G   2 36.69M   0      0 241.9k      0 1:37:37   02:35 1:35:02 163.6k
  2  1.35G   2 36.87M   0      0 241.5k      0 1:37:48   02:36 1:35:12 170.2k
  2  1.35G   2 37.12M   0      0 241.5k      0 1:37:46   02:37 1:35:09 188.2k
  2  1.35G   2 37.33M   0      0 241.4k      0 1:37:50   02:38 1:35:12 196.9k
  2  1.35G   2 37.50M   0      0 240.9k      0 1:38:02   02:39 1:35:23 192.2k
  2  1.35G   2 37.72M   0      0 240.7k      0 1:38:05   02:40 1:35:25 205.3k
  2  1.35G   2 37.96M   0      0 240.7k      0 1:38:07   02:41 1:35:26 217.3k
  2  1.35G   2 38.18M   0      0 240.6k      0 1:38:09   02:42 1:35:27 211.6k
  2  1.35G   2 38.43M   0      0 240.6k      0 1:38:09   02:43 1:35:26 216.5k
  2  1.35G   2 38.67M   0      0 240.5k      0 1:38:10   02:44 1:35:26 230.7k
  2  1.35G   2 39.00M   0      0 241.1k      0 1:37:56   02:45 1:35:11 253.1k
  2  1.35G   2 39.08M   0      0 240.1k      0 1:38:22   02:46 1:35:36 220.5k
  2  1.35G   2 39.13M   0      0 238.9k      0 1:38:50   02:47 1:36:03 187.3k
  2  1.35G   2 39.13M   0      0 237.5k      0 1:39:26   02:48 1:36:38 139.7k
  2  1.35G   2 39.13M   0      0 236.1k      0 1:40:01   02:49 1:37:12  93901
  2  1.35G   2 39.13M   0      0 234.7k      0 1:40:37   02:50 1:37:47  26220
  2  1.35G   2 39.13M   0      0 233.3k      0 1:41:13   02:51 1:38:22  10240
  2  1.35G   2 39.13M   0      0 231.9k      0 1:41:48   02:52 1:38:56      0
  2  1.35G   2 39.22M   0      0 231.0k      0 1:42:15   02:53 1:39:22  18704
  2  1.35G   2 39.50M   0      0 231.1k      0 1:42:10   02:54 1:39:16  73250
  2  1.35G   2 39.78M   0      0 231.4k      0 1:42:03   02:56 1:39:07 124.7k
  2  1.35G   2 40.01M   0      0 231.4k      0 1:42:03   02:57 1:39:06 169.3k
  2  1.35G   2 40.17M   0      0 231.0k      0 1:42:14   02:58 1:39:16 199.4k
  2  1.35G   2 40.34M   0      0 230.6k      0 1:42:23   02:59 1:39:24 220.1k
  2  1.35G   2 40.54M   0      0 230.5k      0 1:42:28   03:00 1:39:28 207.3k
  2  1.35G   2 40.75M   0      0 230.3k      0 1:42:31   03:01 1:39:30 194.0k
  2  1.35G   2 40.99M   0      0 230.4k      0 1:42:29   03:02 1:39:27 197.1k
  2  1.35G   2 41.20M   0      0 230.3k      0 1:42:33   03:03 1:39:30 206.0k
  2  1.35G   2 41.41M   0      0 230.2k      0 1:42:35   03:04 1:39:31 214.1k
  3  1.35G   3 41.59M   0      0 229.7k      0 1:42:47   03:05 1:39:42 205.2k
  3  1.35G   3 41.77M   0      0 229.5k      0 1:42:53   03:06 1:39:47 202.1k
  3  1.35G   3 41.99M   0      0 229.5k      0 1:42:55   03:07 1:39:48 195.6k
  3  1.35G   3 42.21M   0      0 229.3k      0 1:42:59   03:08 1:39:51 196.0k
  3  1.35G   3 42.37M   0      0 228.9k      0 1:43:09   03:09 1:40:00 185.6k
  3  1.35G   3 42.57M   0      0 228.8k      0 1:43:12   03:10 1:40:02 194.6k
  3  1.35G   3 42.79M   0      0 228.7k      0 1:43:15   03:11 1:40:04 199.5k
  3  1.35G   3 42.96M   0      0 228.3k      0 1:43:27   03:12 1:40:15 186.5k
  3  1.35G   3 43.18M   0      0 228.2k      0 1:43:29   03:13 1:40:16 188.3k
  3  1.35G   3 43.40M   0      0 228.2k      0 1:43:30   03:14 1:40:16 199.9k
  3  1.35G   3 43.61M   0      0 228.1k      0 1:43:30   03:15 1:40:15 204.0k
  3  1.35G   3 43.77M   0      0 227.7k      0 1:43:42   03:16 1:40:26 190.7k
  3  1.35G   3 43.93M   0      0 227.3k      0 1:43:52   03:17 1:40:35 192.4k
  3  1.35G   3 44.11M   0      0 227.1k      0 1:43:58   03:18 1:40:40 186.8k
  3  1.35G   3 44.30M   0      0 226.8k      0 1:44:07   03:19 1:40:48 176.9k
  3  1.35G   3 44.41M   0      0 226.1k      0 1:44:27   03:21 1:41:06 151.1k
  3  1.35G   3 44.61M   0      0 225.9k      0 1:44:31   03:22 1:41:09 161.2k
  3  1.35G   3 44.86M   0      0 226.1k      0 1:44:27   03:23 1:41:04 178.9k
  3  1.35G   3 45.16M   0      0 226.4k      0 1:44:17   03:24 1:40:53 200.0k
  3  1.35G   3 45.41M   0      0 226.6k      0 1:44:14   03:25 1:40:49 216.6k
  3  1.35G   3 45.63M   0      0 226.1k      0 1:44:25   03:26 1:40:59 229.1k
  3  1.35G   3 45.95M   0      0 226.6k      0 1:44:12   03:27 1:40:45 251.9k
  3  1.35G   3 46.25M   0      0 226.9k      0 1:44:04   03:28 1:40:36 258.4k
  3  1.35G   3 46.48M   0      0 227.0k      0 1:44:02   03:29 1:40:33 247.5k
  3  1.35G   3 46.67M   0      0 226.8k      0 1:44:08   03:30 1:40:38 234.4k
  3  1.35G   3 46.91M   0      0 226.7k      0 1:44:09   03:31 1:40:38 249.4k
  3  1.35G   3 47.17M   0      0 226.6k      0 1:44:12   03:33 1:40:39 226.4k
  3  1.35G   3 47.33M   0      0 226.3k      0 1:44:21   03:34 1:40:47 201.9k
  3  1.35G   3 47.50M   0      0 226.0k      0 1:44:28   03:35 1:40:53 190.1k
  3  1.35G   3 47.65M   0      0 225.6k      0 1:44:41   03:36 1:41:05 180.8k
  3  1.35G   3 47.84M   0      0 225.4k      0 1:44:47   03:37 1:41:10 173.5k
  3  1.35G   3 48.03M   0      0 225.1k      0 1:44:53   03:38 1:41:15 165.8k
  3  1.35G   3 48.14M   0      0 224.5k      0 1:45:11   03:39 1:41:32 154.0k
  3  1.35G   3 48.36M   0      0 224.5k      0 1:45:12   03:40 1:41:32 162.3k
  3  1.35G   3 48.53M   0      0 224.2k      0 1:45:18   03:41 1:41:37 169.6k
  3  1.35G   3 48.71M   0      0 224.1k      0 1:45:23   03:42 1:41:41 170.2k
  3  1.35G   3 48.90M   0      0 223.9k      0 1:45:28   03:43 1:41:45 171.7k
  3  1.35G   3 49.12M   0      0 223.9k      0 1:45:29   03:44 1:41:45 196.5k
  3  1.35G   3 49.34M   0      0 223.8k      0 1:45:29   03:45 1:41:44 196.7k
  3  1.35G   3 49.59M   0      0 223.9k      0 1:45:27   03:46 1:41:41 211.0k
  3  1.35G   3 49.85M   0      0 224.1k      0 1:45:21   03:47 1:41:34 227.4k
  3  1.35G   3 50.16M   0      0 224.5k      0 1:45:10   03:48 1:41:22 253.1k
  3  1.35G   3 50.46M   0      0 224.9k      0 1:45:00   03:49 1:41:11 270.3k
  3  1.35G   3 50.76M   0      0 225.2k      0 1:44:51   03:50 1:41:01 285.0k
  3  1.35G   3 51.08M   0      0 225.6k      0 1:44:41   03:51 1:40:50 297.3k
  3  1.35G   3 51.46M   0      0 226.2k      0 1:44:24   03:52 1:40:32 315.3k
  3  1.35G   3 51.94M   0      0 227.3k      0 1:43:52   03:53 1:39:59 349.7k
  3  1.35G   3 52.47M   0      0 228.6k      0 1:43:19   03:55 1:39:24 387.0k
  3  1.35G   3 52.88M   0      0 228.4k      0 1:43:24   03:57 1:39:27 345.3k
  3  1.35G   3 53.09M   0      0 228.3k      0 1:43:25   03:58 1:39:27 330.6k
  3  1.35G   3 53.56M   0      0 229.3k      0 1:42:58   03:59 1:38:59 348.6k
  3  1.35G   3 54.03M   0      0 230.4k      0 1:42:30   04:00 1:38:30 344.6k
  3  1.35G   3 54.49M   0      0 231.4k      0 1:42:03   04:01 1:38:02 340.8k
  3  1.35G   3 54.96M   0      0 232.4k      0 1:41:36   04:02 1:37:34 420.8k
  4  1.35G   4 55.48M   0      0 233.6k      0 1:41:06   04:03 1:37:03 479.6k
  4  1.35G   4 56.01M   0      0 234.8k      0 1:40:34   04:04 1:36:30 489.5k
  4  1.35G   4 56.49M   0      0 235.8k      0 1:40:07   04:05 1:36:02 493.5k
  4  1.35G   4 57.05M   0      0 237.2k      0 1:39:33   04:06 1:35:27 509.8k
  4  1.35G   4 57.57M   0      0 238.4k      0 1:39:04   04:07 1:34:57 518.4k
  4  1.35G   4 58.05M   0      0 239.4k      0 1:38:39   04:08 1:34:31 514.3k
  4  1.35G   4 58.56M   0      0 240.5k      0 1:38:11   04:09 1:34:02 516.0k
  4  1.35G   4 59.00M   0      0 241.2k      0 1:37:53   04:10 1:33:43 497.7k
  4  1.35G   4 59.53M   0      0 242.4k      0 1:37:24   04:11 1:33:13 493.0k
  4  1.35G   4 59.87M   0      0 242.9k      0 1:37:14   04:12 1:33:02 459.7k
  4  1.35G   4 60.25M   0      0 243.4k      0 1:37:00   04:13 1:32:47 439.9k
  4  1.35G   4 60.62M   0      0 243.9k      0 1:36:48   04:14 1:32:34 408.7k
  4  1.35G   4 61.03M   0      0 244.6k      0 1:36:33   04:15 1:32:18 407.8k
  4  1.35G   4 61.34M   0      0 244.8k      0 1:36:27   04:16 1:32:11 362.0k
  4  1.35G   4 61.68M   0      0 245.2k      0 1:36:18   04:17 1:32:01 360.3k
  4  1.35G   4 62.07M   0      0 245.8k      0 1:36:04   04:18 1:31:46 362.8k
  4  1.35G   4 62.42M   0      0 246.1k      0 1:35:58   04:19 1:31:39 349.8k
  4  1.35G   4 62.78M   0      0 246.5k      0 1:35:47   04:20 1:31:27 342.5k
  4  1.35G   4 63.07M   0      0 246.7k      0 1:35:42   04:21 1:31:21 341.5k
  4  1.35G   4 63.32M   0      0 246.7k      0 1:35:42   04:22 1:31:20 323.2k
  4  1.35G   4 63.60M   0      0 246.9k      0 1:35:39   04:23 1:31:16 301.4k
  4  1.35G   4 63.88M   0      0 247.0k      0 1:35:36   04:24 1:31:12 295.0k
  4  1.35G   4 64.19M   0      0 247.3k      0 1:35:30   04:25 1:31:05 284.6k
  4  1.35G   4 64.52M   0      0 247.6k      0 1:35:23   04:26 1:30:57 290.8k
  4  1.35G   4 64.85M   0      0 247.9k      0 1:35:16   04:27 1:30:49 306.5k
  4  1.35G   4 65.21M   0      0 248.2k      0 1:35:08   04:28 1:30:40 314.8k
  4  1.35G   4 65.58M   0      0 248.7k      0 1:34:57   04:29 1:30:28 334.6k
  4  1.35G   4 65.88M   0      0 248.6k      0 1:35:00   04:31 1:30:29 312.4k
  4  1.35G   4 66.25M   0      0 249.1k      0 1:34:48   04:32 1:30:16 321.4k
  4  1.35G   4 66.50M   0      0 249.1k      0 1:34:48   04:33 1:30:15 307.3k
  4  1.35G   4 66.80M   0      0 249.2k      0 1:34:46   04:34 1:30:12 296.9k
  4  1.35G   4 67.09M   0      0 249.4k      0 1:34:41   04:35 1:30:06 282.7k
  4  1.35G   4 67.39M   0      0 249.6k      0 1:34:37   04:36 1:30:01 301.5k
  4  1.35G   4 67.72M   0      0 249.8k      0 1:34:31   04:37 1:29:54 290.4k
  4  1.35G   4 68.03M   0      0 250.1k      0 1:34:25   04:38 1:29:47 303.6k
  4  1.35G   4 68.25M   0      0 250.0k      0 1:34:28   04:39 1:29:49 292.2k
  4  1.35G   4 68.56M   0      0 250.1k      0 1:34:24   04:40 1:29:44 291.5k
  4  1.35G   4 68.81M   0      0 250.1k      0 1:34:24   04:41 1:29:43 280.4k
  4  1.35G   4 69.06M   0      0 250.1k      0 1:34:24   04:42 1:29:42 266.5k
  5  1.35G   5 69.33M   0      0 250.2k      0 1:34:23   04:43 1:29:40 255.8k
  5  1.35G   5 69.59M   0      0 250.3k      0 1:34:21   04:44 1:29:37 266.1k
  5  1.35G   5 69.89M   0      0 250.4k      0 1:34:19   04:45 1:29:34 262.5k
  5  1.35G   5 70.18M   0      0 250.5k      0 1:34:15   04:46 1:29:29 272.5k
  5  1.35G   5 70.46M   0      0 250.6k      0 1:34:13   04:47 1:29:26 277.5k
  5  1.35G   5 70.82M   0      0 251.0k      0 1:34:05   04:48 1:29:17 295.3k
  5  1.35G   5 71.07M   0      0 251.0k      0 1:34:04   04:49 1:29:15 292.3k
  5  1.35G   5 71.37M   0      0 251.2k      0 1:34:01   04:50 1:29:11 295.0k
  5  1.35G   5 71.65M   0      0 251.2k      0 1:33:59   04:51 1:29:08 291.0k
  5  1.35G   5 71.90M   0      0 251.3k      0 1:33:59   04:52 1:29:07 285.5k
  5  1.35G   5 72.15M   0      0 251.3k      0 1:33:59   04:53 1:29:06 266.1k
  5  1.35G   5 72.44M   0      0 251.4k      0 1:33:55   04:54 1:29:01 275.7k
  5  1.35G   5 72.65M   0      0 251.3k      0 1:33:58   04:55 1:29:03 258.6k
  5  1.35G   5 72.85M   0      0 251.1k      0 1:34:03   04:57 1:29:06 241.6k
  5  1.35G   5 73.07M   0      0 251.0k      0 1:34:05   04:58 1:29:07 235.5k
  5  1.35G   5 73.29M   0      0 250.9k      0 1:34:08   04:59 1:29:09 227.4k
  5  1.35G   5 73.54M   0      0 250.8k      0 1:34:10   05:00 1:29:10 213.5k
  5  1.35G   5 73.68M   0      0 250.4k      0 1:34:18   05:01 1:29:17 201.2k
  5  1.35G   5 73.89M   0      0 250.2k      0 1:34:22   05:02 1:29:20 202.0k
  5  1.35G   5 74.13M   0      0 250.2k      0 1:34:23   05:03 1:29:20 206.3k
  5  1.35G   5 74.36M   0      0 250.1k      0 1:34:24   05:04 1:29:20 208.8k
  5  1.35G   5 74.60M   0      0 250.1k      0 1:34:25   05:05 1:29:20 210.4k
  5  1.35G   5 74.78M   0      0 249.6k      0 1:34:35   05:06 1:29:29 207.1k
  5  1.35G   5 74.89M   0      0 249.1k      0 1:34:47   05:07 1:29:40 189.0k
  5  1.35G   5 74.97M   0      0 248.5k      0 1:35:01   05:08 1:29:53 156.2k
  5  1.35G   5 75.05M   0      0 247.9k      0 1:35:15   05:09 1:30:06 126.3k
  5  1.35G   5 75.14M   0      0 247.4k      0 1:35:27   05:10 1:30:17 100.2k
  5  1.35G   5 75.24M   0      0 246.9k      0 1:35:39   05:12 1:30:27  89207
  5  1.35G   5 75.33M   0      0 246.4k      0 1:35:51   05:13 1:30:38  86743
  5  1.35G   5 75.42M   0      0 245.8k      0 1:36:03   05:14 1:30:49  90138
  5  1.35G   5 75.55M   0      0 245.5k      0 1:36:12   05:15 1:30:57 98.75k
  5  1.35G   5 75.67M   0      0 245.1k      0 1:36:22   05:16 1:31:06 104.3k
  5  1.35G   5 75.83M   0      0 244.8k      0 1:36:28   05:17 1:31:11 117.8k
  5  1.35G   5 76.08M   0      0 244.8k      0 1:36:28   05:18 1:31:10 148.6k
  5  1.35G   5 76.44M   0      0 245.2k      0 1:36:19   05:19 1:31:00 203.7k
  5  1.35G   5 76.83M   0      0 245.7k      0 1:36:08   05:20 1:30:48 257.7k
  5  1.35G   5 77.31M   0      0 246.4k      0 1:35:50   05:21 1:30:29 331.9k
  5  1.35G   5 77.76M   0      0 247.1k      0 1:35:34   05:22 1:30:12 390.9k
  5  1.35G   5 78.20M   0      0 247.7k      0 1:35:20   05:23 1:29:57 429.6k
  5  1.35G   5 78.64M   0      0 248.3k      0 1:35:06   05:24 1:29:42 445.9k
  5  1.35G   5 79.07M   0      0 248.9k      0 1:34:52   05:25 1:29:27 454.5k
  5  1.35G   5 79.43M   0      0 249.2k      0 1:34:45   05:26 1:29:19 427.5k
  5  1.35G   5 79.81M   0      0 249.6k      0 1:34:35   05:27 1:29:08 412.9k
  5  1.35G   5 80.20M   0      0 250.1k      0 1:34:26   05:28 1:28:58 400.5k
  5  1.35G   5 80.54M   0      0 250.2k      0 1:34:24   05:29 1:28:55 362.5k
  5  1.35G   5 80.87M   0      0 250.4k      0 1:34:19   05:30 1:28:49 337.8k
  5  1.35G   5 81.16M   0      0 250.5k      0 1:34:16   05:31 1:28:45 327.1k
  5  1.35G   5 81.43M   0      0 250.5k      0 1:34:15   05:32 1:28:43 303.1k
  5  1.35G   5 81.69M   0      0 250.6k      0 1:34:14   05:33 1:28:41 281.4k
  5  1.35G   5 81.99M   0      0 250.7k      0 1:34:11   05:34 1:28:37 285.9k
  5  1.35G   5 82.29M   0      0 250.9k      0 1:34:08   05:35 1:28:33 282.6k
  5  1.35G   5 82.57M   0      0 251.0k      0 1:34:06   05:36 1:28:30 280.4k
  5  1.35G   5 82.72M   0      0 250.7k      0 1:34:12   05:37 1:28:35 259.7k
  5  1.35G   5 82.88M   0      0 250.3k      0 1:34:20   05:38 1:28:42 234.2k
  5  1.35G   5 83.03M   0      0 250.0k      0 1:34:27   05:40 1:28:47 205.3k
  6  1.35G   6 83.20M   0      0 249.8k      0 1:34:32   05:41 1:28:51 180.9k
  6  1.35G   6 83.35M   0      0 249.4k      0 1:34:41   05:42 1:28:59 150.3k
  6  1.35G   6 83.52M   0      0 249.2k      0 1:34:46   05:43 1:29:03 153.4k
  6  1.35G   6 83.69M   0      0 248.9k      0 1:34:51   05:44 1:29:07 159.2k
  6  1.35G   6 83.86M   0      0 248.7k      0 1:34:56   05:45 1:29:11 163.6k
  6  1.35G   6 84.05M   0      0 248.5k      0 1:35:01   05:46 1:29:15 166.3k
  6  1.35G   6 84.23M   0      0 248.3k      0 1:35:05   05:47 1:29:18 178.0k
  6  1.35G   6 84.47M   0      0 248.3k      0 1:35:06   05:48 1:29:18 190.1k
  6  1.35G   6 84.69M   0      0 248.2k      0 1:35:08   05:49 1:29:19 198.7k
  6  1.35G   6 84.86M   0      0 248.0k      0 1:35:13   05:50 1:29:23 198.7k
  6  1.35G   6 85.06M   0      0 247.8k      0 1:35:17   05:51 1:29:26 201.4k
  6  1.35G   6 85.28M   0      0 247.7k      0 1:35:19   05:52 1:29:27 207.3k
  6  1.35G   6 85.47M   0      0 247.5k      0 1:35:24   05:53 1:29:31 196.5k
  6  1.35G   6 85.68M   0      0 247.5k      0 1:35:26   05:54 1:29:32 197.3k
  6  1.35G   6 85.89M   0      0 247.3k      0 1:35:29   05:55 1:29:34 201.4k
  6  1.35G   6 86.04M   0      0 247.0k      0 1:35:36   05:56 1:29:40 191.7k
  6  1.35G   6 86.14M   0      0 246.6k      0 1:35:46   05:57 1:29:49 168.5k
  6  1.35G   6 86.26M   0      0 246.2k      0 1:35:54   05:58 1:29:56 158.5k
  6  1.35G   6 86.42M   0      0 246.0k      0 1:35:59   05:59 1:30:00 145.7k
  6  1.35G   6 86.56M   0      0 245.7k      0 1:36:07   06:00 1:30:07 133.5k
  6  1.35G   6 86.67M   0      0 245.3k      0 1:36:17   06:01 1:30:16 123.8k
  6  1.35G   6 86.78M   0      0 244.9k      0 1:36:25   06:02 1:30:23 127.0k
  6  1.35G   6 86.90M   0      0 244.6k      0 1:36:33   06:03 1:30:30 127.3k
  6  1.35G   6 87.04M   0      0 244.2k      0 1:36:41   06:04 1:30:37 122.7k
  6  1.35G   6 87.13M   0      0 243.8k      0 1:36:52   06:05 1:30:47 112.8k
  6  1.35G   6 87.21M   0      0 243.3k      0 1:37:04   06:07 1:30:57 105.9k
  6  1.35G   6 87.32M   0      0 242.9k      0 1:37:13   06:08 1:31:05 105.2k
  6  1.35G   6 87.43M   0      0 242.5k      0 1:37:22   06:09 1:31:13 102.2k
  6  1.35G   6 87.56M   0      0 242.2k      0 1:37:30   06:10 1:31:20 100.2k
  6  1.35G   6 87.65M   0      0 241.8k      0 1:37:40   06:11 1:31:29 101.2k
  6  1.35G   6 87.79M   0      0 241.5k      0 1:37:48   06:12 1:31:36 113.8k
  6  1.35G   6 87.93M   0      0 241.1k      0 1:37:55   06:13 1:31:42 119.2k
  6  1.35G   6 88.07M   0      0 240.9k      0 1:38:02   06:14 1:31:48 125.0k
  6  1.35G   6 88.23M   0      0 240.6k      0 1:38:08   06:15 1:31:53 130.9k
  6  1.35G   6 88.37M   0      0 240.4k      0 1:38:14   06:16 1:31:58 140.6k
  6  1.35G   6 88.57M   0      0 240.3k      0 1:38:17   06:17 1:32:00 154.8k
  6  1.35G   6 88.77M   0      0 240.2k      0 1:38:19   06:18 1:32:01 169.3k
  6  1.35G   6 88.99M   0      0 240.1k      0 1:38:20   06:19 1:32:01 184.7k
  6  1.35G   6 89.19M   0      0 240.0k      0 1:38:23   06:20 1:32:03 194.0k
  6  1.35G   6 89.33M   0      0 239.7k      0 1:38:31   06:21 1:32:10 189.9k
  6  1.35G   6 89.46M   0      0 239.4k      0 1:38:38   06:22 1:32:16 175.1k
  6  1.35G   6 89.66M   0      0 239.3k      0 1:38:42   06:23 1:32:19 173.1k
  6  1.35G   6 89.90M   0      0 239.2k      0 1:38:42   06:24 1:32:18 175.4k
  6  1.35G   6 90.13M   0      0 239.2k      0 1:38:42   06:25 1:32:17 182.4k
  6  1.35G   6 90.35M   0      0 239.2k      0 1:38:43   06:26 1:32:17 201.9k
  6  1.35G   6 90.61M   0      0 239.2k      0 1:38:42   06:27 1:32:15 229.0k
  6  1.35G   6 90.92M   0      0 239.4k      0 1:38:38   06:28 1:32:10 251.1k
  6  1.35G   6 91.03M   0      0 239.0k      0 1:38:47   06:29 1:32:18 224.7k
  6  1.35G   6 91.20M   0      0 238.8k      0 1:38:52   06:30 1:32:22 210.4k
  6  1.35G   6 91.35M   0      0 238.6k      0 1:38:57   06:31 1:32:26 196.9k
  6  1.35G   6 91.54M   0      0 238.5k      0 1:39:01   06:32 1:32:29 182.5k
  6  1.35G   6 91.73M   0      0 238.3k      0 1:39:05   06:34 1:32:31 156.5k
  6  1.35G   6 91.88M   0      0 238.1k      0 1:39:10   06:35 1:32:35 167.8k
  6  1.35G   6 92.07M   0      0 238.0k      0 1:39:14   06:36 1:32:38 171.9k
  6  1.35G   6 92.26M   0      0 237.9k      0 1:39:17   06:37 1:32:40 179.3k
  6  1.35G   6 92.45M   0      0 237.7k      0 1:39:20   06:38 1:32:42 178.8k
  6  1.35G   6 92.66M   0      0 237.6k      0 1:39:22   06:39 1:32:43 185.4k
  6  1.35G   6 92.93M   0      0 237.7k      0 1:39:21   06:40 1:32:41 204.5k
  6  1.35G   6 93.27M   0      0 237.9k      0 1:39:16   06:41 1:32:35 231.6k
  6  1.35G   6 93.62M   0      0 238.2k      0 1:39:09   06:42 1:32:27 261.6k
  6  1.35G   6 93.96M   0      0 238.4k      0 1:39:03   06:43 1:32:20 287.2k
  6  1.35G   6 94.18M   0      0 238.3k      0 1:39:05   06:44 1:32:21 290.8k
  6  1.35G   6 94.43M   0      0 238.4k      0 1:39:04   06:45 1:32:19 291.2k
  6  1.35G   6 94.64M   0      0 238.3k      0 1:39:06   06:46 1:32:20 269.7k
  6  1.35G   6 94.89M   0      0 238.3k      0 1:39:05   06:47 1:32:18 249.7k
  6  1.35G   6 95.16M   0      0 238.3k      0 1:39:05   06:48 1:32:17 235.0k
  6  1.35G   6 95.47M   0      0 238.5k      0 1:39:00   06:49 1:32:11 253.5k
  6  1.35G   6 95.64M   0      0 238.4k      0 1:39:04   06:50 1:32:14 239.4k
  6  1.35G   6 95.83M   0      0 238.2k      0 1:39:07   06:51 1:32:16 233.7k
  6  1.35G   6 96.00M   0      0 238.1k      0 1:39:11   06:52 1:32:19 219.5k
  6  1.35G   6 96.22M   0      0 238.0k      0 1:39:13   06:53 1:32:20 211.5k
  6  1.35G   6 96.44M   0      0 238.0k      0 1:39:14   06:54 1:32:20 193.6k
  6  1.35G   6 96.67M   0      0 237.9k      0 1:39:16   06:56 1:32:20 200.8k
  7  1.35G   7 96.91M   0      0 237.9k      0 1:39:16   06:57 1:32:19 208.7k
  7  1.35G   7 97.16M   0      0 237.9k      0 1:39:16   06:58 1:32:18 222.0k
  7  1.35G   7 97.48M   0      0 238.1k      0 1:39:11   06:59 1:32:12 245.1k
  7  1.35G   7 97.92M   0      0 238.6k      0 1:38:59   07:00 1:31:59 284.5k
  7  1.35G   7 98.39M   0      0 239.1k      0 1:38:46   07:01 1:31:45 334.3k
  7  1.35G   7 98.71M   0      0 239.3k      0 1:38:41   07:02 1:31:39 351.9k
  7  1.35G   7 99.07M   0      0 239.6k      0 1:38:34   07:03 1:31:31 376.3k
  7  1.35G   7 99.43M   0      0 239.9k      0 1:38:27   07:04 1:31:23 382.1k
  7  1.35G   7 99.73M   0      0 239.9k      0 1:38:25   07:05 1:31:20 349.1k
  7  1.35G   7 99.92M   0      0 239.8k      0 1:38:29   07:06 1:31:23 291.6k
  7  1.35G   7 100.1M   0      0 239.6k      0 1:38:33   07:07 1:31:26 264.1k
  7  1.35G   7 100.2M   0      0 239.3k      0 1:38:41   07:09 1:31:32 218.6k
  7  1.35G   7 100.3M   0      0 238.7k      0 1:38:56   07:10 1:31:46 154.3k
  7  1.35G   7 100.3M   0      0 238.1k      0 1:39:10   07:11 1:31:59 106.0k
  7  1.35G   7 100.3M   0      0 237.3k      0 1:39:30   07:12 1:32:18  73406
  7  1.35G   7 100.4M   0      0 237.0k      0 1:39:37   07:13 1:32:24  61143
  7  1.35G   7 100.5M   0      0 236.7k      0 1:39:46   07:14 1:32:32  47376
  7  1.35G   7 100.6M   0      0 236.2k      0 1:39:59   07:16 1:32:43  57393
  7  1.35G   7 100.6M   0      0 235.7k      0 1:40:12   07:17 1:32:55  60114
  7  1.35G   7 100.7M   0      0 235.0k      0 1:40:30   07:18 1:33:12  63551
  7  1.35G   7 100.8M   0      0 234.6k      0 1:40:38   07:19 1:33:19  62466
  7  1.35G   7 100.9M   0      0 234.4k      0 1:40:46   07:20 1:33:26  65562
  7  1.35G   7 101.0M   0      0 233.9k      0 1:40:56   07:22 1:33:34  63653
  7  1.35G   7 101.0M   0      0 233.5k      0 1:41:08   07:23 1:33:45  66737
  7  1.35G   7 101.0M   0      0 232.7k      0 1:41:29   07:24 1:34:05  65456
  7  1.35G   7 101.1M   0      0 231.9k      0 1:41:50   07:26 1:34:24  45675
  7  1.35G   7 101.1M   0      0 231.4k      0 1:42:03   07:27 1:34:36  34561
  7  1.35G   7 101.1M   0      0 230.8k      0 1:42:19   07:28 1:34:51  24307
  7  1.35G   7 101.1M   0      0 230.2k      0 1:42:35   07:30 1:35:05  21002
  7  1.35G   7 101.1M   0      0 229.7k      0 1:42:49   07:31 1:35:18  15714
  7  1.35G   7 101.1M   0      0 229.1k      0 1:43:03   07:32 1:35:31  14336
  7  1.35G   7 101.1M   0      0 228.6k      0 1:43:17   07:33 1:35:44   5919
  7  1.35G   7 101.1M   0      0 228.1k      0 1:43:31   07:34 1:35:57   3073
  7  1.35G   7 101.1M   0      0 227.6k      0 1:43:46   07:35 1:36:11      0
  7  1.35G   7 101.1M   0      0 227.1k      0 1:43:59   07:36 1:36:23      0
  7  1.35G   7 101.2M   0      0 226.3k      0 1:44:21   07:37 1:36:44   5635
  7  1.35G   7 101.2M   0      0 225.8k      0 1:44:36   07:38 1:36:58   5554
  7  1.35G   7 101.2M   0      0 225.2k      0 1:44:52   07:40 1:37:12  13011
  7  1.35G   7 101.2M   0      0 224.8k      0 1:45:04   07:41 1:37:23  18444
  7  1.35G   7 101.3M   0      0 224.3k      0 1:45:17   07:42 1:37:35  20872
  7  1.35G   7 101.3M   0      0 223.6k      0 1:45:36   07:43 1:37:53  21538
  7  1.35G   7 101.4M   0      0 223.3k      0 1:45:44   07:45 1:37:59  40549
  7  1.35G   7 101.5M   0      0 223.0k      0 1:45:53   07:46 1:38:07  50914
  7  1.35G   7 101.6M   0      0 222.4k      0 1:46:10   07:47 1:38:23  54059
  7  1.35G   7 101.6M   0      0 222.1k      0 1:46:20   07:48 1:38:32  64238
  7  1.35G   7 101.7M   0      0 221.7k      0 1:46:30   07:49 1:38:41  74323
  7  1.35G   7 101.8M   0      0 221.4k      0 1:46:39   07:51 1:38:48  73513
  7  1.35G   7 101.9M   0      0 221.2k      0 1:46:45   07:52 1:38:53  80151
  7  1.35G   7 102.0M   0      0 220.8k      0 1:46:58   07:53 1:39:05  82243
  7  1.35G   7 102.1M   0      0 220.4k      0 1:47:08   07:54 1:39:14  80107
  7  1.35G   7 102.2M   0      0 220.2k      0 1:47:15   07:55 1:39:20  90196
  7  1.35G   7 102.3M   0      0 219.8k      0 1:47:27   07:56 1:39:31  84224
  7  1.35G   7 102.4M   0      0 219.4k      0 1:47:39   07:58 1:39:41  78572
  7  1.35G   7 102.5M   0      0 219.1k      0 1:47:48   07:59 1:39:49  87470
  7  1.35G   7 102.7M   0      0 218.9k      0 1:47:51   08:00 1:39:51 101.4k
  7  1.35G   7 102.7M   0      0 218.5k      0 1:48:03   08:01 1:40:02  94601
  7  1.35G   7 102.9M   0      0 218.5k      0 1:48:05   08:02 1:40:03 113.7k
  7  1.35G   7 103.1M   0      0 218.3k      0 1:48:09   08:03 1:40:06 129.1k
  7  1.35G   7 103.2M   0      0 218.0k      0 1:48:19   08:04 1:40:15 127.7k
  7  1.35G   7 103.3M   0      0 217.7k      0 1:48:28   08:06 1:40:22 114.2k
  7  1.35G   7 103.5M   0      0 217.6k      0 1:48:31   08:07 1:40:24 138.0k
  7  1.35G   7 103.7M   0      0 217.5k      0 1:48:33   08:08 1:40:25 139.1k
  7  1.35G   7 103.8M   0      0 217.3k      0 1:48:40   08:09 1:40:31 132.0k
  7  1.35G   7 104.0M   0      0 217.2k      0 1:48:42   08:10 1:40:32 151.2k
  7  1.35G   7 104.1M   0      0 216.8k      0 1:48:55   08:11 1:40:44 141.0k
  7  1.35G   7 104.1M   0      0 216.4k      0 1:49:08   08:12 1:40:56 108.3k
  7  1.35G   7 104.1M   0      0 215.9k      0 1:49:22   08:13 1:41:09  70908
  7  1.35G   7 104.1M   0      0 215.5k      0 1:49:35   08:14 1:41:21  46867
  7  1.35G   7 104.1M   0      0 215.0k      0 1:49:49   08:15 1:41:34   9671
  7  1.35G   7 104.1M   0      0 214.6k      0 1:50:02   08:16 1:41:46      0
  7  1.35G   7 104.1M   0      0 214.2k      0 1:50:15   08:17 1:41:58      0
  7  1.35G   7 104.1M   0      0 213.7k      0 1:50:29   08:18 1:42:11      0
  7  1.35G   7 104.1M   0      0 213.3k      0 1:50:42   08:19 1:42:23      0
  7  1.35G   7 104.1M   0      0 212.9k      0 1:50:56   08:20 1:42:36      0
  7  1.35G   7 104.1M   0      0 212.4k      0 1:51:09   08:21 1:42:48      0
  7  1.35G   7 104.1M   0      0 212.0k      0 1:51:22   08:22 1:43:00   6550
  7  1.35G   7 104.3M   0      0 211.9k      0 1:51:26   08:23 1:43:03  38131
  7  1.35G   7 104.5M   0      0 211.9k      0 1:51:26   08:24 1:43:02  80109
  7  1.35G   7 104.7M   0      0 211.9k      0 1:51:26   08:25 1:43:01 119.7k
  7  1.35G   7 104.9M   0      0 211.8k      0 1:51:28   08:27 1:43:01 154.0k
  7  1.35G   7 105.0M   0      0 211.7k      0 1:51:34   08:28 1:43:06 175.5k
  7  1.35G   7 105.2M   0      0 211.6k      0 1:51:37   08:29 1:43:08 176.4k
  7  1.35G   7 105.3M   0      0 211.5k      0 1:51:40   08:30 1:43:10 167.8k
  7  1.35G   7 105.5M   0      0 211.4k      0 1:51:43   08:31 1:43:12 159.4k
  7  1.35G   7 105.6M   0      0 211.2k      0 1:51:47   08:32 1:43:15 152.9k
  7  1.35G   7 105.8M   0      0 211.2k      0 1:51:48   08:33 1:43:15 165.1k
curl: (18) end of response with 1340122397 bytes missing
DOWNLOAD COMPLETE, EXIT CODE: 18
=== Attempt 1 at 19:32:15 ===
curl.exe : ** Resuming transfer from byte position 111113348
At line:9 char:3
+   curl.exe -C - --retry 3 --retry-delay 5 -L -o flakesync-artifact_la ...
+   ~~~~~~~~~~~~~~~~~~~~~~~~~~~~~~~~~~~~~~~~~~~~~~~~~~~~~~~~~~~~~~~~~~~
    + CategoryInfo          : NotSpecified: (** Resuming tra...ition 111113348:String) [], RemoteException
    + FullyQualifiedErrorId : NativeCommandError
 
  % Total    % Received % Xferd  Average Speed  Time    Time    Time   Current
                                 Dload  Upload  Total   Spent   Left   Speed

  0      0   0      0   0      0      0      0                              0
  0      0   0      0   0      0      0      0           00:01              0
  0      0   0      0   0      0      0      0           00:02              0
  0      0   0      0   0      0      0      0           00:03              0
  0  1.24G   0  96380   0      0  20474      0 18h 10m   00:04 18h 10m  22701
  0  1.24G   0 188.1k   0      0  33753      0 11h 01m   00:05 11h 01m  36725
  0  1.24G   0 464.2k   0      0  70474      0 5:16:55   00:06 5:16:49  93594
  0  1.24G   0 911.3k   0      0 116.6k      0 3:07:01   00:07 3:06:54 177.4k
  0  1.24G   0  1.30M   0      0 150.6k      0 2:24:47   00:08 2:24:39 256.8k
  0  1.24G   0  1.47M   0      0 149.7k      0 2:25:41   00:10 2:25:31 263.2k
  0  1.24G   0  1.73M   0      0 160.2k      0 2:16:08   00:11 2:15:57 294.3k
  0  1.24G   0  2.03M   0      0 171.8k      0 2:06:55   00:12 2:06:43 300.8k
  0  1.24G   0  2.19M   0      0 170.8k      0 2:07:41   00:13 2:07:28 250.3k
  0  1.24G   0  2.41M   0      0 174.5k      0 2:04:58   00:14 2:04:44 215.0k
  0  1.24G   0  2.67M   0      0 180.5k      0 2:00:50   00:15 2:00:35 241.5k
  0  1.24G   0  2.89M   0      0 181.5k      0 2:00:08   00:16 1:59:52 227.2k
  0  1.24G   0  3.14M   0      0 185.0k      0 1:57:53   00:17 1:57:36 215.3k
  0  1.24G   0  3.40M   0      0 189.0k      0 1:55:21   00:18 1:55:03 234.1k
  0  1.24G   0  3.67M   0      0 193.3k      0 1:52:49   00:19 1:52:30 243.2k
  0  1.24G   0  3.92M   0      0 196.3k      0 1:51:06   00:20 1:50:46 241.7k
  0  1.24G   0  3.96M   0      0 188.9k      0 1:55:25   00:21 1:55:04 212.2k
  0  1.24G   0  4.01M   0      0 182.4k      0 1:59:32   00:22 1:59:10 173.8k
  0  1.24G   0  4.25M   0      0 184.8k      0 1:58:00   00:23 1:57:37 169.5k
  0  1.24G   0  4.50M   0      0 187.5k      0 1:56:17   00:24 1:55:53 165.6k
  0  1.24G   0  4.78M   0      0 191.2k      0 1:54:01   00:25 1:53:36 171.1k
  0  1.24G   0  5.09M   0      0 196.1k      0 1:51:13   00:26 1:50:47 226.3k
  0  1.24G   0  5.35M   0      0 198.5k      0 1:49:52   00:27 1:49:25 269.4k
  0  1.24G   0  5.63M   0      0 201.5k      0 1:48:14   00:28 1:47:46 278.3k
  0  1.24G   0  5.96M   0      0 205.8k      0 1:45:57   00:29 1:45:28 293.8k
  0  1.24G   0  6.26M   0      0 209.0k      0 1:44:21   00:30 1:43:51 298.2k
  0  1.24G   0  6.55M   0      0 211.6k      0 1:43:04   00:31 1:42:33 291.6k
  0  1.24G   0  6.90M   0      0 215.5k      0 1:41:10   00:32 1:40:38 307.3k
  0  1.24G   0  7.24M   0      0 219.6k      0 1:39:19   00:33 1:38:46 320.7k
  0  1.24G   0  7.50M   0      0 220.6k      0 1:38:51   00:34 1:38:17 305.1k
  0  1.24G   0  7.85M   0      0 224.1k      0 1:37:19   00:35 1:36:44 313.0k
  0  1.24G   0  8.16M   0      0 226.5k      0 1:36:17   00:36 1:35:41 318.0k
  0  1.24G   0  8.38M   0      0 225.6k      0 1:36:39   00:38 1:36:01 288.4k
  0  1.24G   0  8.67M   0      0 227.5k      0 1:35:51   00:39 1:35:12 278.3k
  0  1.24G   0  9.02M   0      0 229.6k      0 1:34:57   00:40 1:34:17 288.6k
  0  1.24G   0  9.25M   0      0 229.7k      0 1:34:57   00:41 1:34:16 266.9k
  0  1.24G   0  9.62M   0      0 231.9k      0 1:34:02   00:42 1:33:20 267.7k
  0  1.24G   0  9.97M   0      0 234.4k      0 1:33:01   00:43 1:32:18 295.4k
  0  1.24G   0 10.30M   0      0 236.3k      0 1:32:16   00:44 1:31:32 298.2k
  0  1.24G   0 10.65M   0      0 238.9k      0 1:31:16   00:45 1:30:31 307.2k
  0  1.24G   0 11.01M   0      0 241.6k      0 1:30:14   00:46 1:29:28 333.2k
  0  1.24G   0 11.09M   0      0 237.3k      0 1:31:53   00:47 1:31:06 280.2k
  0  1.24G   0 11.23M   0      0 234.5k      0 1:32:59   00:49 1:32:10 235.1k
  0  1.24G   0 11.56M   0      0 236.1k      0 1:32:22   00:50 1:31:32 234.3k
  0  1.24G   0 11.75M   0      0 234.1k      0 1:33:10   00:51 1:32:19 195.4k
  0  1.24G   0 11.78M   0      0 230.1k      0 1:34:45   00:52 1:33:53 136.4k
  0  1.24G   0 11.87M   0      0 227.6k      0 1:35:49   00:53 1:34:56 143.7k
  0  1.24G   0 12.03M   0      0 226.2k      0 1:36:25   00:54 1:35:31 150.5k
  0  1.24G   0 12.21M   0      0 225.5k      0 1:36:43   00:55 1:35:48 125.5k
  0  1.24G   0 12.43M   0      0 225.1k      0 1:36:51   00:56 1:35:55 136.1k
  0  1.24G   0 12.62M   0      0 224.5k      0 1:37:09   00:57 1:36:12 167.0k
  0  1.24G   0 12.76M   0      0 223.1k      0 1:37:45   00:58 1:36:47 176.5k
  1  1.24G   1 12.96M   0      0 222.8k      0 1:37:52   00:59 1:36:53 186.8k
  1  1.24G   1 13.10M   0      0 221.4k      0 1:38:28   01:00 1:37:28 178.0k
  1  1.24G   1 13.29M   0      0 219.8k      0 1:39:13   01:01 1:38:12 163.4k
  1  1.24G   1 13.49M   0      0 219.3k      0 1:39:25   01:03 1:38:22 164.7k
  1  1.24G   1 13.55M   0      0 216.9k      0 1:40:33   01:04 1:39:29 150.0k
  1  1.24G   1 13.70M   0      0 215.7k      0 1:41:04   01:05 1:39:59 138.4k
  1  1.24G   1 13.85M   0      0 214.6k      0 1:41:37   01:06 1:40:31 139.1k
  1  1.24G   1 14.02M   0      0 213.9k      0 1:41:56   01:07 1:40:49 144.3k
  1  1.24G   1 14.18M   0      0 211.6k      0 1:43:04   01:08 1:41:56 125.1k
  1  1.24G   1 14.26M   0      0 209.5k      0 1:44:05   01:09 1:42:56 126.7k
  1  1.24G   1 14.32M   0      0 207.4k      0 1:45:08   01:10 1:43:58 112.5k
  1  1.24G   1 14.42M   0      0 205.7k      0 1:45:59   01:11 1:44:48 102.4k
  1  1.24G   1 14.53M   0      0 204.4k      0 1:46:40   01:12 1:45:28  93858
  1  1.24G   1 14.64M   0      0 202.2k      0 1:47:49   01:14 1:46:35  87331
  1  1.24G   1 14.78M   0      0 201.4k      0 1:48:15   01:15 1:47:00 97.73k
  1  1.24G   1 14.89M   0      0 200.2k      0 1:48:56   01:16 1:47:40 106.0k
  1  1.24G   1 15.03M   0      0 199.4k      0 1:49:22   01:17 1:48:05 115.1k
  1  1.24G   1 15.18M   0      0 198.8k      0 1:49:40   01:18 1:48:22 123.5k
  1  1.24G   1 15.36M   0      0 198.5k      0 1:49:52   01:19 1:48:33 143.9k
  1  1.24G   1 15.46M   0      0 197.3k      0 1:50:30   01:20 1:49:10 137.1k
  1  1.24G   1 15.60M   0      0 196.5k      0 1:50:57   01:21 1:49:36 142.7k
  1  1.24G   1 15.76M   0      0 196.1k      0 1:51:13   01:22 1:49:51 146.3k
  1  1.24G   1 15.90M   0      0 195.4k      0 1:51:35   01:23 1:50:12 143.6k
  1  1.24G   1 16.06M   0      0 195.0k      0 1:51:50   01:24 1:50:26 140.6k
  1  1.24G   1 16.23M   0      0 194.7k      0 1:52:00   01:25 1:50:35 153.3k
  1  1.24G   1 16.43M   0      0 194.8k      0 1:51:56   01:26 1:50:30 167.2k
  1  1.24G   1 16.70M   0      0 195.6k      0 1:51:28   01:27 1:50:01 188.5k
  1  1.24G   1 17.07M   0      0 197.6k      0 1:50:20   01:28 1:48:52 233.1k
  1  1.24G   1 17.46M   0      0 199.8k      0 1:49:08   01:29 1:47:39 278.8k
  1  1.24G   1 17.83M   0      0 201.7k      0 1:48:08   01:30 1:46:38 315.6k
  1  1.24G   1 18.21M   0      0 203.6k      0 1:47:07   01:31 1:45:36 348.5k
  1  1.24G   1 18.52M   0      0 204.8k      0 1:46:29   01:32 1:44:57 358.4k
  1  1.24G   1 18.88M   0      0 206.4k      0 1:45:39   01:33 1:44:06 355.2k
  1  1.24G   1 19.25M   0      0 208.2k      0 1:44:43   01:34 1:43:09 353.8k
  1  1.24G   1 19.61M   0      0 209.8k      0 1:43:56   01:35 1:42:21 352.7k
  1  1.24G   1 19.89M   0      0 210.2k      0 1:43:43   01:36 1:42:07 324.9k
  1  1.24G   1 20.14M   0      0 210.4k      0 1:43:39   01:38 1:42:01 305.9k
  1  1.24G   1 20.39M   0      0 210.8k      0 1:43:26   01:39 1:41:47 288.2k
  1  1.24G   1 20.61M   0      0 210.9k      0 1:43:23   01:40 1:41:43 258.2k
  1  1.24G   1 20.86M   0      0 211.1k      0 1:43:17   01:41 1:41:36 234.5k
  1  1.24G   1 21.08M   0      0 211.2k      0 1:43:13   01:42 1:41:31 230.0k
  1  1.24G   1 21.28M   0      0 211.1k      0 1:43:18   01:43 1:41:35 224.5k
  1  1.24G   1 21.47M   0      0 210.9k      0 1:43:24   01:44 1:41:40 211.8k
  1  1.24G   1 21.70M   0      0 211.1k      0 1:43:16   01:45 1:41:31 215.4k
  1  1.24G   1 21.89M   0      0 210.8k      0 1:43:26   01:46 1:41:40 204.8k
  1  1.24G   1 22.15M   0      0 211.4k      0 1:43:09   01:47 1:41:22 214.2k
  1  1.24G   1 22.37M   0      0 211.4k      0 1:43:08   01:48 1:41:20 218.6k
  1  1.24G   1 22.62M   0      0 211.8k      0 1:42:57   01:49 1:41:08 230.5k
  1  1.24G   1 22.87M   0      0 212.1k      0 1:42:47   01:50 1:40:57 232.3k
  1  1.24G   1 23.04M   0      0 211.4k      0 1:43:08   01:51 1:41:17 223.9k
  1  1.24G   1 23.15M   0      0 210.5k      0 1:43:34   01:52 1:41:42 193.2k
  1  1.24G   1 23.31M   0      0 210.0k      0 1:43:50   01:53 1:41:57 180.3k
  1  1.24G   1 23.42M   0      0 209.1k      0 1:44:17   01:54 1:42:23 153.6k
  1  1.24G   1 23.54M   0      0 208.4k      0 1:44:39   01:55 1:42:44 129.6k
  1  1.24G   1 23.70M   0      0 207.5k      0 1:45:06   01:56 1:43:10 124.9k
  1  1.24G   1 23.79M   0      0 206.3k      0 1:45:42   01:58 1:43:44 119.3k
  1  1.24G   1 23.90M   0      0 205.3k      0 1:46:11   01:59 1:44:12 109.8k
  1  1.24G   1 24.00M   0      0 204.3k      0 1:46:43   02:00 1:44:43 106.1k
  1  1.24G   1 24.12M   0      0 203.7k      0 1:47:03   02:01 1:45:02 106.5k
  1  1.24G   1 24.26M   0      0 203.2k      0 1:47:19   02:02 1:45:17 108.7k
  1  1.24G   1 24.40M   0      0 202.7k      0 1:47:35   02:03 1:45:32 120.5k
  1  1.24G   1 24.57M   0      0 202.4k      0 1:47:44   02:04 1:45:40 134.1k
  1  1.24G   1 24.79M   0      0 202.5k      0 1:47:41   02:05 1:45:36 159.2k
  1  1.24G   1 24.98M   0      0 202.4k      0 1:47:45   02:06 1:45:39 171.0k
  1  1.24G   1 25.16M   0      0 202.2k      0 1:47:51   02:07 1:45:44 178.3k
  1  1.24G   1 25.40M   0      0 202.4k      0 1:47:45   02:08 1:45:37 194.8k
  2  1.24G   2 25.60M   0      0 202.4k      0 1:47:44   02:09 1:45:35 201.7k
  2  1.24G   2 25.82M   0      0 202.5k      0 1:47:40   02:10 1:45:30 203.3k
  2  1.24G   2 25.99M   0      0 202.2k      0 1:47:50   02:11 1:45:39 198.1k
  2  1.24G   2 26.15M   0      0 201.7k      0 1:48:07   02:12 1:45:55 189.6k
  2  1.24G   2 26.26M   0      0 201.0k      0 1:48:29   02:13 1:46:16 167.4k
  2  1.24G   2 26.40M   0      0 200.4k      0 1:48:47   02:14 1:46:33 153.0k
  2  1.24G   2 26.52M   0      0 199.8k      0 1:49:07   02:15 1:46:52 134.4k
  2  1.24G   2 26.65M   0      0 199.2k      0 1:49:29   02:16 1:47:13 124.7k
  2  1.24G   2 26.79M   0      0 198.7k      0 1:49:43   02:18 1:47:25 124.4k
  2  1.24G   2 26.94M   0      0 198.4k      0 1:49:53   02:19 1:47:34 133.3k
  2  1.24G   2 27.11M   0      0 198.3k      0 1:49:59   02:20 1:47:39 141.6k
  2  1.24G   2 27.30M   0      0 198.2k      0 1:50:00   02:21 1:47:39 155.1k
  2  1.24G   2 27.46M   0      0 197.8k      0 1:50:14   02:22 1:47:52 161.3k
  2  1.24G   2 27.64M   0      0 197.7k      0 1:50:17   02:23 1:47:54 170.9k
  2  1.24G   2 27.86M   0      0 197.9k      0 1:50:11   02:24 1:47:47 183.3k
  2  1.24G   2 28.08M   0      0 198.0k      0 1:50:07   02:25 1:47:42 191.8k
  2  1.24G   2 28.28M   0      0 198.1k      0 1:50:04   02:26 1:47:38 194.8k
  2  1.24G   2 28.53M   0      0 198.3k      0 1:49:59   02:27 1:47:32 211.0k
  2  1.24G   2 28.85M   0      0 199.1k      0 1:49:32   02:28 1:47:04 235.7k
  2  1.24G   2 29.25M   0      0 200.5k      0 1:48:46   02:29 1:46:17 272.3k
  2  1.24G   2 29.64M   0      0 201.7k      0 1:48:05   02:30 1:45:35 304.6k
  2  1.24G   2 30.20M   0      0 204.2k      0 1:46:48   02:31 1:44:17 373.0k
  2  1.24G   2 30.27M   0      0 203.3k      0 1:47:16   02:32 1:44:44 347.0k
  2  1.24G   2 30.44M   0      0 202.8k      0 1:47:30   02:33 1:44:57 308.4k
  2  1.24G   2 30.66M   0      0 202.9k      0 1:47:27   02:34 1:44:53 271.0k
  2  1.24G   2 30.97M   0      0 203.6k      0 1:47:04   02:35 1:44:29 257.7k
  2  1.24G   2 31.24M   0      0 204.1k      0 1:46:51   02:36 1:44:15 201.0k
  2  1.24G   2 31.55M   0      0 204.8k      0 1:46:28   02:37 1:43:51 249.2k
  2  1.24G   2 31.85M   0      0 205.4k      0 1:46:09   02:38 1:43:31 283.8k
  2  1.24G   2 32.17M   0      0 206.1k      0 1:45:48   02:39 1:43:09 302.1k
  2  1.24G   2 32.36M   0      0 206.0k      0 1:45:51   02:40 1:43:11 277.5k
  2  1.24G   2 32.55M   0      0 205.9k      0 1:45:54   02:41 1:43:13 262.1k
  2  1.24G   2 32.72M   0      0 205.6k      0 1:46:03   02:42 1:43:21 230.6k
  2  1.24G   2 32.86M   0      0 205.2k      0 1:46:15   02:43 1:43:32 198.9k
  2  1.24G   2 33.05M   0      0 205.1k      0 1:46:20   02:45 1:43:35 173.2k
  2  1.24G   2 33.25M   0      0 205.0k      0 1:46:23   02:46 1:43:37 173.2k
  2  1.24G   2 33.45M   0      0 204.9k      0 1:46:25   02:47 1:43:38 174.2k
  2  1.24G   2 33.61M   0      0 204.6k      0 1:46:35   02:48 1:43:47 172.5k
  2  1.24G   2 33.79M   0      0 204.4k      0 1:46:39   02:49 1:43:50 180.7k
  2  1.24G   2 33.98M   0      0 204.3k      0 1:46:43   02:50 1:43:53 181.4k
  2  1.24G   2 34.18M   0      0 204.3k      0 1:46:44   02:51 1:43:53 183.3k
  2  1.24G   2 34.39M   0      0 204.3k      0 1:46:44   02:52 1:43:52 184.9k
  2  1.24G   2 34.65M   0      0 204.7k      0 1:46:32   02:53 1:43:39 207.9k
  2  1.24G   2 34.92M   0      0 205.0k      0 1:46:22   02:54 1:43:28 223.6k
  2  1.24G   2 35.34M   0      0 206.3k      0 1:45:43   02:55 1:42:48 269.9k
  2  1.24G   2 35.95M   0      0 208.6k      0 1:44:32   02:56 1:41:36 353.4k
  2  1.24G   2 36.65M   0      0 211.3k      0 1:43:11   02:57 1:40:14 443.6k
  2  1.24G   2 37.33M   0      0 214.0k      0 1:41:53   02:58 1:38:55 520.3k
  2  1.24G   2 37.82M   0      0 215.4k      0 1:41:14   02:59 1:38:15 552.9k
  2  1.24G   2 38.25M   0      0 216.5k      0 1:40:44   03:00 1:37:44 541.3k
  3  1.24G   3 38.45M   0      0 216.4k      0 1:40:47   03:01 1:37:46 463.3k
  3  1.24G   3 38.77M   0      0 216.9k      0 1:40:31   03:02 1:37:29 400.8k
  3  1.24G   3 39.09M   0      0 217.5k      0 1:40:15   03:04 1:37:11 333.8k
  3  1.24G   3 39.37M   0      0 217.9k      0 1:40:05   03:05 1:37:00 301.3k
  3  1.24G   3 39.67M   0      0 218.3k      0 1:39:54   03:06 1:36:48 282.1k
  3  1.24G   3 39.98M   0      0 218.8k      0 1:39:39   03:07 1:36:32 305.9k
  3  1.24G   3 40.29M   0      0 219.3k      0 1:39:26   03:08 1:36:18 304.2k
  3  1.24G   3 40.61M   0      0 219.8k      0 1:39:12   03:09 1:36:03 303.0k
  3  1.24G   3 40.90M   0      0 220.2k      0 1:39:02   03:10 1:35:52 303.8k
  3  1.24G   3 41.12M   0      0 220.2k      0 1:39:02   03:11 1:35:51 288.9k
  3  1.24G   3 41.34M   0      0 220.2k      0 1:39:03   03:12 1:35:51 268.7k
  3  1.24G   3 41.54M   0      0 220.0k      0 1:39:06   03:13 1:35:53 245.8k
  3  1.24G   3 41.76M   0      0 220.0k      0 1:39:07   03:14 1:35:53 225.7k
  3  1.24G   3 42.01M   0      0 220.1k      0 1:39:04   03:15 1:35:49 217.8k
  3  1.24G   3 42.24M   0      0 220.2k      0 1:39:02   03:16 1:35:46 220.8k
  3  1.24G   3 42.52M   0      0 220.4k      0 1:38:55   03:17 1:35:38 230.3k
  3  1.24G   3 42.85M   0      0 220.9k      0 1:38:42   03:18 1:35:24 254.6k
  3  1.24G   3 43.23M   0      0 221.6k      0 1:38:23   03:19 1:35:04 282.0k
  3  1.24G   3 43.62M   0      0 222.5k      0 1:37:59   03:20 1:34:39 311.4k
  3  1.24G   3 44.04M   0      0 223.5k      0 1:37:33   03:21 1:34:12 347.3k
  3  1.24G   3 44.50M   0      0 224.8k      0 1:37:00   03:22 1:33:38 390.6k
  3  1.24G   3 44.82M   0      0 225.2k      0 1:36:49   03:23 1:33:26 390.0k
  3  1.24G   3 45.21M   0      0 226.0k      0 1:36:28   03:24 1:33:04 399.0k
  3  1.24G   3 45.63M   0      0 227.0k      0 1:36:04   03:25 1:32:39 401.9k
  3  1.24G   3 45.90M   0      0 226.5k      0 1:36:16   03:27 1:32:49 330.2k
  3  1.24G   3 46.07M   0      0 226.2k      0 1:36:25   03:28 1:32:57 273.8k
  3  1.24G   3 46.46M   0      0 226.9k      0 1:36:05   03:29 1:32:36 287.0k
  3  1.24G   3 46.90M   0      0 228.0k      0 1:35:38   03:30 1:32:08 296.6k
  3  1.24G   3 47.25M   0      0 228.6k      0 1:35:23   03:31 1:31:52 285.6k
  3  1.24G   3 47.72M   0      0 229.8k      0 1:34:54   03:32 1:31:22 360.5k
  3  1.24G   3 48.16M   0      0 230.8k      0 1:34:30   03:33 1:30:57 418.1k
  3  1.24G   3 48.66M   0      0 232.0k      0 1:34:00   03:34 1:30:26 437.2k
  3  1.24G   3 49.24M   0      0 233.6k      0 1:33:20   03:35 1:29:45 464.1k
  3  1.24G   3 49.78M   0      0 235.1k      0 1:32:45   03:36 1:29:09 503.1k
  3  1.24G   3 50.30M   0      0 236.4k      0 1:32:14   03:37 1:28:37 512.8k
  3  1.24G   3 50.75M   0      0 237.4k      0 1:31:50   03:38 1:28:12 514.9k
  4  1.24G   4 51.29M   0      0 238.7k      0 1:31:20   03:39 1:27:41 516.4k
  4  1.24G   4 51.81M   0      0 240.0k      0 1:30:51   03:40 1:27:11 503.5k
  4  1.24G   4 52.11M   0      0 240.0k      0 1:30:52   03:42 1:27:10 429.2k
  4  1.24G   4 52.53M   0      0 240.7k      0 1:30:35   03:43 1:26:52 409.1k
curl: (18) end of response with 1284743117 bytes missing
Attempt 1 exit code: 18
=== Attempt 2 at 19:36:10 ===
curl.exe : ** Resuming transfer from byte position 166492628
At line:9 char:3
+   curl.exe -C - --retry 3 --retry-delay 5 -L -o flakesync-artifact_la ...
+   ~~~~~~~~~~~~~~~~~~~~~~~~~~~~~~~~~~~~~~~~~~~~~~~~~~~~~~~~~~~~~~~~~~~
    + CategoryInfo          : NotSpecified: (** Resuming tra...ition 166492628:String) [], RemoteException
    + FullyQualifiedErrorId : NativeCommandError
 
  % Total    % Received % Xferd  Average Speed  Time    Time    Time   Current
                                 Dload  Upload  Total   Spent   Left   Speed

  0      0   0      0   0      0      0      0                              0
  0  1.19G   0 173.1k   0      0 99.49k      0 3:30:10   00:01 3:30:09 166.8k
  0  1.19G   0 508.5k   0      0 167.5k      0 2:04:47   00:03 2:04:44 218.0k
  0  1.19G   0 684.2k   0      0 163.6k      0 2:07:48   00:04 2:07:44 196.6k
  0  1.19G   0 700.1k   0      0 132.1k      0 2:38:11   00:05 2:38:06 152.4k
  0  1.19G   0 827.9k   0      0 127.5k      0 2:43:55   00:06 2:43:49 143.0k
  0  1.19G   0  1.13M   0      0 150.9k      0 2:18:30   00:07 2:18:23 166.0k
  0  1.19G   0  1.52M   0      0 178.4k      0 1:57:11   00:08 1:57:03 184.2k
  0  1.19G   0  1.96M   0      0 205.2k      0 1:41:51   00:09 1:41:42 236.3k
  0  1.19G   0  2.30M   0      0 218.8k      0 1:35:32   00:10 1:35:22 302.4k
  0  1.19G   0  2.61M   0      0 226.8k      0 1:32:11   00:11 1:32:00 347.7k
  0  1.19G   0  2.88M   0      0 229.7k      0 1:30:59   00:12 1:30:47 347.9k
  0  1.19G   0  3.16M   0      0 232.9k      0 1:29:45   00:13 1:29:32 325.6k
  0  1.19G   0  3.38M   0      0 231.6k      0 1:30:17   00:14 1:30:03 281.5k
  0  1.19G   0  3.67M   0      0 235.5k      0 1:28:47   00:15 1:28:32 270.0k
  0  1.19G   0  3.94M   0      0 237.5k      0 1:28:02   00:16 1:27:46 261.9k
  0  1.19G   0  4.25M   0      0 241.1k      0 1:26:43   00:18 1:26:25 268.9k
  0  1.19G   0  4.58M   0      0 246.0k      0 1:24:58   00:19 1:24:39 281.4k
  0  1.19G   0  4.84M   0      0 246.7k      0 1:24:43   00:20 1:24:23 290.7k
  0  1.19G   0  5.19M   0      0 251.7k      0 1:23:04   00:21 1:22:43 302.3k
  0  1.19G   0  5.61M   0      0 258.9k      0 1:20:45   00:22 1:20:23 329.0k
  0  1.19G   0  6.09M   0      0 268.3k      0 1:17:54   00:23 1:17:31 363.3k
  0  1.19G   0  6.48M   0      0 273.0k      0 1:16:34   00:24 1:16:10 371.2k
  0  1.19G   0  6.90M   0      0 279.2k      0 1:14:52   00:25 1:14:27 404.6k
  0  1.19G   0  7.35M   0      0 285.8k      0 1:13:08   00:26 1:12:42 423.4k
  0  1.19G   0  7.62M   0      0 284.3k      0 1:13:32   00:27 1:13:05 391.5k
  0  1.19G   0  7.87M   0      0 282.5k      0 1:14:00   00:28 1:13:32 345.0k
  0  1.19G   0  8.29M   0      0 287.4k      0 1:12:44   00:29 1:12:15 354.3k
  0  1.19G   0  8.69M   0      0 291.0k      0 1:11:50   00:30 1:11:20 347.4k
  0  1.19G   0  9.02M   0      0 291.4k      0 1:11:44   00:31 1:11:13 319.0k
  0  1.19G   0  9.12M   0      0 283.7k      0 1:13:41   00:32 1:13:09 280.7k
  0  1.19G   0  9.35M   0      0 282.0k      0 1:14:08   00:33 1:13:35 279.3k
  0  1.19G   0  9.68M   0      0 283.0k      0 1:13:52   00:35 1:13:17 259.4k
  0  1.19G   0 10.08M   0      0 286.7k      0 1:12:56   00:36 1:12:20 262.2k
  0  1.19G   0 10.27M   0      0 283.9k      0 1:13:37   00:37 1:13:00 239.5k
  0  1.19G   0 10.58M   0      0 284.6k      0 1:13:27   00:38 1:12:49 290.2k
  0  1.19G   0 10.94M   0      0 286.6k      0 1:12:56   00:39 1:12:17 317.2k
  0  1.19G   0 11.28M   0      0 287.8k      0 1:12:38   00:40 1:11:58 320.1k
  0  1.19G   0 11.59M   0      0 288.5k      0 1:12:28   00:41 1:11:47 301.3k
  0  1.19G   0 11.86M   0      0 287.3k      0 1:12:46   00:42 1:12:04 311.0k
  0  1.19G   0 12.05M   0      0 284.7k      0 1:13:25   00:43 1:12:42 285.8k
  1  1.19G   1 12.31M   0      0 284.0k      0 1:13:36   00:44 1:12:52 264.7k
  1  1.19G   1 12.58M   0      0 283.7k      0 1:13:42   00:45 1:12:57 252.2k
  1  1.19G   1 12.79M   0      0 282.3k      0 1:14:03   00:46 1:13:17 234.0k
  1  1.19G   1 13.06M   0      0 281.8k      0 1:14:11   00:47 1:13:24 237.0k
  1  1.19G   1 13.29M   0      0 279.9k      0 1:14:41   00:48 1:13:53 240.4k
  1  1.19G   1 13.56M   0      0 279.3k      0 1:14:51   00:49 1:14:02 239.8k
  1  1.19G   1 13.84M   0      0 279.1k      0 1:14:53   00:50 1:14:03 240.8k
  1  1.19G   1 14.06M   0      0 278.0k      0 1:15:11   00:51 1:14:20 240.9k
  1  1.19G   1 14.43M   0      0 279.9k      0 1:14:41   00:52 1:13:49 263.0k
  1  1.19G   1 14.84M   0      0 282.0k      0 1:14:08   00:53 1:13:15 301.6k
  1  1.19G   1 15.21M   0      0 283.8k      0 1:13:40   00:54 1:12:46 327.2k
  1  1.19G   1 15.51M   0      0 283.9k      0 1:13:38   00:55 1:12:43 330.9k
  1  1.19G   1 15.85M   0      0 285.1k      0 1:13:20   00:56 1:12:24 355.9k
  1  1.19G   1 16.26M   0      0 287.0k      0 1:12:50   00:58 1:11:52 359.6k
  1  1.19G   1 16.63M   0      0 288.4k      0 1:12:29   00:59 1:11:30 355.2k
  1  1.19G   1 16.74M   0      0 285.0k      0 1:13:22   01:00 1:12:22 297.2k
  1  1.19G   1 16.91M   0      0 282.3k      0 1:14:03   01:01 1:13:02 265.7k
  1  1.19G   1 17.29M   0      0 283.8k      0 1:13:39   01:02 1:12:37 270.8k
  1  1.19G   1 17.61M   0      0 283.8k      0 1:13:40   01:03 1:12:37 249.8k
  1  1.19G   1 17.96M   0      0 284.5k      0 1:13:28   01:04 1:12:24 243.3k
  1  1.19G   1 18.30M   0      0 285.1k      0 1:13:19   01:05 1:12:14 286.7k
  1  1.19G   1 18.53M   0      0 284.4k      0 1:13:31   01:06 1:12:25 307.9k
  1  1.19G   1 18.92M   0      0 285.9k      0 1:13:07   01:07 1:12:00 309.4k
  1  1.19G   1 19.27M   0      0 286.7k      0 1:12:55   01:08 1:11:47 321.9k
  1  1.19G   1 19.59M   0      0 286.8k      0 1:12:53   01:09 1:11:44 315.2k
  1  1.19G   1 19.89M   0      0 286.9k      0 1:12:51   01:10 1:11:41 310.0k
  1  1.19G   1 20.23M   0      0 287.8k      0 1:12:39   01:12 1:11:27 330.8k
  1  1.19G   1 20.58M   0      0 288.4k      0 1:12:30   01:13 1:11:17 320.1k
  1  1.19G   1 20.95M   0      0 289.5k      0 1:12:12   01:14 1:10:58 326.4k
  1  1.19G   1 21.29M   0      0 290.0k      0 1:12:06   01:15 1:10:51 331.3k
  1  1.19G   1 21.50M   0      0 288.8k      0 1:12:23   01:16 1:11:07 314.1k
  1  1.19G   1 21.81M   0      0 289.2k      0 1:12:18   01:17 1:11:01 308.2k
  1  1.19G   1 22.18M   0      0 290.3k      0 1:12:01   01:18 1:10:43 316.9k
  1  1.19G   1 22.48M   0      0 290.1k      0 1:12:04   01:19 1:10:45 298.1k
  1  1.19G   1 22.79M   0      0 290.4k      0 1:12:00   01:20 1:10:40 296.1k
  1  1.19G   1 23.15M   0      0 291.3k      0 1:11:46   01:21 1:10:25 327.8k
curl: (18) end of response with 1260359241 bytes missing
Attempt 2 exit code: 18
=== Attempt 3 at 19:37:41 ===
curl.exe : ** Resuming transfer from byte position 190876504
At line:9 char:3
+   curl.exe -C - --retry 3 --retry-delay 5 -L -o flakesync-artifact_la ...
+   ~~~~~~~~~~~~~~~~~~~~~~~~~~~~~~~~~~~~~~~~~~~~~~~~~~~~~~~~~~~~~~~~~~~
    + CategoryInfo          : NotSpecified: (** Resuming tra...ition 190876504:String) [], RemoteException
    + FullyQualifiedErrorId : NativeCommandError
 
  % Total    % Received % Xferd  Average Speed  Time    Time    Time   Current
                                 Dload  Upload  Total   Spent   Left   Speed

  0      0   0      0   0      0      0      0           00:01              0
  0  1.17G   0 193.9k   0      0  72765      0 4:48:40   00:02 4:48:38 175.9k
  0  1.17G   0 636.6k   0      0 142.2k      0 2:24:14   00:04 2:24:10 223.3k
  0  1.17G   0 668.6k   0      0 121.6k      0 2:48:41   00:05 2:48:36 172.6k
  0  1.17G   0 988.0k   0      0 151.6k      0 2:15:18   00:06 2:15:12 202.0k
  0  1.17G   0  1.35M   0      0 183.3k      0 1:51:52   00:07 1:51:45 233.5k
  0  1.17G   0  1.79M   0      0 212.2k      0 1:36:38   00:08 1:36:30 277.4k
  0  1.17G   0  2.14M   0      0 227.5k      0 1:30:08   00:09 1:29:59 301.0k
  0  1.17G   0  2.55M   0      0 244.4k      0 1:23:56   00:10 1:23:46 374.0k
  0  1.17G   0  2.94M   0      0 256.0k      0 1:20:06   00:11 1:19:55 385.4k
  0  1.17G   0  3.35M   0      0 266.7k      0 1:16:54   00:12 1:16:42 385.7k
  0  1.17G   0  3.78M   0      0 277.3k      0 1:13:57   00:13 1:13:44 382.6k
  0  1.17G   0  3.80M   0      0 258.1k      0 1:19:27   00:15 1:19:12 312.8k
  0  1.17G   0  4.19M   0      0 266.1k      0 1:17:05   00:16 1:16:49 308.8k
  0  1.17G   0  4.58M   0      0 271.7k      0 1:15:30   00:17 1:15:13 305.2k
  0  1.17G   0  4.95M   0      0 276.8k      0 1:14:05   00:18 1:13:47 300.6k
  0  1.17G   0  5.20M   0      0 274.3k      0 1:14:46   00:19 1:14:27 266.5k
  0  1.17G   0  5.61M   0      0 277.1k      0 1:14:00   00:20 1:13:40 327.9k
  0  1.17G   0  6.00M   0      0 282.5k      0 1:12:35   00:21 1:12:14 329.8k
  0  1.17G   0  6.12M   0      0 274.6k      0 1:14:40   00:22 1:14:18 283.9k
  0  1.17G   0  6.36M   0      0 272.7k      0 1:15:12   00:23 1:14:49 259.2k
  0  1.17G   0  6.56M   0      0 269.2k      0 1:16:11   00:24 1:15:47 251.3k
  0  1.17G   0  6.75M   0      0 265.9k      0 1:17:08   00:25 1:16:43 221.4k
  0  1.17G   0  7.03M   0      0 266.4k      0 1:16:58   00:27 1:16:31 200.0k
  0  1.17G   0  7.31M   0      0 266.7k      0 1:16:54   00:28 1:16:26 231.9k
  0  1.17G   0  7.59M   0      0 267.3k      0 1:16:44   00:29 1:16:15 242.2k
  0  1.17G   0  7.84M   0      0 265.9k      0 1:17:07   00:30 1:16:37 250.4k
  0  1.17G   0  8.02M   0      0 263.5k      0 1:17:49   00:31 1:17:18 251.9k
  0  1.17G   0  8.23M   0      0 261.6k      0 1:18:23   00:32 1:17:51 236.6k
  0  1.17G   0  8.38M   0      0 258.2k      0 1:19:25   00:33 1:18:52 212.3k
  0  1.17G   0  8.52M   0      0 254.5k      0 1:20:34   00:34 1:20:00 183.5k
  0  1.17G   0  8.69M   0      0 252.2k      0 1:21:19   00:35 1:20:44 171.3k
  0  1.17G   0  8.87M   0      0 249.8k      0 1:22:05   00:36 1:21:29 166.9k
  0  1.17G   0  9.04M   0      0 247.8k      0 1:22:45   00:37 1:22:08 161.5k
  0  1.17G   0  9.22M   0      0 246.3k      0 1:23:15   00:38 1:22:37 169.0k
  0  1.17G   0  9.44M   0      0 245.7k      0 1:23:28   00:39 1:22:49 185.8k
  0  1.17G   0  9.66M   0      0 245.1k      0 1:23:40   00:40 1:23:00 195.6k
  0  1.17G   0  9.91M   0      0 245.1k      0 1:23:41   00:41 1:23:00 211.0k
  0  1.17G   0 10.19M   0      0 246.0k      0 1:23:23   00:42 1:22:41 232.2k
  0  1.17G   0 10.50M   0      0 247.4k      0 1:22:54   00:43 1:22:11 255.0k
  0  1.17G   0 10.58M   0      0 243.0k      0 1:24:24   00:44 1:23:40 222.9k
  0  1.17G   0 10.67M   0      0 239.2k      0 1:25:45   00:45 1:25:00 194.2k
  0  1.17G   0 10.78M   0      0 236.4k      0 1:26:45   00:46 1:25:59 168.6k
  0  1.17G   0 10.92M   0      0 234.2k      0 1:27:33   00:47 1:26:46 140.8k
  0  1.17G   0 11.05M   0      0 232.0k      0 1:28:24   00:48 1:27:36 105.6k
  0  1.17G   0 11.19M   0      0 230.1k      0 1:29:08   00:49 1:28:19 119.5k
  0  1.17G   0 11.36M   0      0 228.5k      0 1:29:46   00:50 1:28:56 134.7k
  0  1.17G   0 11.59M   0      0 228.5k      0 1:29:45   00:51 1:28:54 158.1k
  0  1.17G   0 11.92M   0      0 230.0k      0 1:29:11   00:53 1:28:18 191.6k
  1  1.17G   1 12.41M   0      0 234.4k      0 1:27:30   00:54 1:26:36 255.8k
  1  1.17G   1 12.67M   0      0 234.9k      0 1:27:18   00:55 1:26:23 278.9k
  1  1.17G   1 12.94M   0      0 235.5k      0 1:27:06   00:56 1:26:10 302.3k
  1  1.17G   1 13.19M   0      0 235.6k      0 1:27:03   00:57 1:26:06 304.6k
  1  1.17G   1 13.44M   0      0 235.6k      0 1:27:03   00:58 1:26:05 292.0k
  1  1.17G   1 13.70M   0      0 236.0k      0 1:26:55   00:59 1:25:56 252.1k
  1  1.17G   1 13.98M   0      0 236.8k      0 1:26:36   01:00 1:25:36 257.0k
  1  1.17G   1 14.31M   0      0 238.1k      0 1:26:07   01:01 1:25:06 266.6k
  1  1.17G   1 14.73M   0      0 241.2k      0 1:25:01   01:02 1:23:59 303.0k
  1  1.17G   1 15.34M   0      0 247.1k      0 1:22:59   01:03 1:21:56 378.1k
  1  1.17G   1 15.57M   0      0 245.8k      0 1:23:25   01:04 1:22:21 354.5k
  1  1.17G   1 15.87M   0      0 246.6k      0 1:23:10   01:05 1:22:05 355.0k
  1  1.17G   1 16.16M   0      0 247.4k      0 1:22:54   01:06 1:21:48 352.9k
  1  1.17G   1 16.51M   0      0 248.8k      0 1:22:25   01:07 1:21:18 337.1k
  1  1.17G   1 16.66M   0      0 247.4k      0 1:22:53   01:08 1:21:45 250.9k
  1  1.17G   1 16.87M   0      0 246.8k      0 1:23:06   01:09 1:21:57 258.8k
  1  1.17G   1 17.15M   0      0 247.2k      0 1:22:58   01:11 1:21:47 254.8k
  1  1.17G   1 17.43M   0      0 247.6k      0 1:22:49   01:12 1:21:37 251.2k
  1  1.17G   1 17.71M   0      0 248.1k      0 1:22:40   01:13 1:21:27 238.4k
  1  1.17G   1 17.97M   0      0 248.3k      0 1:22:35   01:14 1:21:21 260.5k
  1  1.17G   1 18.24M   0      0 247.9k      0 1:22:44   01:15 1:21:29 262.0k
  1  1.17G   1 18.39M   0      0 246.5k      0 1:23:11   01:16 1:21:55 238.5k
  1  1.17G   1 18.58M   0      0 245.8k      0 1:23:26   01:17 1:22:09 221.1k
  1  1.17G   1 18.75M   0      0 244.7k      0 1:23:48   01:18 1:22:30 198.7k
  1  1.17G   1 18.89M   0      0 243.3k      0 1:24:17   01:19 1:22:58 174.5k
  1  1.17G   1 19.11M   0      0 243.0k      0 1:24:23   01:20 1:23:03 172.7k
  1  1.17G   1 19.33M   0      0 242.7k      0 1:24:30   01:21 1:23:09 185.7k
  1  1.17G   1 19.53M   0      0 242.2k      0 1:24:39   01:22 1:23:17 188.8k
  1  1.17G   1 19.74M   0      0 241.8k      0 1:24:48   01:23 1:23:25 197.5k
  1  1.17G   1 19.97M   0      0 241.8k      0 1:24:49   01:24 1:23:25 217.5k
  1  1.17G   1 20.31M   0      0 243.1k      0 1:24:23   01:25 1:22:58 243.5k
  1  1.17G   1 20.80M   0      0 246.0k      0 1:23:23   01:26 1:21:57 299.0k
  1  1.17G   1 21.64M   0      0 252.1k      0 1:21:21   01:27 1:19:54 405.4k
  1  1.17G   1 22.29M   0      0 256.8k      0 1:19:51   01:28 1:18:23 492.0k
  1  1.17G   1 22.74M   0      0 257.3k      0 1:19:42   01:30 1:18:12 478.9k
  1  1.17G   1 22.74M   0      0 254.5k      0 1:20:36   01:31 1:19:05 419.1k
  1  1.17G   1 22.74M   0      0 251.7k      0 1:21:29   01:32 1:19:57 334.8k
  1  1.17G   1 22.74M   0      0 249.0k      0 1:22:22   01:33 1:20:49 200.0k
  1  1.17G   1 22.75M   0      0 245.9k      0 1:23:23   01:34 1:21:49  81933
  1  1.17G   1 23.13M   0      0 246.8k      0 1:23:05   01:35 1:21:30  75262
  1  1.17G   1 23.74M   0      0 250.6k      0 1:21:51   01:37 1:20:14 185.9k
  2  1.17G   2 24.19M   0      0 252.7k      0 1:21:10   01:38 1:19:32 269.8k
  2  1.17G   2 24.66M   0      0 255.0k      0 1:20:26   01:39 1:18:47 357.0k
  2  1.17G   2 25.25M   0      0 258.5k      0 1:19:21   01:40 1:17:41 481.8k
  2  1.17G   2 25.81M   0      0 261.6k      0 1:18:24   01:41 1:16:43 540.6k
  2  1.17G   2 26.26M   0      0 263.3k      0 1:17:53   01:42 1:16:11 503.7k
  2  1.17G   2 26.71M   0      0 265.2k      0 1:17:20   01:43 1:15:37 505.0k
  2  1.17G   2 26.90M   0      0 264.3k      0 1:17:35   01:44 1:15:51 442.4k
  2  1.17G   2 27.20M   0      0 264.5k      0 1:17:32   01:45 1:15:47 378.6k
  2  1.17G   2 27.49M   0      0 264.7k      0 1:17:29   01:46 1:15:43 322.5k
  2  1.17G   2 27.70M   0      0 264.0k      0 1:17:41   01:47 1:15:54 277.1k
  2  1.17G   2 27.96M   0      0 264.0k      0 1:17:40   01:48 1:15:52 241.0k
  2  1.17G   2 28.26M   0      0 264.3k      0 1:17:35   01:49 1:15:46 264.3k
  2  1.17G   2 28.54M   0      0 264.5k      0 1:17:32   01:50 1:15:42 265.2k
  2  1.17G   2 28.82M   0      0 264.7k      0 1:17:29   01:51 1:15:38 265.5k
  2  1.17G   2 29.08M   0      0 264.7k      0 1:17:28   01:52 1:15:36 280.4k
  2  1.17G   2 29.44M   0      0 265.6k      0 1:17:13   01:53 1:15:20 298.9k
  2  1.17G   2 29.88M   0      0 267.0k      0 1:16:48   01:54 1:14:54 326.0k
  2  1.17G   2 30.24M   0      0 267.9k      0 1:16:34   01:55 1:14:39 339.8k
  2  1.17G   2 30.72M   0      0 269.7k      0 1:16:03   01:56 1:14:07 376.5k
  2  1.17G   2 31.14M   0      0 270.9k      0 1:15:43   01:57 1:13:46 403.4k
  2  1.17G   2 31.69M   0      0 273.1k      0 1:15:06   01:58 1:13:08 433.0k
  2  1.17G   2 32.05M   0      0 273.8k      0 1:14:54   01:59 1:12:55 419.9k
  2  1.17G   2 32.42M   0      0 274.6k      0 1:14:41   02:00 1:12:41 422.4k
  2  1.17G   2 32.75M   0      0 274.6k      0 1:14:41   02:02 1:12:39 380.0k
  2  1.17G   2 33.05M   0      0 274.8k      0 1:14:37   02:03 1:12:34 360.8k
  2  1.17G   2 33.33M   0      0 274.7k      0 1:14:40   02:04 1:12:36 310.2k
  2  1.17G   2 33.61M   0      0 274.7k      0 1:14:40   02:05 1:12:35 294.1k
  2  1.17G   2 33.93M   0      0 275.2k      0 1:14:32   02:06 1:12:26 287.1k
  2  1.17G   2 34.20M   0      0 275.1k      0 1:14:32   02:07 1:12:25 287.7k
  2  1.17G   2 34.51M   0      0 275.2k      0 1:14:30   02:08 1:12:22 285.4k
  2  1.17G   2 34.84M   0      0 275.7k      0 1:14:24   02:09 1:12:15 299.1k
  2  1.17G   2 35.20M   0      0 276.2k      0 1:14:15   02:10 1:12:05 313.7k
  2  1.17G   2 35.53M   0      0 276.6k      0 1:14:09   02:11 1:11:58 311.3k
  2  1.17G   2 35.93M   0      0 277.6k      0 1:13:53   02:12 1:11:41 337.3k
  3  1.17G   3 36.32M   0      0 278.4k      0 1:13:39   02:13 1:11:26 357.5k
  3  1.17G   3 36.65M   0      0 278.7k      0 1:13:36   02:14 1:11:22 352.3k
  3  1.17G   3 37.04M   0      0 279.4k      0 1:13:24   02:15 1:11:09 358.3k
  3  1.17G   3 37.06M   0      0 277.5k      0 1:13:53   02:16 1:11:37 301.5k
  3  1.17G   3 37.24M   0      0 276.6k      0 1:14:08   02:17 1:11:51 252.1k
  3  1.17G   3 37.71M   0      0 277.6k      0 1:13:52   02:19 1:11:33 257.9k
  3  1.17G   3 38.02M   0      0 277.8k      0 1:13:49   02:20 1:11:29 257.5k
  3  1.17G   3 38.40M   0      0 278.6k      0 1:13:37   02:21 1:11:16 257.3k
  3  1.17G   3 38.77M   0      0 279.1k      0 1:13:28   02:22 1:11:06 318.7k
  3  1.17G   3 39.02M   0      0 279.0k      0 1:13:31   02:23 1:11:08 338.9k
  3  1.17G   3 39.29M   0      0 278.9k      0 1:13:32   02:24 1:11:08 312.9k
  3  1.17G   3 39.52M   0      0 278.5k      0 1:13:38   02:25 1:11:13 297.9k
  3  1.17G   3 39.79M   0      0 278.5k      0 1:13:38   02:26 1:11:12 276.6k
  3  1.17G   3 40.10M   0      0 278.7k      0 1:13:36   02:27 1:11:09 265.6k
  3  1.17G   3 40.33M   0      0 278.3k      0 1:13:41   02:28 1:11:13 261.4k
  3  1.17G   3 40.70M   0      0 278.4k      0 1:13:40   02:29 1:11:11 265.3k
  3  1.17G   3 40.92M   0      0 278.0k      0 1:13:46   02:30 1:11:16 263.8k
  3  1.17G   3 41.18M   0      0 277.9k      0 1:13:47   02:31 1:11:16 262.8k
  3  1.17G   3 41.51M   0      0 278.3k      0 1:13:41   02:32 1:11:09 268.5k
  3  1.17G   3 41.78M   0      0 278.2k      0 1:13:42   02:33 1:11:09 275.4k
  3  1.17G   3 42.07M   0      0 278.4k      0 1:13:40   02:34 1:11:06 279.1k
  3  1.17G   3 42.42M   0      0 278.8k      0 1:13:34   02:35 1:10:59 300.8k
  3  1.17G   3 42.81M   0      0 279.5k      0 1:13:23   02:36 1:10:47 325.6k
  3  1.17G   3 43.30M   0      0 280.6k      0 1:13:06   02:38 1:10:28 345.9k
  3  1.17G   3 43.59M   0      0 280.5k      0 1:13:06   02:39 1:10:27 346.6k
  3  1.17G   3 43.93M   0      0 281.0k      0 1:12:59   02:40 1:10:19 355.6k
  3  1.17G   3 44.24M   0      0 281.2k      0 1:12:56   02:41 1:10:15 352.4k
  3  1.17G   3 44.58M   0      0 281.6k      0 1:12:50   02:42 1:10:08 343.4k
  3  1.17G   3 44.85M   0      0 281.5k      0 1:12:51   02:43 1:10:08 309.7k
  3  1.17G   3 45.13M   0      0 281.5k      0 1:12:51   02:44 1:10:07 312.1k
  3  1.17G   3 45.43M   0      0 281.6k      0 1:12:49   02:45 1:10:04 301.6k
  3  1.17G   3 45.78M   0      0 282.1k      0 1:12:41   02:46 1:09:55 312.7k
  3  1.17G   3 46.11M   0      0 282.3k      0 1:12:38   02:47 1:09:51 307.0k
  3  1.17G   3 46.45M   0      0 282.6k      0 1:12:34   02:48 1:09:46 317.2k
  3  1.17G   3 46.80M   0      0 282.9k      0 1:12:30   02:49 1:09:41 324.8k
  3  1.17G   3 47.11M   0      0 283.1k      0 1:12:27   02:50 1:09:37 328.8k
  3  1.17G   3 47.45M   0      0 283.1k      0 1:12:26   02:51 1:09:35 313.0k
  3  1.17G   3 47.80M   0      0 283.4k      0 1:12:22   02:52 1:09:30 316.2k
  4  1.17G   4 48.16M   0      0 283.9k      0 1:12:15   02:53 1:09:22 324.1k
  4  1.17G   4 48.53M   0      0 284.4k      0 1:12:06   02:54 1:09:12 334.0k
  4  1.17G   4 48.86M   0      0 284.7k      0 1:12:02   02:55 1:09:07 336.6k
  4  1.17G   4 49.14M   0      0 284.7k      0 1:12:03   02:56 1:09:07 336.1k
  4  1.17G   4 49.45M   0      0 284.5k      0 1:12:04   02:57 1:09:07 321.9k
  4  1.17G   4 49.68M   0      0 284.3k      0 1:12:09   02:58 1:09:11 297.3k
  4  1.17G   4 49.90M   0      0 283.9k      0 1:12:14   02:59 1:09:15 267.4k
  4  1.17G   4 50.12M   0      0 283.6k      0 1:12:19   03:00 1:09:19 246.5k
  4  1.17G   4 50.35M   0      0 283.2k      0 1:12:24   03:02 1:09:22 235.5k
  4  1.17G   4 50.56M   0      0 282.8k      0 1:12:31   03:03 1:09:28 222.2k
  4  1.17G   4 50.71M   0      0 282.0k      0 1:12:43   03:04 1:09:39 204.9k
  4  1.17G   4 50.87M   0      0 281.4k      0 1:12:53   03:05 1:09:48 192.7k
  4  1.17G   4 51.04M   0      0 280.7k      0 1:13:03   03:06 1:09:57 181.7k
  4  1.17G   4 51.21M   0      0 280.1k      0 1:13:13   03:07 1:10:06 170.4k
  4  1.17G   4 51.41M   0      0 279.6k      0 1:13:20   03:08 1:10:12 168.0k
  4  1.17G   4 51.59M   0      0 279.0k      0 1:13:29   03:09 1:10:20 172.5k
  4  1.17G   4 51.80M   0      0 278.7k      0 1:13:35   03:10 1:10:25 182.9k
  4  1.17G   4 52.01M   0      0 278.0k      0 1:13:46   03:11 1:10:35 183.4k
  4  1.17G   4 52.23M   0      0 277.6k      0 1:13:52   03:12 1:10:40 191.7k
  4  1.17G   4 52.38M   0      0 276.9k      0 1:14:04   03:13 1:10:51 182.6k
  4  1.17G   4 52.55M   0      0 276.3k      0 1:14:13   03:14 1:10:59 181.7k
  4  1.17G   4 52.72M   0      0 275.8k      0 1:14:22   03:15 1:11:07 174.4k
  4  1.17G   4 52.91M   0      0 275.3k      0 1:14:29   03:16 1:11:13 177.2k
  4  1.17G   4 53.11M   0      0 275.0k      0 1:14:35   03:17 1:11:18 175.7k
  4  1.17G   4 53.35M   0      0 274.7k      0 1:14:39   03:18 1:11:21 192.3k
  4  1.17G   4 53.50M   0      0 274.1k      0 1:14:49   03:19 1:11:30 189.3k
  4  1.17G   4 53.75M   0      0 274.0k      0 1:14:51   03:20 1:11:31 204.8k
  4  1.17G   4 54.02M   0      0 274.0k      0 1:14:51   03:21 1:11:30 221.4k
  4  1.17G   4 54.28M   0      0 273.9k      0 1:14:52   03:22 1:11:30 233.4k
  4  1.17G   4 54.56M   0      0 273.6k      0 1:14:57   03:24 1:11:33 232.3k
  4  1.17G   4 54.74M   0      0 273.1k      0 1:15:06   03:25 1:11:41 236.0k
  4  1.17G   4 54.89M   0      0 272.5k      0 1:15:15   03:26 1:11:49 218.3k
  4  1.17G   4 54.99M   0      0 271.7k      0 1:15:29   03:27 1:12:02 185.3k
  4  1.17G   4 55.16M   0      0 271.2k      0 1:15:37   03:28 1:12:09 167.6k
  4  1.17G   4 55.31M   0      0 270.6k      0 1:15:47   03:29 1:12:18 151.0k
  4  1.17G   4 55.50M   0      0 270.2k      0 1:15:54   03:30 1:12:24 152.8k
  4  1.17G   4 55.64M   0      0 269.5k      0 1:16:06   03:31 1:12:35 148.0k
  4  1.17G   4 55.84M   0      0 269.2k      0 1:16:11   03:32 1:12:39 169.5k
  4  1.17G   4 56.08M   0      0 269.0k      0 1:16:15   03:33 1:12:42 180.7k
  4  1.17G   4 56.42M   0      0 269.4k      0 1:16:08   03:34 1:12:34 218.4k
  4  1.17G   4 56.87M   0      0 270.2k      0 1:15:54   03:35 1:12:19 271.1k
  4  1.17G   4 57.42M   0      0 271.4k      0 1:15:33   03:36 1:11:57 351.5k
  4  1.17G   4 58.01M   0      0 273.0k      0 1:15:08   03:37 1:11:31 427.9k
  4  1.17G   4 58.68M   0      0 274.8k      0 1:14:37   03:38 1:10:59 516.9k
  4  1.17G   4 59.34M   0      0 276.6k      0 1:14:08   03:39 1:10:29 577.7k
  4  1.17G   4 59.90M   0      0 277.9k      0 1:13:48   03:40 1:10:08 595.7k
  5  1.17G   5 60.43M   0      0 279.0k      0 1:13:30   03:41 1:09:49 598.3k
  5  1.17G   5 60.85M   0      0 279.7k      0 1:13:19   03:42 1:09:37 562.5k
  5  1.17G   5 61.46M   0      0 281.2k      0 1:12:55   03:43 1:09:12 553.1k
  5  1.17G   5 61.94M   0      0 282.0k      0 1:12:43   03:44 1:08:59 510.3k
  5  1.17G   5 62.36M   0      0 282.7k      0 1:12:33   03:45 1:08:48 489.0k
  5  1.17G   5 62.80M   0      0 283.4k      0 1:12:22   03:46 1:08:36 471.3k
  5  1.17G   5 63.21M   0      0 284.0k      0 1:12:12   03:47 1:08:25 473.1k
  5  1.17G   5 63.54M   0      0 284.2k      0 1:12:09   03:48 1:08:21 414.6k
  5  1.17G   5 63.95M   0      0 284.7k      0 1:12:02   03:49 1:08:13 402.4k
  5  1.17G   5 64.40M   0      0 285.5k      0 1:11:50   03:50 1:08:00 409.7k
  5  1.17G   5 64.82M   0      0 286.1k      0 1:11:41   03:52 1:07:49 404.4k
  5  1.17G   5 65.27M   0      0 286.8k      0 1:11:31   03:53 1:07:38 408.5k
  5  1.17G   5 65.60M   0      0 287.0k      0 1:11:28   03:54 1:07:34 409.6k
  5  1.17G   5 66.08M   0      0 287.7k      0 1:11:17   03:55 1:07:22 417.8k
  5  1.17G   5 66.41M   0      0 287.8k      0 1:11:15   03:56 1:07:19 390.0k
  5  1.17G   5 66.77M   0      0 288.1k      0 1:11:11   03:57 1:07:14 378.1k
  5  1.17G   5 67.11M   0      0 288.4k      0 1:11:07   03:58 1:07:09 358.6k
  5  1.17G   5 67.47M   0      0 288.7k      0 1:11:02   03:59 1:07:03 365.7k
  5  1.17G   5 67.82M   0      0 288.9k      0 1:10:58   04:00 1:06:58 347.5k
  5  1.17G   5 68.13M   0      0 289.0k      0 1:10:57   04:01 1:06:56 346.1k
  5  1.17G   5 68.44M   0      0 289.1k      0 1:10:57   04:02 1:06:55 333.3k
  5  1.17G   5 68.72M   0      0 289.0k      0 1:10:58   04:03 1:06:55 316.9k
  5  1.17G   5 69.02M   0      0 289.0k      0 1:10:58   04:04 1:06:54 302.9k
  5  1.17G   5 69.37M   0      0 289.3k      0 1:10:54   04:05 1:06:49 303.9k
  5  1.17G   5 69.62M   0      0 289.1k      0 1:10:56   04:06 1:06:50 292.8k
  5  1.17G   5 69.95M   0      0 289.3k      0 1:10:53   04:07 1:06:46 299.1k
  5  1.17G   5 70.34M   0      0 289.7k      0 1:10:48   04:08 1:06:40 323.2k
  5  1.17G   5 70.73M   0      0 290.0k      0 1:10:42   04:09 1:06:33 339.0k
  5  1.17G   5 71.14M   0      0 290.5k      0 1:10:35   04:10 1:06:25 350.1k
  5  1.17G   5 71.50M   0      0 290.6k      0 1:10:34   04:11 1:06:23 360.6k
  5  1.17G   5 71.81M   0      0 290.7k      0 1:10:32   04:12 1:06:20 358.5k
  5  1.17G   5 72.03M   0      0 290.5k      0 1:10:36   04:13 1:06:23 326.6k
  6  1.17G   6 72.28M   0      0 290.3k      0 1:10:38   04:14 1:06:24 303.1k
  6  1.17G   6 72.57M   0      0 290.3k      0 1:10:38   04:15 1:06:23 280.8k
  6  1.17G   6 72.88M   0      0 290.4k      0 1:10:37   04:16 1:06:21 279.8k
  6  1.17G   6 73.20M   0      0 290.5k      0 1:10:36   04:17 1:06:19 279.4k
  6  1.17G   6 73.51M   0      0 290.6k      0 1:10:34   04:18 1:06:16 299.1k
  6  1.17G   6 73.77M   0      0 290.5k      0 1:10:35   04:19 1:06:16 302.1k
  6  1.17G   6 74.02M   0      0 290.3k      0 1:10:38   04:21 1:06:17 290.5k
  6  1.17G   6 74.24M   0      0 290.1k      0 1:10:42   04:22 1:06:20 272.0k
  6  1.17G   6 74.50M   0      0 290.0k      0 1:10:43   04:23 1:06:20 262.6k
  6  1.17G   6 74.75M   0      0 289.8k      0 1:10:46   04:24 1:06:22 249.5k
  6  1.17G   6 74.97M   0      0 289.6k      0 1:10:49   04:25 1:06:24 240.2k
  6  1.17G   6 75.24M   0      0 289.5k      0 1:10:51   04:26 1:06:25 244.9k
  6  1.17G   6 75.50M   0      0 289.4k      0 1:10:52   04:27 1:06:25 253.5k
  6  1.17G   6 75.71M   0      0 289.0k      0 1:10:58   04:28 1:06:30 238.3k
  6  1.17G   6 75.95M   0      0 288.6k      0 1:11:03   04:29 1:06:34 230.1k
  6  1.17G   6 76.20M   0      0 288.4k      0 1:11:06   04:30 1:06:36 232.9k
  6  1.17G   6 76.47M   0      0 288.3k      0 1:11:07   04:31 1:06:36 233.3k
  6  1.17G   6 76.75M   0      0 288.3k      0 1:11:07   04:32 1:06:35 237.6k
  6  1.17G   6 77.02M   0      0 288.2k      0 1:11:09   04:33 1:06:36 251.0k
  6  1.17G   6 77.29M   0      0 288.2k      0 1:11:10   04:34 1:06:36 264.4k
  6  1.17G   6 77.49M   0      0 287.9k      0 1:11:14   04:35 1:06:39 258.9k
  6  1.17G   6 77.75M   0      0 287.8k      0 1:11:15   04:36 1:06:39 259.2k
  6  1.17G   6 77.91M   0      0 287.2k      0 1:11:25   04:37 1:06:48 227.1k
  6  1.17G   6 77.93M   0      0 285.6k      0 1:11:49   04:39 1:07:10 160.1k
  6  1.17G   6 77.93M   0      0 284.5k      0 1:12:05   04:40 1:07:25 112.3k
  6  1.17G   6 77.96M   0      0 283.0k      0 1:12:27   04:42 1:07:45  76422
  6  1.17G   6 77.96M   0      0 282.0k      0 1:12:43   04:43 1:08:00  33152
  6  1.17G   6 77.99M   0      0 281.0k      0 1:13:00   04:44 1:08:16  12693
  6  1.17G   6 78.04M   0      0 280.1k      0 1:13:13   04:45 1:08:28  19656
  6  1.17G   6 78.07M   0      0 279.2k      0 1:13:27   04:46 1:08:41  25227
  6  1.17G   6 78.13M   0      0 278.5k      0 1:13:38   04:47 1:08:51  34339
  6  1.17G   6 78.18M   0      0 277.7k      0 1:13:51   04:48 1:09:03  43809
  6  1.17G   6 78.25M   0      0 277.0k      0 1:14:02   04:49 1:09:13  55094
  6  1.17G   6 78.35M   0      0 276.3k      0 1:14:13   04:50 1:09:23  64578
  6  1.17G   6 78.46M   0      0 275.7k      0 1:14:22   04:51 1:09:31  80667
  6  1.17G   6 78.66M   0      0 275.5k      0 1:14:27   04:52 1:09:35 106.2k
  6  1.17G   6 79.00M   0      0 275.7k      0 1:14:23   04:53 1:09:30 164.5k
  6  1.17G   6 79.58M   0      0 276.8k      0 1:14:06   04:54 1:09:12 264.0k
  6  1.17G   6 79.94M   0      0 276.8k      0 1:14:06   04:55 1:09:11 299.2k
  6  1.17G   6 80.17M   0      0 276.6k      0 1:14:09   04:56 1:09:13 321.5k
  6  1.17G   6 80.61M   0      0 277.1k      0 1:14:00   04:57 1:09:03 364.1k
  6  1.17G   6 81.06M   0      0 277.7k      0 1:13:51   04:58 1:08:53 382.7k
  6  1.17G   6 81.65M   0      0 278.8k      0 1:13:34   04:59 1:08:35 385.4k
  6  1.17G   6 82.11M   0      0 279.4k      0 1:13:25   05:00 1:08:25 426.9k
  6  1.17G   6 82.45M   0      0 279.6k      0 1:13:21   05:01 1:08:20 450.5k
  6  1.17G   6 82.90M   0      0 280.2k      0 1:13:12   05:02 1:08:10 457.1k
  6  1.17G   6 83.31M   0      0 280.6k      0 1:13:05   05:03 1:08:02 452.9k
  6  1.17G   6 83.70M   0      0 280.9k      0 1:13:00   05:05 1:07:55 408.6k
  7  1.17G   7 84.13M   0      0 281.4k      0 1:12:52   05:06 1:07:46 402.1k
  7  1.17G   7 84.55M   0      0 281.9k      0 1:12:45   05:07 1:07:38 418.9k
  7  1.17G   7 84.96M   0      0 282.3k      0 1:12:38   05:08 1:07:30 410.8k
  7  1.17G   7 85.37M   0      0 282.8k      0 1:12:32   05:09 1:07:23 410.6k
  7  1.17G   7 85.77M   0      0 283.1k      0 1:12:26   05:10 1:07:16 412.4k
  7  1.17G   7 86.22M   0      0 283.7k      0 1:12:17   05:11 1:07:06 420.9k
  7  1.17G   7 86.60M   0      0 284.0k      0 1:12:13   05:12 1:07:01 410.1k
  7  1.17G   7 87.03M   0      0 284.5k      0 1:12:05   05:13 1:06:52 416.0k
  7  1.17G   7 87.49M   0      0 284.9k      0 1:11:59   05:14 1:06:45 411.5k
  7  1.17G   7 87.63M   0      0 284.0k      0 1:12:12   05:15 1:06:57 334.1k
  7  1.17G   7 87.72M   0      0 282.6k      0 1:12:35   05:17 1:07:18 229.1k
  7  1.17G   7 87.72M   0      0 280.8k      0 1:13:01   05:19 1:07:42 151.4k
  7  1.17G   7 87.74M   0      0 279.9k      0 1:13:17   05:20 1:07:57  94937
  7  1.17G   7 87.75M   0      0 278.4k      0 1:13:40   05:22 1:08:18  33443
  7  1.17G   7 87.77M   0      0 276.7k      0 1:14:06   05:24 1:08:42  16647
  7  1.17G   7 87.80M   0      0 275.5k      0 1:14:26   05:26 1:09:00   9716
  7  1.17G   7 87.81M   0      0 274.5k      0 1:14:42   05:27 1:09:15  12707
  7  1.17G   7 87.84M   0      0 273.5k      0 1:14:59   05:28 1:09:31  14468
  7  1.17G   7 87.88M   0      0 272.5k      0 1:15:16   05:30 1:09:46  17493
  7  1.17G   7 87.91M   0      0 271.0k      0 1:15:40   05:32 1:10:08  19985
  7  1.17G   7 87.97M   0      0 270.2k      0 1:15:54   05:33 1:10:21  25401
  7  1.17G   7 88.05M   0      0 269.5k      0 1:16:05   05:34 1:10:31  35403
  7  1.17G   7 88.11M   0      0 268.8k      0 1:16:17   05:35 1:10:42  41666
  7  1.17G   7 88.22M   0      0 268.3k      0 1:16:26   05:36 1:10:50  55505
  7  1.17G   7 88.30M   0      0 267.7k      0 1:16:37   05:37 1:11:00  72305
  7  1.17G   7 88.41M   0      0 266.9k      0 1:16:51   05:39 1:11:12  78671
  7  1.17G   7 88.51M   0      0 266.4k      0 1:16:59   05:40 1:11:19  85135
  7  1.17G   7 88.58M   0      0 265.6k      0 1:17:13   05:41 1:11:32  83177
  7  1.17G   7 88.66M   0      0 265.0k      0 1:17:24   05:42 1:11:42  77490
  7  1.17G   7 88.72M   0      0 264.4k      0 1:17:34   05:43 1:11:51  75266
  7  1.17G   7 88.73M   0      0 263.6k      0 1:17:49   05:44 1:12:05  62073
  7  1.17G   7 88.87M   0      0 263.0k      0 1:17:59   05:46 1:12:13  64393
  7  1.17G   7 89.01M   0      0 262.6k      0 1:18:06   05:47 1:12:19  81274
  7  1.17G   7 89.15M   0      0 262.2k      0 1:18:12   05:48 1:12:24  94737
  7  1.17G   7 89.34M   0      0 261.9k      0 1:18:19   05:49 1:12:30 111.8k
  7  1.17G   7 89.54M   0      0 261.7k      0 1:18:22   05:50 1:12:32 147.1k
  7  1.17G   7 89.64M   0      0 261.0k      0 1:18:35   05:51 1:12:44 139.0k
  7  1.17G   7 89.76M   0      0 260.1k      0 1:18:50   05:53 1:12:57 122.9k
  7  1.17G   7 89.92M   0      0 259.3k      0 1:19:06   05:55 1:13:11 112.2k
  7  1.17G   7 90.12M   0      0 259.1k      0 1:19:09   05:56 1:13:13 117.4k
  7  1.17G   7 90.29M   0      0 258.9k      0 1:19:13   05:57 1:13:16 113.5k
  7  1.17G   7 90.45M   0      0 258.6k      0 1:19:18   05:58 1:13:20 128.6k
  7  1.17G   7 90.57M   0      0 258.2k      0 1:19:25   05:59 1:13:26 142.5k
  7  1.17G   7 90.73M   0      0 257.9k      0 1:19:31   06:00 1:13:31 162.3k
  7  1.17G   7 90.85M   0      0 257.5k      0 1:19:39   06:01 1:13:38 143.7k
  7  1.17G   7 90.93M   0      0 257.0k      0 1:19:49   06:02 1:13:47 125.4k
  7  1.17G   7 91.06M   0      0 256.5k      0 1:19:57   06:03 1:13:54 117.0k
  7  1.17G   7 91.10M   0      0 255.3k      0 1:20:19   06:05 1:14:14  90366
  7  1.17G   7 91.13M   0      0 254.7k      0 1:20:30   06:06 1:14:24  69415
  7  1.17G   7 91.13M   0      0 254.0k      0 1:20:44   06:07 1:14:37  49046
  7  1.17G   7 91.23M   0      0 253.6k      0 1:20:53   06:08 1:14:45  51415
  7  1.17G   7 91.31M   0      0 253.1k      0 1:21:02   06:09 1:14:53  44018
  7  1.17G   7 91.35M   0      0 252.5k      0 1:21:13   06:10 1:15:03  51060
  7  1.17G   7 91.37M   0      0 251.5k      0 1:21:33   06:11 1:15:22  43249
  7  1.17G   7 91.40M   0      0 250.8k      0 1:21:46   06:13 1:15:33  48156
  7  1.17G   7 91.42M   0      0 250.2k      0 1:21:59   06:14 1:15:45  34042
  7  1.17G   7 91.42M   0      0 249.5k      0 1:22:12   06:15 1:15:57  19876
  7  1.17G   7 91.42M   0      0 248.8k      0 1:22:25   06:16 1:16:09  11401
  7  1.17G   7 91.49M   0      0 248.3k      0 1:22:36   06:17 1:16:19  24680
  7  1.17G   7 91.57M   0      0 247.7k      0 1:22:48   06:18 1:16:30  33165
  7  1.17G   7 91.63M   0      0 246.8k      0 1:23:06   06:20 1:16:46  37935
  7  1.17G   7 91.82M   0      0 246.6k      0 1:23:10   06:21 1:16:49  69461
  7  1.17G   7 91.93M   0      0 246.2k      0 1:23:18   06:22 1:16:56  87729
  7  1.17G   7 91.95M   0      0 245.5k      0 1:23:31   06:23 1:17:08  77436
  7  1.17G   7 91.95M   0      0 244.9k      0 1:23:45   06:24 1:17:21  66455
  7  1.17G   7 92.09M   0      0 244.4k      0 1:23:54   06:25 1:17:29  84829
  7  1.17G   7 92.23M   0      0 244.0k      0 1:24:03   06:27 1:17:36  74182
  7  1.17G   7 92.24M   0      0 243.4k      0 1:24:16   06:28 1:17:48  57004
  7  1.17G   7 92.32M   0      0 243.0k      0 1:24:24   06:29 1:17:55  69537
  7  1.17G   7 92.37M   0      0 242.4k      0 1:24:35   06:30 1:18:05  78069
  7  1.17G   7 92.46M   0      0 242.0k      0 1:24:44   06:31 1:18:13  72725
  7  1.17G   7 92.57M   0      0 241.7k      0 1:24:51   06:32 1:18:19  69704
  7  1.17G   7 92.60M   0      0 241.1k      0 1:25:03   06:33 1:18:30  72978
  7  1.17G   7 92.69M   0      0 240.7k      0 1:25:12   06:34 1:18:38  74920
  7  1.17G   7 92.77M   0      0 240.1k      0 1:25:25   06:35 1:18:50  76761
  7  1.17G   7 92.96M   0      0 239.9k      0 1:25:29   06:36 1:18:53  93832
  7  1.17G   7 93.12M   0      0 239.6k      0 1:25:35   06:37 1:18:58 98.15k
  7  1.17G   7 93.15M   0      0 239.1k      0 1:25:47   06:38 1:19:09  99741
  7  1.17G   7 93.24M   0      0 238.6k      0 1:25:56   06:40 1:19:16  99809
  7  1.17G   7 93.33M   0      0 238.3k      0 1:26:04   06:41 1:19:23 105.2k
  7  1.17G   7 93.38M   0      0 237.8k      0 1:26:15   06:42 1:19:33  82582
  7  1.17G   7 93.46M   0      0 237.4k      0 1:26:23   06:43 1:19:40  68751
  7  1.17G   7 93.47M   0      0 236.8k      0 1:26:36   06:44 1:19:52  66459
  7  1.17G   7 93.47M   0      0 236.2k      0 1:26:49   06:45 1:20:04  48182
  7  1.17G   7 93.55M   0      0 235.8k      0 1:26:59   06:46 1:20:13  44305
  7  1.17G   7 93.61M   0      0 235.3k      0 1:27:09   06:47 1:20:22  46807
  7  1.17G   7 93.79M   0      0 235.1k      0 1:27:13   06:48 1:20:25  65360
  7  1.17G   7 93.96M   0      0 235.0k      0 1:27:16   06:49 1:20:27  95969
  7  1.17G   7 94.14M   0      0 234.9k      0 1:27:19   06:50 1:20:29 129.7k
  7  1.17G   7 94.19M   0      0 234.4k      0 1:27:30   06:51 1:20:39 124.9k
  7  1.17G   7 94.33M   0      0 234.1k      0 1:27:35   06:52 1:20:43 142.0k
  7  1.17G   7 94.50M   0      0 234.0k      0 1:27:39   06:53 1:20:46 141.8k
  7  1.17G   7 94.77M   0      0 234.1k      0 1:27:37   06:54 1:20:43 161.3k
  7  1.17G   7 94.88M   0      0 233.5k      0 1:27:50   06:56 1:20:54 132.0k
  7  1.17G   7 95.10M   0      0 232.9k      0 1:28:03   06:58 1:21:05 141.9k
  7  1.17G   7 95.20M   0      0 232.4k      0 1:28:13   06:59 1:21:14 130.6k
  7  1.17G   7 95.24M   0      0 232.0k      0 1:28:25   07:00 1:21:25 109.8k
  7  1.17G   7 95.31M   0      0 231.5k      0 1:28:35   07:01 1:21:34  81981
  7  1.17G   7 95.38M   0      0 231.1k      0 1:28:45   07:02 1:21:43  80577
  7  1.17G   7 95.42M   0      0 230.6k      0 1:28:56   07:03 1:21:53  60506
  7  1.17G   7 95.49M   0      0 230.2k      0 1:29:06   07:04 1:22:02  54693
  7  1.17G   7 95.52M   0      0 229.7k      0 1:29:17   07:05 1:22:12  54652
  7  1.17G   7 95.55M   0      0 229.2k      0 1:29:29   07:06 1:22:23  45964
  7  1.17G   7 95.59M   0      0 228.7k      0 1:29:39   07:07 1:22:32  43150
  7  1.17G   7 95.70M   0      0 228.5k      0 1:29:46   07:08 1:22:38  56423
  7  1.17G   7 95.77M   0      0 228.0k      0 1:29:57   07:10 1:22:47  54750
  7  1.17G   7 95.81M   0      0 227.5k      0 1:30:09   07:11 1:22:58  56764
  7  1.17G   7 95.89M   0      0 227.1k      0 1:30:18   07:12 1:23:06  66384
  7  1.17G   7 96.05M   0      0 226.9k      0 1:30:23   07:13 1:23:10  85681
  8  1.17G   8 96.19M   0      0 226.7k      0 1:30:28   07:14 1:23:14  91760
  8  1.17G   8 96.69M   0      0 227.0k      0 1:30:21   07:16 1:23:05 155.2k
  8  1.17G   8 96.95M   0      0 227.0k      0 1:30:19   07:17 1:23:02 195.3k
  8  1.17G   8 97.09M   0      0 226.8k      0 1:30:24   07:18 1:23:06 206.7k
  8  1.17G   8 97.37M   0      0 226.8k      0 1:30:26   07:19 1:23:07 217.6k
  8  1.17G   8 97.54M   0      0 226.6k      0 1:30:31   07:20 1:23:11 218.9k
  8  1.17G   8 97.59M   0      0 226.0k      0 1:30:44   07:22 1:23:22 155.8k
  8  1.17G   8 97.86M   0      0 226.1k      0 1:30:42   07:23 1:23:19 156.3k
  8  1.17G   8 98.04M   0      0 226.0k      0 1:30:46   07:24 1:23:22 161.3k
  8  1.17G   8 98.17M   0      0 225.7k      0 1:30:52   07:25 1:23:27 143.9k
  8  1.17G   8 98.26M   0      0 225.4k      0 1:31:00   07:26 1:23:34 129.8k
  8  1.17G   8 98.40M   0      0 225.1k      0 1:31:05   07:27 1:23:38 153.8k
  8  1.17G   8 98.50M   0      0 224.8k      0 1:31:13   07:28 1:23:45 120.5k
  8  1.17G   8 98.68M   0      0 224.7k      0 1:31:15   07:29 1:23:46 123.8k
  8  1.17G   8 98.89M   0      0 224.7k      0 1:31:16   07:30 1:23:46 139.5k
  8  1.17G   8 99.09M   0      0 224.6k      0 1:31:18   07:31 1:23:47 161.1k
  8  1.17G   8 99.35M   0      0 224.7k      0 1:31:16   07:32 1:23:44 187.5k
  8  1.17G   8 99.62M   0      0 224.7k      0 1:31:17   07:33 1:23:44 211.6k
  8  1.17G   8 99.76M   0      0 224.5k      0 1:31:22   07:35 1:23:47 200.3k
  8  1.17G   8 100.1M   0      0 224.7k      0 1:31:15   07:36 1:23:39 227.3k
  8  1.17G   8 100.2M   0      0 224.5k      0 1:31:20   07:37 1:23:43 219.6k
  8  1.17G   8 100.3M   0      0 224.0k      0 1:31:34   07:38 1:23:56 166.6k
  8  1.17G   8 100.4M   0      0 223.7k      0 1:31:40   07:39 1:24:01 148.0k
  8  1.17G   8 100.5M   0      0 223.4k      0 1:31:48   07:40 1:24:08 137.6k
  8  1.17G   8 100.5M   0      0 222.9k      0 1:32:00   07:41 1:24:19  85293
  8  1.17G   8 100.6M   0      0 222.6k      0 1:32:08   07:43 1:24:25  73765
  8  1.17G   8 100.7M   0      0 222.2k      0 1:32:17   07:44 1:24:33  80181
  8  1.17G   8 100.8M   0      0 221.9k      0 1:32:25   07:45 1:24:40  69167
  8  1.17G   8 100.9M   0      0 221.6k      0 1:32:32   07:46 1:24:46  74566
  8  1.17G   8 101.0M   0      0 221.4k      0 1:32:37   07:47 1:24:50  90909
  8  1.17G   8 101.2M   0      0 221.3k      0 1:32:39   07:48 1:24:51 111.1k
  8  1.17G   8 101.5M   0      0 221.6k      0 1:32:32   07:49 1:24:43 166.3k
  8  1.17G   8 102.1M   0      0 222.4k      0 1:32:14   07:50 1:24:24 264.9k
  8  1.17G   8 103.0M   0      0 223.8k      0 1:31:38   07:51 1:23:47 426.0k
  8  1.17G   8 103.5M   0      0 224.5k      0 1:31:22   07:52 1:23:30 498.5k
  8  1.17G   8 104.1M   0      0 225.2k      0 1:31:03   07:53 1:23:10 575.6k
  8  1.17G   8 104.7M   0      0 226.0k      0 1:30:44   07:54 1:22:50 623.0k
  8  1.17G   8 105.3M   0      0 226.8k      0 1:30:26   07:55 1:22:31 627.8k
  8  1.17G   8 105.8M   0      0 227.3k      0 1:30:14   07:56 1:22:18 529.2k
  8  1.17G   8 106.1M   0      0 227.6k      0 1:30:06   07:57 1:22:09 509.6k
  8  1.17G   8 106.4M   0      0 227.7k      0 1:30:04   07:58 1:22:06 443.1k
  8  1.17G   8 106.7M   0      0 227.8k      0 1:30:00   07:59 1:22:01 389.1k
  8  1.17G   8 107.0M   0      0 228.0k      0 1:29:57   08:00 1:21:57 334.1k
  8  1.17G   8 107.3M   0      0 228.2k      0 1:29:53   08:01 1:21:52 310.7k
  8  1.17G   8 107.7M   0      0 228.4k      0 1:29:48   08:02 1:21:46 296.9k
  8  1.17G   8 108.1M   0      0 228.7k      0 1:29:40   08:04 1:21:36 322.6k
  9  1.17G   9 108.7M   0      0 229.5k      0 1:29:22   08:05 1:21:17 376.0k
  9  1.17G   9 109.1M   0      0 229.7k      0 1:29:16   08:06 1:21:10 385.9k
  9  1.17G   9 109.5M   0      0 229.9k      0 1:29:11   08:07 1:21:04 378.5k
  9  1.17G   9 109.8M   0      0 230.1k      0 1:29:08   08:08 1:21:00 377.2k
  9  1.17G   9 110.0M   0      0 230.1k      0 1:29:08   08:09 1:20:59 349.1k
  9  1.17G   9 110.2M   0      0 230.1k      0 1:29:07   08:10 1:20:57 285.8k
  9  1.17G   9 110.5M   0      0 230.2k      0 1:29:06   08:11 1:20:55 267.5k
  9  1.17G   9 110.7M   0      0 230.1k      0 1:29:08   08:12 1:20:56 244.2k
  9  1.17G   9 110.9M   0      0 230.1k      0 1:29:08   08:13 1:20:55 229.8k
  9  1.17G   9 111.1M   0      0 230.0k      0 1:29:10   08:14 1:20:56 222.6k
  9  1.17G   9 111.4M   0      0 230.0k      0 1:29:09   08:15 1:20:54 221.2k
  9  1.17G   9 111.6M   0      0 230.1k      0 1:29:07   08:16 1:20:51 224.3k
  9  1.17G   9 111.9M   0      0 230.2k      0 1:29:06   08:17 1:20:49 238.0k
  9  1.17G   9 112.2M   0      0 230.2k      0 1:29:05   08:19 1:20:46 242.9k
  9  1.17G   9 112.4M   0      0 230.2k      0 1:29:05   08:20 1:20:45 247.9k
  9  1.17G   9 112.7M   0      0 230.3k      0 1:29:02   08:21 1:20:41 259.0k
  9  1.17G   9 113.0M   0      0 230.5k      0 1:28:57   08:22 1:20:35 270.9k
  9  1.17G   9 113.3M   0      0 230.6k      0 1:28:55   08:23 1:20:32 276.2k
  9  1.17G   9 113.6M   0      0 230.8k      0 1:28:51   08:24 1:20:27 289.4k
  9  1.17G   9 113.9M   0      0 231.0k      0 1:28:47   08:25 1:20:22 308.8k
  9  1.17G   9 114.3M   0      0 231.2k      0 1:28:42   08:26 1:20:16 316.8k
  9  1.17G   9 114.7M   0      0 231.5k      0 1:28:35   08:27 1:20:08 326.2k
  9  1.17G   9 115.0M   0      0 231.7k      0 1:28:30   08:28 1:20:02 339.2k
  9  1.17G   9 115.4M   0      0 232.1k      0 1:28:22   08:29 1:19:53 358.9k
  9  1.17G   9 115.7M   0      0 232.2k      0 1:28:18   08:30 1:19:48 356.0k
  9  1.17G   9 116.1M   0      0 232.6k      0 1:28:11   08:31 1:19:40 367.2k
  9  1.17G   9 116.3M   0      0 232.5k      0 1:28:12   08:32 1:19:40 333.1k
  9  1.17G   9 116.6M   0      0 232.6k      0 1:28:09   08:33 1:19:36 319.6k
  9  1.17G   9 116.9M   0      0 232.6k      0 1:28:09   08:34 1:19:35 284.8k
  9  1.17G   9 117.1M   0      0 232.7k      0 1:28:08   08:35 1:19:33 273.8k
  9  1.17G   9 117.3M   0      0 232.5k      0 1:28:11   08:36 1:19:35 231.7k
  9  1.17G   9 117.5M   0      0 232.5k      0 1:28:12   08:37 1:19:35 233.3k
  9  1.17G   9 117.7M   0      0 232.4k      0 1:28:15   08:38 1:19:37 210.0k
  9  1.17G   9 117.9M   0      0 232.3k      0 1:28:16   08:39 1:19:37 203.7k
  9  1.17G   9 118.2M   0      0 232.3k      0 1:28:16   08:40 1:19:36 200.7k
  9  1.17G   9 118.4M   0      0 232.3k      0 1:28:17   08:41 1:19:36 206.7k
  9  1.17G   9 118.6M   0      0 232.3k      0 1:28:17   08:42 1:19:35 207.3k
  9  1.17G   9 118.8M   0      0 232.1k      0 1:28:21   08:44 1:19:37 205.2k
  9  1.17G   9 119.0M   0      0 232.1k      0 1:28:22   08:45 1:19:37 206.3k
  9  1.17G   9 119.2M   0      0 232.0k      0 1:28:24   08:46 1:19:38 198.1k
  9  1.17G   9 119.4M   0      0 231.9k      0 1:28:25   08:47 1:19:38 197.0k
  9  1.17G   9 119.6M   0      0 231.9k      0 1:28:26   08:48 1:19:38 194.8k
  9  1.17G   9 119.9M   0      0 231.9k      0 1:28:26   08:49 1:19:37 209.0k
  9  1.17G   9 120.1M   0      0 231.8k      0 1:28:28   08:50 1:19:38 205.0k
 10  1.17G  10 120.3M   0      0 231.8k      0 1:28:29   08:51 1:19:38 211.1k
 10  1.17G  10 120.4M   0      0 231.6k      0 1:28:33   08:52 1:19:41 199.7k
 10  1.17G  10 120.7M   0      0 231.6k      0 1:28:32   08:53 1:19:39 205.0k
 10  1.17G  10 120.9M   0      0 231.6k      0 1:28:32   08:54 1:19:38 205.1k
 10  1.17G  10 121.1M   0      0 231.7k      0 1:28:31   08:55 1:19:36 217.7k
 10  1.17G  10 121.4M   0      0 231.6k      0 1:28:32   08:56 1:19:36 217.4k
 10  1.17G  10 121.5M   0      0 231.5k      0 1:28:35   08:57 1:19:38 219.9k
 10  1.17G  10 121.8M   0      0 231.5k      0 1:28:36   08:58 1:19:38 217.3k
 10  1.17G  10 122.0M   0      0 231.5k      0 1:28:35   08:59 1:19:36 218.5k
 10  1.17G  10 122.3M   0      0 231.5k      0 1:28:34   09:00 1:19:34 218.7k
 10  1.17G  10 122.5M   0      0 231.6k      0 1:28:34   09:01 1:19:33 222.9k
 10  1.17G  10 122.8M   0      0 231.6k      0 1:28:32   09:03 1:19:29 244.5k
 10  1.17G  10 123.1M   0      0 231.6k      0 1:28:32   09:04 1:19:28 246.0k
 10  1.17G  10 123.3M   0      0 231.6k      0 1:28:33   09:05 1:19:28 240.6k
 10  1.17G  10 123.5M   0      0 231.6k      0 1:28:34   09:06 1:19:28 234.5k
 10  1.17G  10 123.7M   0      0 231.6k      0 1:28:33   09:07 1:19:26 232.8k
 10  1.17G  10 123.9M   0      0 231.1k      0 1:28:44   09:08 1:19:36 184.3k
 10  1.17G  10 123.9M   0      0 230.7k      0 1:28:53   09:09 1:19:44 142.7k
 10  1.17G  10 124.0M   0      0 230.5k      0 1:28:59   09:10 1:19:49 123.5k
 10  1.17G  10 124.2M   0      0 230.5k      0 1:28:59   09:12 1:19:47 128.7k
 10  1.17G  10 124.5M   0      0 230.6k      0 1:28:56   09:13 1:19:43 137.9k
 10  1.17G  10 124.8M   0      0 230.7k      0 1:28:54   09:14 1:19:40 184.6k
 10  1.17G  10 125.2M   0      0 231.0k      0 1:28:47   09:15 1:19:32 257.5k
 10  1.17G  10 125.6M   0      0 231.3k      0 1:28:40   09:16 1:19:24 317.3k
 10  1.17G  10 126.1M   0      0 231.7k      0 1:28:31   09:17 1:19:14 354.9k
 10  1.17G  10 126.5M   0      0 232.0k      0 1:28:23   09:18 1:19:05 383.5k
 10  1.17G  10 126.9M   0      0 232.4k      0 1:28:15   09:19 1:18:56 416.5k
 10  1.17G  10 127.2M   0      0 232.4k      0 1:28:15   09:20 1:18:55 382.1k
 10  1.17G  10 127.7M   0      0 232.8k      0 1:28:05   09:21 1:18:44 393.1k
 10  1.17G  10 128.0M   0      0 233.0k      0 1:28:01   09:22 1:18:39 372.3k
 10  1.17G  10 128.3M   0      0 233.2k      0 1:27:57   09:23 1:18:34 352.1k
 10  1.17G  10 128.7M   0      0 233.4k      0 1:27:53   09:24 1:18:29 335.5k
 10  1.17G  10 129.0M   0      0 233.5k      0 1:27:51   09:25 1:18:26 346.2k
 10  1.17G  10 129.3M   0      0 233.6k      0 1:27:47   09:26 1:18:21 317.7k
 10  1.17G  10 129.5M   0      0 233.6k      0 1:27:47   09:27 1:18:20 303.5k
 10  1.17G  10 129.8M   0      0 233.7k      0 1:27:46   09:28 1:18:18 287.1k
 10  1.17G  10 130.1M   0      0 233.8k      0 1:27:44   09:29 1:18:15 276.5k
 10  1.17G  10 130.4M   0      0 233.8k      0 1:27:42   09:30 1:18:12 275.5k
 10  1.17G  10 130.6M   0      0 233.9k      0 1:27:40   09:31 1:18:09 268.2k
 10  1.17G  10 130.9M   0      0 234.1k      0 1:27:37   09:33 1:18:04 280.5k
 10  1.17G  10 131.3M   0      0 234.2k      0 1:27:34   09:34 1:18:00 288.5k
 10  1.17G  10 131.6M   0      0 234.2k      0 1:27:34   09:35 1:17:59 280.5k
 10  1.17G  10 131.8M   0      0 234.2k      0 1:27:33   09:36 1:17:57 275.1k
 10  1.17G  10 132.1M   0      0 234.3k      0 1:27:33   09:37 1:17:56 270.1k
 11  1.17G  11 132.2M   0      0 234.1k      0 1:27:37   09:38 1:17:59 235.4k
 11  1.17G  11 132.4M   0      0 234.0k      0 1:27:38   09:39 1:17:59 214.1k
 11  1.17G  11 132.6M   0      0 233.9k      0 1:27:40   09:40 1:18:00 204.4k
 11  1.17G  11 132.9M   0      0 234.0k      0 1:27:38   09:41 1:17:57 212.6k
 11  1.17G  11 133.2M   0      0 234.0k      0 1:27:38   09:42 1:17:56 209.7k
 11  1.17G  11 133.4M   0      0 234.0k      0 1:27:37   09:43 1:17:54 231.5k
 11  1.17G  11 133.7M   0      0 234.1k      0 1:27:36   09:44 1:17:52 244.5k
 11  1.17G  11 134.0M   0      0 234.0k      0 1:27:37   09:46 1:17:51 245.0k
 11  1.17G  11 134.2M   0      0 234.0k      0 1:27:37   09:47 1:17:50 235.7k
 11  1.17G  11 134.3M   0      0 233.9k      0 1:27:40   09:48 1:17:52 221.3k
 11  1.17G  11 134.5M   0      0 233.8k      0 1:27:42   09:49 1:17:53 210.1k
 11  1.17G  11 134.7M   0      0 233.7k      0 1:27:44   09:50 1:17:54 196.6k
 11  1.17G  11 134.9M   0      0 233.6k      0 1:27:47   09:51 1:17:56 183.9k
 11  1.17G  11 135.1M   0      0 233.5k      0 1:27:49   09:52 1:17:57 174.3k
 11  1.17G  11 135.2M   0      0 233.3k      0 1:27:54   09:53 1:18:01 164.4k
 11  1.17G  11 135.4M   0      0 233.2k      0 1:27:56   09:54 1:18:02 165.0k
 11  1.17G  11 135.5M   0      0 233.1k      0 1:27:58   09:55 1:18:03 163.7k
 11  1.17G  11 135.8M   0      0 233.1k      0 1:27:59   09:56 1:18:03 173.8k
 11  1.17G  11 135.9M   0      0 233.0k      0 1:28:02   09:57 1:18:05 168.2k
 11  1.17G  11 136.1M   0      0 232.9k      0 1:28:04   09:58 1:18:06 180.8k
 11  1.17G  11 136.3M   0      0 232.8k      0 1:28:05   09:59 1:18:06 183.4k
 11  1.17G  11 136.5M   0      0 232.7k      0 1:28:07   10:00 1:18:07 186.9k
 11  1.17G  11 136.7M   0      0 232.7k      0 1:28:08   10:01 1:18:07 184.0k
 11  1.17G  11 137.0M   0      0 232.7k      0 1:28:09   10:02 1:18:07 197.8k
 11  1.17G  11 137.2M   0      0 232.6k      0 1:28:10   10:03 1:18:07 204.2k
 11  1.17G  11 137.4M   0      0 232.6k      0 1:28:09   10:04 1:18:05 214.0k
 11  1.17G  11 137.7M   0      0 232.6k      0 1:28:11   10:06 1:18:05 213.7k
 11  1.17G  11 137.9M   0      0 232.6k      0 1:28:11   10:07 1:18:04 222.3k
 11  1.17G  11 138.2M   0      0 232.6k      0 1:28:09   10:08 1:18:01 231.0k
 11  1.17G  11 138.4M   0      0 232.7k      0 1:28:08   10:09 1:17:59 241.8k
 11  1.17G  11 138.7M   0      0 232.6k      0 1:28:09   10:10 1:17:59 231.9k
 11  1.17G  11 138.9M   0      0 232.6k      0 1:28:09   10:11 1:17:58 242.0k
 11  1.17G  11 139.1M   0      0 232.4k      0 1:28:13   10:12 1:18:01 218.8k
 11  1.17G  11 139.3M   0      0 232.4k      0 1:28:15   10:13 1:18:02 204.4k
 11  1.17G  11 139.5M   0      0 232.3k      0 1:28:17   10:14 1:18:03 187.8k
 11  1.17G  11 139.7M   0      0 232.2k      0 1:28:19   10:15 1:18:04 182.6k
 11  1.17G  11 139.9M   0      0 232.1k      0 1:28:21   10:17 1:18:04 172.0k
 11  1.17G  11 140.1M   0      0 232.0k      0 1:28:23   10:18 1:18:05 184.4k
 11  1.17G  11 140.3M   0      0 232.1k      0 1:28:21   10:19 1:18:02 201.8k
 11  1.17G  11 140.6M   0      0 232.2k      0 1:28:18   10:20 1:17:58 226.5k
 11  1.17G  11 141.1M   0      0 232.7k      0 1:28:08   10:21 1:17:47 294.2k
 11  1.17G  11 141.7M   0      0 233.2k      0 1:27:57   10:22 1:17:35 357.7k
 11  1.17G  11 142.2M   0      0 233.6k      0 1:27:48   10:23 1:17:25 417.0k
 11  1.17G  11 142.6M   0      0 233.8k      0 1:27:42   10:24 1:17:18 438.9k
 11  1.17G  11 142.9M   0      0 234.0k      0 1:27:37   10:25 1:17:12 451.2k
 11  1.17G  11 143.2M   0      0 233.8k      0 1:27:42   10:27 1:17:15 350.5k
 11  1.17G  11 143.2M   0      0 233.5k      0 1:27:51   10:28 1:17:23 263.4k
 11  1.17G  11 143.3M   0      0 233.1k      0 1:27:58   10:29 1:17:29 186.1k
 11  1.17G  11 143.5M   0      0 233.1k      0 1:27:58   10:30 1:17:28 159.2k
 11  1.17G  11 143.8M   0      0 233.1k      0 1:27:59   10:31 1:17:28 138.5k
 11  1.17G  11 144.0M   0      0 233.1k      0 1:27:59   10:32 1:17:27 149.4k
 12  1.17G  12 144.2M   0      0 233.0k      0 1:28:00   10:33 1:17:27 183.7k
 12  1.17G  12 144.4M   0      0 233.0k      0 1:28:01   10:34 1:17:27 215.8k
 12  1.17G  12 144.6M   0      0 233.0k      0 1:28:02   10:35 1:17:27 214.7k
 12  1.17G  12 144.9M   0      0 233.0k      0 1:28:02   10:36 1:17:26 215.0k
 12  1.17G  12 145.1M   0      0 232.9k      0 1:28:02   10:37 1:17:25 214.9k
 12  1.17G  12 145.4M   0      0 233.0k      0 1:28:01   10:38 1:17:23 229.6k
 12  1.17G  12 145.8M   0      0 233.2k      0 1:27:56   10:40 1:17:16 261.7k
 12  1.17G  12 146.0M   0      0 233.2k      0 1:27:55   10:41 1:17:14 268.3k
 12  1.17G  12 146.4M   0      0 233.4k      0 1:27:51   10:42 1:17:09 291.5k
 12  1.17G  12 146.7M   0      0 233.5k      0 1:27:48   10:43 1:17:05 307.4k
 12  1.17G  12 147.0M   0      0 233.6k      0 1:27:46   10:44 1:17:02 312.4k
 12  1.17G  12 147.3M   0      0 233.8k      0 1:27:43   10:45 1:16:58 301.4k
 12  1.17G  12 147.5M   0      0 233.7k      0 1:27:45   10:46 1:16:59 290.2k
 12  1.17G  12 147.8M   0      0 233.8k      0 1:27:44   10:47 1:16:57 273.5k
 12  1.17G  12 148.1M   0      0 233.9k      0 1:27:41   10:48 1:16:53 273.2k
 12  1.17G  12 148.4M   0      0 234.0k      0 1:27:39   10:49 1:16:50 274.4k
 12  1.17G  12 148.7M   0      0 234.1k      0 1:27:37   10:50 1:16:47 269.1k
 12  1.17G  12 149.1M   0      0 234.2k      0 1:27:34   10:51 1:16:43 292.7k
 12  1.17G  12 149.4M   0      0 234.3k      0 1:27:31   10:52 1:16:39 300.2k
 12  1.17G  12 149.7M   0      0 234.5k      0 1:27:28   10:54 1:16:34 305.4k
 12  1.17G  12 150.1M   0      0 234.7k      0 1:27:23   10:55 1:16:28 315.9k
 12  1.17G  12 150.5M   0      0 234.9k      0 1:27:19   10:56 1:16:23 330.5k
 12  1.17G  12 150.8M   0      0 235.0k      0 1:27:16   10:57 1:16:19 330.6k
 12  1.17G  12 151.1M   0      0 235.1k      0 1:27:15   10:58 1:16:17 327.0k
 12  1.17G  12 151.4M   0      0 235.2k      0 1:27:12   10:59 1:16:13 321.2k
 12  1.17G  12 151.7M   0      0 235.3k      0 1:27:10   11:00 1:16:10 310.3k
 12  1.17G  12 152.0M   0      0 235.4k      0 1:27:08   11:01 1:16:07 297.9k
 12  1.17G  12 152.3M   0      0 235.4k      0 1:27:07   11:02 1:16:05 286.9k
 12  1.17G  12 152.5M   0      0 235.4k      0 1:27:06   11:03 1:16:03 284.6k
 12  1.17G  12 152.8M   0      0 235.4k      0 1:27:07   11:04 1:16:03 263.8k
 12  1.17G  12 152.8M   0      0 235.1k      0 1:27:14   11:05 1:16:09 215.7k
 12  1.17G  12 153.0M   0      0 235.0k      0 1:27:16   11:06 1:16:10 191.9k
 12  1.17G  12 153.2M   0      0 235.0k      0 1:27:17   11:07 1:16:10 183.3k
 12  1.17G  12 153.5M   0      0 234.9k      0 1:27:17   11:08 1:16:09 173.6k
 12  1.17G  12 153.7M   0      0 234.9k      0 1:27:19   11:10 1:16:09 168.8k
 12  1.17G  12 153.9M   0      0 234.9k      0 1:27:19   11:11 1:16:08 208.3k
 12  1.17G  12 154.2M   0      0 235.0k      0 1:27:16   11:12 1:16:04 231.2k
 12  1.17G  12 154.4M   0      0 234.9k      0 1:27:18   11:13 1:16:05 229.4k
 12  1.17G  12 154.6M   0      0 234.9k      0 1:27:19   11:14 1:16:05 224.4k
 12  1.17G  12 154.9M   0      0 234.8k      0 1:27:20   11:15 1:16:05 228.8k
 12  1.17G  12 155.1M   0      0 234.8k      0 1:27:21   11:16 1:16:05 223.2k
 12  1.17G  12 155.2M   0      0 234.6k      0 1:27:26   11:17 1:16:09 182.5k
 12  1.17G  12 155.3M   0      0 234.4k      0 1:27:30   11:18 1:16:12 163.9k
 12  1.17G  12 155.5M   0      0 234.3k      0 1:27:32   11:19 1:16:13 159.3k
 12  1.17G  12 155.7M   0      0 234.2k      0 1:27:34   11:20 1:16:14 156.1k
 12  1.17G  12 155.9M   0      0 234.1k      0 1:27:35   11:21 1:16:14 150.8k
 12  1.17G  12 156.1M   0      0 234.1k      0 1:27:37   11:22 1:16:15 171.7k
 13  1.17G  13 156.3M   0      0 234.1k      0 1:27:37   11:23 1:16:14 195.1k
 13  1.17G  13 156.6M   0      0 234.1k      0 1:27:35   11:25 1:16:10 219.9k
 13  1.17G  13 157.0M   0      0 234.4k      0 1:27:30   11:26 1:16:04 253.8k
 13  1.17G  13 157.4M   0      0 234.6k      0 1:27:25   11:27 1:15:58 292.6k
 13  1.17G  13 157.8M   0      0 234.8k      0 1:27:20   11:28 1:15:52 329.6k
 13  1.17G  13 158.1M   0      0 235.0k      0 1:27:16   11:29 1:15:47 354.8k
 13  1.17G  13 158.2M   0      0 234.7k      0 1:27:23   11:30 1:15:53 299.2k
 13  1.17G  13 158.2M   0      0 234.3k      0 1:27:31   11:31 1:16:00 229.1k
 13  1.17G  13 158.2M   0      0 234.0k      0 1:27:39   11:32 1:16:07 158.0k
 13  1.17G  13 158.3M   0      0 233.8k      0 1:27:43   11:33 1:16:10 105.7k
 13  1.17G  13 158.7M   0      0 233.9k      0 1:27:40   11:34 1:16:06 104.4k
 13  1.17G  13 159.0M   0      0 234.1k      0 1:27:37   11:35 1:16:02 155.1k
 13  1.17G  13 159.4M   0      0 234.3k      0 1:27:32   11:36 1:15:56 230.8k
 13  1.17G  13 159.8M   0      0 234.6k      0 1:27:25   11:37 1:15:48 312.7k
 13  1.17G  13 160.1M   0      0 234.5k      0 1:27:26   11:38 1:15:48 335.3k
 13  1.17G  13 160.2M   0      0 234.3k      0 1:27:31   11:40 1:15:51 286.6k
 13  1.17G  13 160.5M   0      0 234.4k      0 1:27:28   11:40 1:15:48 283.0k
 13  1.17G  13 160.8M   0      0 234.5k      0 1:27:28   11:42 1:15:46 257.5k
 13  1.17G  13 161.1M   0      0 234.6k      0 1:27:25   11:43 1:15:42 235.9k
 13  1.17G  13 161.4M   0      0 234.7k      0 1:27:23   11:44 1:15:39 252.7k
 13  1.17G  13 161.6M   0      0 234.7k      0 1:27:24   11:45 1:15:39 276.6k
 13  1.17G  13 161.9M   0      0 234.7k      0 1:27:22   11:46 1:15:36 271.5k
 13  1.17G  13 162.2M   0      0 234.7k      0 1:27:22   11:47 1:15:35 268.8k
 13  1.17G  13 162.5M   0      0 234.7k      0 1:27:23   11:48 1:15:35 247.3k
 13  1.17G  13 162.7M   0      0 234.8k      0 1:27:21   11:49 1:15:32 244.3k
 13  1.17G  13 163.0M   0      0 234.8k      0 1:27:21   11:51 1:15:30 249.0k
 13  1.17G  13 163.3M   0      0 234.8k      0 1:27:20   11:52 1:15:28 245.5k
 13  1.17G  13 163.6M   0      0 234.9k      0 1:27:19   11:53 1:15:26 249.2k
 13  1.17G  13 163.9M   0      0 234.9k      0 1:27:17   11:54 1:15:23 268.3k
 13  1.17G  13 164.1M   0      0 234.9k      0 1:27:17   11:55 1:15:22 259.3k
 13  1.17G  13 164.4M   0      0 235.0k      0 1:27:15   11:56 1:15:19 270.3k
 13  1.17G  13 164.7M   0      0 235.2k      0 1:27:12   11:57 1:15:15 283.8k
 13  1.17G  13 165.1M   0      0 235.3k      0 1:27:09   11:58 1:15:11 296.3k
 13  1.17G  13 165.4M   0      0 235.4k      0 1:27:06   11:59 1:15:07 302.6k
 13  1.17G  13 165.7M   0      0 235.6k      0 1:27:03   12:00 1:15:03 324.7k
 13  1.17G  13 166.1M   0      0 235.7k      0 1:27:00   12:01 1:14:59 327.9k
 13  1.17G  13 166.4M   0      0 235.8k      0 1:26:57   12:02 1:14:55 326.6k
 13  1.17G  13 166.8M   0      0 236.0k      0 1:26:53   12:03 1:14:50 334.8k
 13  1.17G  13 167.2M   0      0 236.2k      0 1:26:49   12:04 1:14:45 344.1k
 13  1.17G  13 167.5M   0      0 236.4k      0 1:26:45   12:05 1:14:40 345.1k
 13  1.17G  13 167.7M   0      0 236.3k      0 1:26:46   12:06 1:14:40 324.2k
 13  1.17G  13 168.0M   0      0 236.4k      0 1:26:45   12:07 1:14:38 314.7k
 13  1.17G  13 168.1M   0      0 236.3k      0 1:26:48   12:08 1:14:40 268.7k
 14  1.17G  14 168.4M   0      0 236.3k      0 1:26:47   12:09 1:14:38 249.1k
 14  1.17G  14 168.7M   0      0 236.4k      0 1:26:45   12:10 1:14:35 241.5k
 14  1.17G  14 169.0M   0      0 236.5k      0 1:26:42   12:11 1:14:31 262.2k
 14  1.17G  14 169.4M   0      0 236.7k      0 1:26:39   12:12 1:14:27 277.7k
 14  1.17G  14 169.7M   0      0 236.8k      0 1:26:35   12:13 1:14:22 321.2k
 14  1.17G  14 170.1M   0      0 237.0k      0 1:26:32   12:15 1:14:17 331.6k
 14  1.17G  14 170.6M   0      0 237.3k      0 1:26:26   12:16 1:14:10 351.9k
 14  1.17G  14 171.0M   0      0 237.5k      0 1:26:20   12:17 1:14:03 373.2k
 14  1.17G  14 171.3M   0      0 237.6k      0 1:26:18   12:18 1:14:00 368.2k
 14  1.17G  14 171.7M   0      0 237.9k      0 1:26:13   12:19 1:13:54 379.9k
 14  1.17G  14 172.0M   0      0 237.9k      0 1:26:11   12:20 1:13:51 372.4k
 14  1.17G  14 172.3M   0      0 238.0k      0 1:26:09   12:21 1:13:48 348.9k
 14  1.17G  14 172.6M   0      0 238.1k      0 1:26:08   12:22 1:13:46 321.3k
 14  1.17G  14 172.9M   0      0 238.2k      0 1:26:06   12:23 1:13:43 316.6k
 14  1.17G  14 173.2M   0      0 238.3k      0 1:26:04   12:24 1:13:40 290.9k
 14  1.17G  14 173.5M   0      0 238.3k      0 1:26:02   12:25 1:13:37 294.4k
 14  1.17G  14 173.9M   0      0 238.4k      0 1:26:01   12:26 1:13:35 294.2k
 14  1.17G  14 174.2M   0      0 238.6k      0 1:25:58   12:27 1:13:31 300.2k
 14  1.17G  14 174.7M   0      0 238.8k      0 1:25:52   12:29 1:13:23 321.3k
 14  1.17G  14 175.0M   0      0 238.9k      0 1:25:51   12:30 1:13:21 322.1k
 14  1.17G  14 175.3M   0      0 239.0k      0 1:25:48   12:31 1:13:17 327.6k
 14  1.17G  14 175.7M   0      0 239.2k      0 1:25:43   12:32 1:13:11 349.3k
 14  1.17G  14 176.1M   0      0 239.4k      0 1:25:39   12:33 1:13:06 362.3k
 14  1.17G  14 176.5M   0      0 239.6k      0 1:25:35   12:34 1:13:01 353.6k
 14  1.17G  14 176.9M   0      0 239.8k      0 1:25:31   12:35 1:12:56 371.6k
 14  1.17G  14 177.3M   0      0 240.0k      0 1:25:26   12:36 1:12:50 390.8k
 14  1.17G  14 177.7M   0      0 240.3k      0 1:25:21   12:37 1:12:44 387.9k
 14  1.17G  14 178.2M   0      0 240.6k      0 1:25:13   12:38 1:12:35 415.9k
 14  1.17G  14 178.8M   0      0 241.1k      0 1:25:03   12:39 1:12:24 454.1k
 14  1.17G  14 179.4M   0      0 241.5k      0 1:24:55   12:40 1:12:15 487.2k
 14  1.17G  14 180.0M   0      0 242.0k      0 1:24:45   12:41 1:12:04 515.8k
 15  1.17G  15 180.4M   0      0 242.3k      0 1:24:39   12:42 1:11:57 527.4k
 15  1.17G  15 180.7M   0      0 242.2k      0 1:24:40   12:43 1:11:57 458.8k
 15  1.17G  15 180.9M   0      0 242.3k      0 1:24:39   12:44 1:11:55 407.4k
 15  1.17G  15 181.3M   0      0 242.4k      0 1:24:36   12:45 1:11:51 370.1k
 15  1.17G  15 181.6M   0      0 242.5k      0 1:24:33   12:46 1:11:47 324.5k
 15  1.17G  15 181.9M   0      0 242.5k      0 1:24:33   12:48 1:11:45 282.3k
 15  1.17G  15 182.3M   0      0 242.7k      0 1:24:30   12:49 1:11:41 312.5k
 15  1.17G  15 182.6M   0      0 242.7k      0 1:24:29   12:50 1:11:39 312.7k
 15  1.17G  15 182.9M   0      0 242.9k      0 1:24:26   12:51 1:11:35 310.2k
 15  1.17G  15 183.3M   0      0 243.0k      0 1:24:23   12:52 1:11:31 311.2k
 15  1.17G  15 183.6M   0      0 243.0k      0 1:24:23   12:53 1:11:30 314.2k
 15  1.17G  15 183.8M   0      0 243.1k      0 1:24:21   12:54 1:11:27 304.8k
 15  1.17G  15 184.1M   0      0 243.1k      0 1:24:22   12:55 1:11:27 287.4k
 15  1.17G  15 184.3M   0      0 243.1k      0 1:24:22   12:56 1:11:26 273.9k
 15  1.17G  15 184.6M   0      0 243.1k      0 1:24:22   12:57 1:11:25 251.8k
 15  1.17G  15 184.9M   0      0 243.1k      0 1:24:21   12:58 1:11:23 254.6k
 15  1.17G  15 185.2M   0      0 243.1k      0 1:24:20   12:59 1:11:21 248.7k
 15  1.17G  15 185.5M   0      0 243.2k      0 1:24:19   13:01 1:11:18 266.3k
 15  1.17G  15 185.8M   0      0 243.3k      0 1:24:17   13:02 1:11:15 277.4k
 15  1.17G  15 186.2M   0      0 243.5k      0 1:24:14   13:03 1:11:11 301.0k
 15  1.17G  15 186.5M   0      0 243.5k      0 1:24:12   13:04 1:11:08 306.4k
 15  1.17G  15 186.9M   0      0 243.7k      0 1:24:09   13:05 1:11:04 329.3k
 15  1.17G  15 187.2M   0      0 243.7k      0 1:24:09   13:06 1:11:03 316.5k
 15  1.17G  15 187.5M   0      0 243.8k      0 1:24:07   13:07 1:11:00 314.6k
 15  1.17G  15 187.7M   0      0 243.8k      0 1:24:08   13:08 1:11:00 287.1k
 15  1.17G  15 187.9M   0      0 243.8k      0 1:24:07   13:09 1:10:58 279.4k
 15  1.17G  15 188.2M   0      0 243.8k      0 1:24:07   13:10 1:10:57 255.0k
 15  1.17G  15 188.5M   0      0 243.8k      0 1:24:06   13:11 1:10:55 262.1k
 15  1.17G  15 188.8M   0      0 243.9k      0 1:24:05   13:12 1:10:53 258.0k
 15  1.17G  15 189.1M   0      0 244.0k      0 1:24:02   13:13 1:10:49 284.1k
 15  1.17G  15 189.6M   0      0 244.3k      0 1:23:57   13:14 1:10:43 320.9k
 15  1.17G  15 189.9M   0      0 244.5k      0 1:23:53   13:15 1:10:38 344.7k
 15  1.17G  15 190.3M   0      0 244.6k      0 1:23:50   13:16 1:10:34 362.5k
 15  1.17G  15 190.8M   0      0 244.9k      0 1:23:45   13:17 1:10:28 390.7k
 15  1.17G  15 191.1M   0      0 245.0k      0 1:23:43   13:19 1:10:24 380.3k
 15  1.17G  15 191.5M   0      0 245.1k      0 1:23:40   13:20 1:10:20 367.0k
 15  1.17G  15 191.8M   0      0 245.3k      0 1:23:37   13:21 1:10:16 364.1k
 15  1.17G  15 192.2M   0      0 245.4k      0 1:23:34   13:22 1:10:12 367.0k
 16  1.17G  16 192.3M   0      0 245.1k      0 1:23:40   13:23 1:10:17 275.1k
 16  1.17G  16 192.5M   0      0 245.0k      0 1:23:42   13:24 1:10:18 251.3k
 16  1.17G  16 192.8M   0      0 245.0k      0 1:23:42   13:25 1:10:17 234.2k
 16  1.17G  16 193.2M   0      0 245.2k      0 1:23:39   13:26 1:10:13 235.1k
 16  1.17G  16 193.6M   0      0 245.4k      0 1:23:34   13:27 1:10:07 246.5k
 16  1.17G  16 194.0M   0      0 245.6k      0 1:23:29   13:28 1:10:01 330.8k
 16  1.17G  16 194.5M   0      0 245.9k      0 1:23:23   13:29 1:09:54 387.7k
 16  1.17G  16 195.0M   0      0 246.2k      0 1:23:17   13:30 1:09:47 432.1k
 16  1.17G  16 195.3M   0      0 246.3k      0 1:23:15   13:31 1:09:44 428.3k
 16  1.17G  16 195.8M   0      0 246.6k      0 1:23:10   13:32 1:09:38 431.6k
 16  1.17G  16 196.0M   0      0 246.6k      0 1:23:10   13:33 1:09:37 390.9k
 16  1.17G  16 196.4M   0      0 246.7k      0 1:23:07   13:35 1:09:32 374.5k
 16  1.17G  16 196.7M   0      0 246.8k      0 1:23:06   13:36 1:09:30 335.4k
 16  1.17G  16 197.0M   0      0 246.9k      0 1:23:03   13:37 1:09:26 338.5k
 16  1.17G  16 197.4M   0      0 247.1k      0 1:23:00   13:38 1:09:22 325.3k
 16  1.17G  16 197.7M   0      0 247.0k      0 1:23:01   13:39 1:09:22 317.0k
 16  1.17G  16 198.1M   0      0 247.2k      0 1:22:57   13:40 1:09:17 319.0k
 16  1.17G  16 198.4M   0      0 247.3k      0 1:22:55   13:41 1:09:14 323.7k
 16  1.17G  16 198.8M   0      0 247.5k      0 1:22:52   13:42 1:09:10 330.8k
 16  1.17G  16 199.2M   0      0 247.7k      0 1:22:48   13:43 1:09:05 330.6k
 16  1.17G  16 199.5M   0      0 247.7k      0 1:22:47   13:44 1:09:03 355.3k
 16  1.17G  16 199.7M   0      0 247.6k      0 1:22:49   13:45 1:09:04 313.4k
 16  1.17G  16 200.0M   0      0 247.6k      0 1:22:49   13:46 1:09:03 297.5k
 16  1.17G  16 200.2M   0      0 247.7k      0 1:22:48   13:47 1:09:01 275.1k
 16  1.17G  16 200.5M   0      0 247.7k      0 1:22:48   13:49 1:08:59 249.7k
 16  1.17G  16 200.7M   0      0 247.7k      0 1:22:48   13:50 1:08:58 237.3k
 16  1.17G  16 201.0M   0      0 247.7k      0 1:22:48   13:51 1:08:57 255.5k
 16  1.17G  16 201.3M   0      0 247.7k      0 1:22:47   13:52 1:08:55 264.3k
 16  1.17G  16 201.5M   0      0 247.6k      0 1:22:49   13:53 1:08:56 243.6k
 16  1.17G  16 201.7M   0      0 247.6k      0 1:22:49   13:54 1:08:55 240.3k
 16  1.17G  16 202.0M   0      0 247.6k      0 1:22:49   13:55 1:08:54 245.2k
 16  1.17G  16 202.3M   0      0 247.7k      0 1:22:48   13:56 1:08:52 246.8k
 16  1.17G  16 202.6M   0      0 247.7k      0 1:22:47   13:57 1:08:50 246.1k
 16  1.17G  16 202.8M   0      0 247.8k      0 1:22:46   13:58 1:08:48 266.1k
 16  1.17G  16 203.1M   0      0 247.8k      0 1:22:46   13:59 1:08:47 272.9k
 16  1.17G  16 203.5M   0      0 247.9k      0 1:22:44   14:00 1:08:44 280.4k
 16  1.17G  16 204.0M   0      0 248.1k      0 1:22:39   14:01 1:08:38 311.7k
 17  1.17G  17 204.4M   0      0 248.3k      0 1:22:35   14:02 1:08:33 339.2k
 17  1.17G  17 204.7M   0      0 248.4k      0 1:22:33   14:03 1:08:30 350.1k
 17  1.17G  17 205.1M   0      0 248.5k      0 1:22:31   14:05 1:08:26 354.8k
 17  1.17G  17 205.4M   0      0 248.7k      0 1:22:28   14:06 1:08:22 375.3k
 17  1.17G  17 205.8M   0      0 248.8k      0 1:22:26   14:07 1:08:19 352.0k
 17  1.17G  17 206.2M   0      0 248.9k      0 1:22:23   14:08 1:08:15 342.6k
 17  1.17G  17 206.5M   0      0 249.0k      0 1:22:21   14:09 1:08:12 338.6k
 17  1.17G  17 206.9M   0      0 249.1k      0 1:22:19   14:10 1:08:09 348.9k
 17  1.17G  17 207.3M   0      0 249.4k      0 1:22:14   14:11 1:08:03 360.7k
 17  1.17G  17 207.6M   0      0 249.4k      0 1:22:14   14:12 1:08:02 342.6k
 17  1.17G  17 208.0M   0      0 249.6k      0 1:22:10   14:13 1:07:57 354.4k
 17  1.17G  17 208.4M   0      0 249.7k      0 1:22:07   14:14 1:07:53 363.8k
 17  1.17G  17 208.8M   0      0 249.8k      0 1:22:05   14:15 1:07:50 363.1k
 17  1.17G  17 209.1M   0      0 250.0k      0 1:22:02   14:16 1:07:46 354.6k
 17  1.17G  17 209.4M   0      0 250.0k      0 1:22:01   14:17 1:07:44 356.1k
 17  1.17G  17 209.7M   0      0 250.0k      0 1:22:01   14:18 1:07:43 324.5k
 17  1.17G  17 210.0M   0      0 250.1k      0 1:22:01   14:19 1:07:42 305.5k
 17  1.17G  17 210.2M   0      0 250.1k      0 1:22:00   14:20 1:07:40 289.8k
 17  1.17G  17 210.5M   0      0 250.1k      0 1:22:00   14:21 1:07:39 262.4k
 17  1.17G  17 210.8M   0      0 250.1k      0 1:21:59   14:23 1:07:36 267.7k
 17  1.17G  17 211.1M   0      0 250.2k      0 1:21:58   14:24 1:07:34 276.4k
 17  1.17G  17 211.4M   0      0 250.2k      0 1:21:57   14:25 1:07:32 276.8k
 17  1.17G  17 211.8M   0      0 250.3k      0 1:21:56   14:26 1:07:30 287.5k
 17  1.17G  17 212.1M   0      0 250.4k      0 1:21:54   14:27 1:07:27 303.2k
 17  1.17G  17 212.4M   0      0 250.5k      0 1:21:52   14:28 1:07:24 309.1k
 17  1.17G  17 212.8M   0      0 250.6k      0 1:21:50   14:29 1:07:21 311.0k
 17  1.17G  17 213.2M   0      0 250.7k      0 1:21:49   14:30 1:07:19 320.2k
 17  1.17G  17 213.5M   0      0 250.8k      0 1:21:46   14:31 1:07:15 326.5k
 17  1.17G  17 213.9M   0      0 251.0k      0 1:21:43   14:32 1:07:11 338.9k
 17  1.17G  17 214.3M   0      0 251.1k      0 1:21:40   14:33 1:07:07 347.7k
 17  1.17G  17 214.7M   0      0 251.2k      0 1:21:38   14:35 1:07:03 353.0k
 17  1.17G  17 214.9M   0      0 251.1k      0 1:21:39   14:36 1:07:03 328.8k
 17  1.17G  17 215.2M   0      0 251.2k      0 1:21:39   14:37 1:07:02 315.3k
 17  1.17G  17 215.4M   0      0 251.2k      0 1:21:38   14:38 1:07:00 289.6k
 17  1.17G  17 215.7M   0      0 251.3k      0 1:21:37   14:39 1:06:58 277.0k
 17  1.17G  17 216.0M   0      0 251.3k      0 1:21:36   14:40 1:06:56 269.9k
 17  1.17G  17 216.3M   0      0 251.3k      0 1:21:36   14:41 1:06:55 279.5k
 18  1.17G  18 216.6M   0      0 251.4k      0 1:21:35   14:42 1:06:53 285.2k
 18  1.17G  18 216.9M   0      0 251.4k      0 1:21:34   14:43 1:06:51 289.2k
 18  1.17G  18 217.3M   0      0 251.5k      0 1:21:32   14:44 1:06:48 298.4k
 18  1.17G  18 217.6M   0      0 251.7k      0 1:21:29   14:45 1:06:44 308.5k
 18  1.17G  18 218.0M   0      0 251.8k      0 1:21:27   14:46 1:06:41 333.8k
 18  1.17G  18 218.4M   0      0 251.9k      0 1:21:24   14:47 1:06:37 346.8k
 18  1.17G  18 218.8M   0      0 252.2k      0 1:21:19   14:48 1:06:31 383.1k
 18  1.17G  18 219.2M   0      0 252.4k      0 1:21:16   14:49 1:06:27 391.3k
 18  1.17G  18 219.7M   0      0 252.6k      0 1:21:12   14:50 1:06:22 406.0k
 18  1.17G  18 219.9M   0      0 252.4k      0 1:21:15   14:52 1:06:23 350.6k
 18  1.17G  18 219.9M   0      0 252.1k      0 1:21:20   14:53 1:06:27 282.9k
 18  1.17G  18 219.9M   0      0 251.9k      0 1:21:26   14:54 1:06:32 197.3k
 18  1.17G  18 220.1M   0      0 251.7k      0 1:21:28   14:55 1:06:33 153.8k
 18  1.17G  18 220.6M   0      0 252.0k      0 1:21:23   14:56 1:06:27 161.3k
 18  1.17G  18 220.8M   0      0 252.0k      0 1:21:23   14:57 1:06:26 181.6k
 18  1.17G  18 221.2M   0      0 252.1k      0 1:21:21   14:58 1:06:23 241.3k
 18  1.17G  18 221.5M   0      0 252.2k      0 1:21:19   14:59 1:06:20 311.2k
 18  1.17G  18 221.9M   0      0 252.3k      0 1:21:17   15:00 1:06:17 355.2k
 18  1.17G  18 222.2M   0      0 252.4k      0 1:21:16   15:01 1:06:15 321.5k
 18  1.17G  18 222.5M   0      0 252.5k      0 1:21:13   15:02 1:06:11 335.6k
 18  1.17G  18 222.9M   0      0 252.6k      0 1:21:12   15:03 1:06:09 337.5k
 18  1.17G  18 223.3M   0      0 252.7k      0 1:21:10   15:04 1:06:06 332.9k
 18  1.17G  18 223.6M   0      0 252.7k      0 1:21:09   15:05 1:06:04 320.7k
 18  1.17G  18 223.8M   0      0 252.7k      0 1:21:09   15:06 1:06:03 313.8k
 18  1.17G  18 224.1M   0      0 252.7k      0 1:21:09   15:08 1:06:01 292.9k
 18  1.17G  18 224.4M   0      0 252.7k      0 1:21:09   15:09 1:06:00 277.5k
 18  1.17G  18 224.6M   0      0 252.7k      0 1:21:09   15:10 1:05:59 260.9k
 18  1.17G  18 224.9M   0      0 252.8k      0 1:21:08   15:11 1:05:57 259.7k
 18  1.17G  18 225.2M   0      0 252.8k      0 1:21:07   15:12 1:05:55 270.0k
 18  1.17G  18 225.5M   0      0 252.8k      0 1:21:06   15:13 1:05:53 273.7k
 18  1.17G  18 225.9M   0      0 253.0k      0 1:21:04   15:14 1:05:50 301.3k
 18  1.17G  18 226.3M   0      0 253.2k      0 1:20:59   15:15 1:05:44 342.0k
 18  1.17G  18 226.8M   0      0 253.4k      0 1:20:56   15:16 1:05:40 365.3k
 18  1.17G  18 227.1M   0      0 253.5k      0 1:20:54   15:17 1:05:37 366.9k
 18  1.17G  18 227.5M   0      0 253.7k      0 1:20:50   15:18 1:05:32 399.2k
 18  1.17G  18 227.9M   0      0 253.8k      0 1:20:49   15:19 1:05:30 383.9k
 18  1.17G  18 228.2M   0      0 253.8k      0 1:20:48   15:20 1:05:28 353.9k
 19  1.17G  19 228.6M   0      0 253.9k      0 1:20:46   15:21 1:05:25 341.8k
 19  1.17G  19 229.0M   0      0 254.1k      0 1:20:43   15:22 1:05:21 351.9k
 19  1.17G  19 229.2M   0      0 254.1k      0 1:20:43   15:23 1:05:20 315.5k
 19  1.17G  19 229.6M   0      0 254.2k      0 1:20:41   15:24 1:05:17 321.8k
 19  1.17G  19 229.9M   0      0 254.2k      0 1:20:40   15:26 1:05:14 321.9k
 19  1.17G  19 230.2M   0      0 254.3k      0 1:20:39   15:27 1:05:12 313.8k
 19  1.17G  19 230.5M   0      0 254.3k      0 1:20:39   15:28 1:05:11 295.9k
 19  1.17G  19 230.8M   0      0 254.4k      0 1:20:37   15:29 1:05:08 314.4k
 19  1.17G  19 231.1M   0      0 254.4k      0 1:20:36   15:30 1:05:06 305.0k
 19  1.17G  19 231.5M   0      0 254.5k      0 1:20:34   15:31 1:05:03 313.6k
 19  1.17G  19 231.7M   0      0 254.5k      0 1:20:34   15:32 1:05:02 304.2k
 19  1.17G  19 232.2M   0      0 254.7k      0 1:20:30   15:33 1:04:57 330.2k
 19  1.17G  19 232.6M   0      0 254.9k      0 1:20:27   15:34 1:04:53 346.3k
 19  1.17G  19 232.9M   0      0 255.0k      0 1:20:26   15:35 1:04:51 348.6k
 19  1.17G  19 233.2M   0      0 255.0k      0 1:20:25   15:36 1:04:49 339.2k
 19  1.17G  19 233.5M   0      0 255.1k      0 1:20:24   15:37 1:04:47 351.4k
 19  1.17G  19 233.9M   0      0 255.2k      0 1:20:22   15:38 1:04:44 332.8k
 19  1.17G  19 234.3M   0      0 255.3k      0 1:20:20   15:39 1:04:41 325.2k
 19  1.17G  19 234.6M   0      0 255.4k      0 1:20:18   15:40 1:04:38 328.4k
 19  1.17G  19 235.0M   0      0 255.5k      0 1:20:16   15:41 1:04:35 342.8k
 19  1.17G  19 235.4M   0      0 255.7k      0 1:20:13   15:42 1:04:31 353.0k
 19  1.17G  19 235.8M   0      0 255.7k      0 1:20:11   15:44 1:04:27 353.7k
 19  1.17G  19 236.1M   0      0 255.8k      0 1:20:10   15:45 1:04:25 347.3k
 19  1.17G  19 236.4M   0      0 255.9k      0 1:20:08   15:46 1:04:22 349.7k
 19  1.17G  19 236.8M   0      0 256.1k      0 1:20:05   15:47 1:04:18 354.3k
 19  1.17G  19 237.0M   0      0 256.0k      0 1:20:06   15:48 1:04:18 322.7k
 19  1.17G  19 237.4M   0      0 256.1k      0 1:20:05   15:49 1:04:16 320.6k
 19  1.17G  19 237.7M   0      0 256.2k      0 1:20:03   15:50 1:04:13 321.1k
 19  1.17G  19 238.1M   0      0 256.3k      0 1:20:00   15:51 1:04:09 329.2k
 19  1.17G  19 238.4M   0      0 256.4k      0 1:19:59   15:52 1:04:07 313.0k
 19  1.17G  19 238.7M   0      0 256.4k      0 1:19:59   15:53 1:04:06 324.1k
 19  1.17G  19 239.0M   0      0 256.3k      0 1:20:00   15:54 1:04:06 299.6k
 19  1.17G  19 239.2M   0      0 256.3k      0 1:20:01   15:55 1:04:06 274.3k
 19  1.17G  19 239.5M   0      0 256.3k      0 1:20:01   15:56 1:04:05 250.2k
 19  1.17G  19 239.8M   0      0 256.3k      0 1:20:01   15:57 1:04:04 245.2k
 19  1.17G  19 240.1M   0      0 256.3k      0 1:20:00   15:59 1:04:01 248.2k
 20  1.17G  20 240.4M   0      0 256.4k      0 1:19:58   16:00 1:03:58 275.5k
 20  1.17G  20 240.8M   0      0 256.5k      0 1:19:57   16:01 1:03:56 291.2k
 20  1.17G  20 241.0M   0      0 256.5k      0 1:19:57   16:02 1:03:55 294.7k
 20  1.17G  20 241.3M   0      0 256.5k      0 1:19:57   16:03 1:03:54 294.6k
 20  1.17G  20 241.6M   0      0 256.6k      0 1:19:56   16:04 1:03:52 295.6k
 20  1.17G  20 241.9M   0      0 256.6k      0 1:19:55   16:05 1:03:50 285.4k
 20  1.17G  20 242.2M   0      0 256.6k      0 1:19:55   16:06 1:03:49 278.7k
 20  1.17G  20 242.6M   0      0 256.7k      0 1:19:53   16:07 1:03:46 301.2k
 20  1.17G  20 243.0M   0      0 257.0k      0 1:19:48   16:08 1:03:40 341.6k
 20  1.17G  20 243.7M   0      0 257.4k      0 1:19:40   16:09 1:03:31 420.4k
 20  1.17G  20 244.4M   0      0 257.8k      0 1:19:32   16:10 1:03:22 486.3k
 20  1.17G  20 244.5M   0      0 257.6k      0 1:19:36   16:11 1:03:25 448.3k
 20  1.17G  20 244.8M   0      0 257.6k      0 1:19:36   16:12 1:03:24 414.9k
 20  1.17G  20 245.3M   0      0 257.9k      0 1:19:32   16:13 1:03:19 411.0k
 20  1.17G  20 245.3M   0      0 257.6k      0 1:19:36   16:15 1:03:21 294.1k
 20  1.17G  20 245.3M   0      0 257.4k      0 1:19:41   16:16 1:03:25 176.8k
 20  1.17G  20 245.3M   0      0 257.1k      0 1:19:46   16:17 1:03:29 159.6k
 20  1.17G  20 245.5M   0      0 257.0k      0 1:19:48   16:18 1:03:30 141.4k
 20  1.17G  20 245.9M   0      0 257.2k      0 1:19:44   16:19 1:03:25 134.0k
 20  1.17G  20 246.4M   0      0 257.4k      0 1:19:40   16:20 1:03:20 211.4k
 20  1.17G  20 246.7M   0      0 257.5k      0 1:19:39   16:21 1:03:18 277.4k
 20  1.17G  20 247.1M   0      0 257.6k      0 1:19:36   16:22 1:03:14 352.2k
 20  1.17G  20 247.6M   0      0 257.8k      0 1:19:33   16:23 1:03:10 406.1k
 20  1.17G  20 248.0M   0      0 258.0k      0 1:19:29   16:24 1:03:05 409.6k
 20  1.17G  20 248.4M   0      0 258.2k      0 1:19:26   16:25 1:03:01 406.8k
 20  1.17G  20 248.8M   0      0 258.3k      0 1:19:24   16:26 1:02:58 411.2k
 20  1.17G  20 249.2M   0      0 258.4k      0 1:19:21   16:27 1:02:54 415.4k
 20  1.17G  20 249.7M   0      0 258.7k      0 1:19:17   16:28 1:02:49 422.8k
 20  1.17G  20 250.1M   0      0 258.8k      0 1:19:14   16:29 1:02:45 415.1k
 20  1.17G  20 250.6M   0      0 259.0k      0 1:19:10   16:30 1:02:40 422.9k
 20  1.17G  20 251.0M   0      0 259.2k      0 1:19:08   16:31 1:02:37 427.1k
 20  1.17G  20 251.4M   0      0 259.3k      0 1:19:06   16:32 1:02:34 417.9k
 20  1.17G  20 251.7M   0      0 259.3k      0 1:19:05   16:33 1:02:32 384.4k
 20  1.17G  20 251.9M   0      0 259.4k      0 1:19:04   16:34 1:02:30 358.0k
 20  1.17G  20 252.3M   0      0 259.4k      0 1:19:03   16:35 1:02:28 330.5k
 21  1.17G  21 252.6M   0      0 259.5k      0 1:19:02   16:36 1:02:26 318.3k
 21  1.17G  21 252.9M   0      0 259.6k      0 1:19:00   16:37 1:02:23 313.1k
 21  1.17G  21 253.4M   0      0 259.7k      0 1:18:58   16:38 1:02:20 333.7k
 21  1.17G  21 253.7M   0      0 259.8k      0 1:18:57   16:40 1:02:17 336.0k
 21  1.17G  21 254.0M   0      0 259.8k      0 1:18:56   16:41 1:02:15 331.1k
 21  1.17G  21 254.3M   0      0 259.9k      0 1:18:55   16:42 1:02:13 330.0k
 21  1.17G  21 254.6M   0      0 259.8k      0 1:18:55   16:43 1:02:12 311.5k
 21  1.17G  21 254.9M   0      0 259.9k      0 1:18:55   16:44 1:02:11 288.2k
 21  1.17G  21 255.1M   0      0 259.8k      0 1:18:56   16:45 1:02:11 270.1k
 21  1.17G  21 255.3M   0      0 259.7k      0 1:18:57   16:46 1:02:11 251.3k
 21  1.17G  21 255.5M   0      0 259.7k      0 1:18:58   16:47 1:02:11 229.5k
 21  1.17G  21 255.7M   0      0 259.7k      0 1:18:59   16:48 1:02:11 222.9k
 21  1.17G  21 256.0M   0      0 259.6k      0 1:18:59   16:49 1:02:10 214.1k
 21  1.17G  21 256.2M   0      0 259.6k      0 1:18:59   16:50 1:02:09 224.6k
 21  1.17G  21 256.5M   0      0 259.6k      0 1:18:59   16:51 1:02:08 235.8k
 21  1.17G  21 256.8M   0      0 259.6k      0 1:18:59   16:52 1:02:07 244.9k
 21  1.17G  21 257.0M   0      0 259.7k      0 1:18:59   16:53 1:02:06 259.3k
 21  1.17G  21 257.4M   0      0 259.7k      0 1:18:58   16:54 1:02:04 275.9k
 21  1.17G  21 257.7M   0      0 259.8k      0 1:18:56   16:55 1:02:01 297.9k
 21  1.17G  21 258.0M   0      0 259.9k      0 1:18:55   16:56 1:01:59 310.1k
 21  1.17G  21 258.4M   0      0 259.9k      0 1:18:54   16:57 1:01:57 323.7k
 21  1.17G  21 258.4M   0      0 259.7k      0 1:18:57   16:58 1:01:59 276.3k
 21  1.17G  21 258.4M   0      0 259.5k      0 1:19:02   16:59 1:02:03 211.6k
 21  1.17G  21 258.7M   0      0 259.4k      0 1:19:03   17:01 1:02:02 187.8k
 21  1.17G  21 259.1M   0      0 259.5k      0 1:19:01   17:02 1:01:59 193.8k
 21  1.17G  21 259.3M   0      0 259.6k      0 1:19:01   17:03 1:01:58 185.5k
 21  1.17G  21 259.6M   0      0 259.5k      0 1:19:01   17:04 1:01:57 220.3k
 21  1.17G  21 259.9M   0      0 259.6k      0 1:19:01   17:05 1:01:56 274.3k
 21  1.17G  21 260.2M   0      0 259.6k      0 1:19:00   17:06 1:01:54 288.2k
 21  1.17G  21 260.5M   0      0 259.7k      0 1:18:59   17:07 1:01:52 286.9k
 21  1.17G  21 260.8M   0      0 259.7k      0 1:18:59   17:08 1:01:51 280.8k
 21  1.17G  21 261.1M   0      0 259.7k      0 1:18:57   17:09 1:01:48 302.2k
 21  1.17G  21 261.5M   0      0 259.9k      0 1:18:55   17:10 1:01:45 321.8k
 21  1.17G  21 261.8M   0      0 259.9k      0 1:18:54   17:11 1:01:43 317.8k
 21  1.17G  21 262.1M   0      0 260.0k      0 1:18:53   17:12 1:01:41 315.6k
 21  1.17G  21 262.4M   0      0 260.0k      0 1:18:53   17:13 1:01:40 320.4k
 21  1.17G  21 262.7M   0      0 260.0k      0 1:18:53   17:14 1:01:39 300.8k
 21  1.17G  21 263.0M   0      0 260.0k      0 1:18:53   17:15 1:01:38 278.7k
 21  1.17G  21 263.2M   0      0 260.0k      0 1:18:53   17:16 1:01:37 273.9k
 21  1.17G  21 263.5M   0      0 260.0k      0 1:18:53   17:17 1:01:36 261.3k
 21  1.17G  21 263.8M   0      0 260.0k      0 1:18:52   17:18 1:01:34 266.1k
 21  1.17G  21 264.1M   0      0 260.1k      0 1:18:51   17:19 1:01:32 283.8k
 22  1.17G  22 264.5M   0      0 260.1k      0 1:18:50   17:21 1:01:29 289.7k
 22  1.17G  22 264.8M   0      0 260.2k      0 1:18:49   17:22 1:01:27 306.4k
 22  1.17G  22 265.1M   0      0 260.3k      0 1:18:48   17:23 1:01:25 318.2k
 22  1.17G  22 265.5M   0      0 260.3k      0 1:18:46   17:24 1:01:22 325.8k
 22  1.17G  22 265.8M   0      0 260.4k      0 1:18:45   17:25 1:01:20 331.2k
 22  1.17G  22 266.1M   0      0 260.4k      0 1:18:45   17:26 1:01:19 324.1k
 22  1.17G  22 266.4M   0      0 260.5k      0 1:18:44   17:27 1:01:17 313.4k
 22  1.17G  22 266.7M   0      0 260.5k      0 1:18:44   17:28 1:01:16 305.4k
 22  1.17G  22 266.9M   0      0 260.5k      0 1:18:44   17:29 1:01:15 288.2k
 22  1.17G  22 267.1M   0      0 260.4k      0 1:18:45   17:30 1:01:15 253.0k
 22  1.17G  22 267.4M   0      0 260.4k      0 1:18:46   17:31 1:01:15 250.0k
 22  1.17G  22 267.5M   0      0 260.2k      0 1:18:48   17:32 1:01:16 215.8k
 22  1.17G  22 267.7M   0      0 260.2k      0 1:18:49   17:33 1:01:16 204.0k
 22  1.17G  22 267.8M   0      0 260.1k      0 1:18:51   17:34 1:01:17 178.4k
 22  1.17G  22 268.0M   0      0 260.0k      0 1:18:52   17:35 1:01:17 180.2k
 22  1.17G  22 268.3M   0      0 259.9k      0 1:18:53   17:36 1:01:17 174.7k
 22  1.17G  22 268.5M   0      0 259.9k      0 1:18:54   17:37 1:01:17 198.1k
 22  1.17G  22 268.7M   0      0 259.8k      0 1:18:55   17:38 1:01:17 189.5k
 22  1.17G  22 268.9M   0      0 259.8k      0 1:18:56   17:40 1:01:16 208.9k
 22  1.17G  22 269.2M   0      0 259.8k      0 1:18:57   17:41 1:01:16 213.8k
 22  1.17G  22 269.6M   0      0 259.9k      0 1:18:55   17:42 1:01:13 242.7k
 22  1.17G  22 270.0M   0      0 260.0k      0 1:18:53   17:43 1:01:10 271.3k
 22  1.17G  22 270.3M   0      0 260.0k      0 1:18:52   17:44 1:01:08 297.9k
 22  1.17G  22 270.6M   0      0 260.1k      0 1:18:50   17:45 1:01:05 327.1k
 22  1.17G  22 270.9M   0      0 260.2k      0 1:18:50   17:46 1:01:04 343.9k
 22  1.17G  22 271.3M   0      0 260.3k      0 1:18:47   17:47 1:01:00 349.1k
 22  1.17G  22 271.7M   0      0 260.4k      0 1:18:46   17:48 1:00:58 338.1k
 22  1.17G  22 272.0M   0      0 260.4k      0 1:18:46   17:49 1:00:57 331.2k
 22  1.17G  22 272.3M   0      0 260.4k      0 1:18:46   17:50 1:00:56 310.2k
 22  1.17G  22 272.5M   0      0 260.4k      0 1:18:46   17:51 1:00:55 302.6k
 22  1.17G  22 272.8M   0      0 260.4k      0 1:18:45   17:52 1:00:53 287.3k
 22  1.17G  22 273.1M   0      0 260.4k      0 1:18:44   17:53 1:00:51 276.8k
 22  1.17G  22 273.4M   0      0 260.5k      0 1:18:44   17:54 1:00:50 276.7k
 22  1.17G  22 273.7M   0      0 260.5k      0 1:18:44   17:56 1:00:48 274.2k
 22  1.17G  22 274.0M   0      0 260.5k      0 1:18:43   17:57 1:00:46 290.0k
 22  1.17G  22 274.4M   0      0 260.6k      0 1:18:42   17:58 1:00:44 296.6k
 22  1.17G  22 274.7M   0      0 260.6k      0 1:18:41   17:59 1:00:42 303.0k
 22  1.17G  22 275.0M   0      0 260.8k      0 1:18:39   18:00 1:00:39 321.8k
 22  1.17G  22 275.5M   0      0 261.0k      0 1:18:35   18:01 1:00:34 367.6k
 22  1.17G  22 275.9M   0      0 261.1k      0 1:18:33   18:02 1:00:31 376.6k
 22  1.17G  22 276.3M   0      0 261.2k      0 1:18:31   18:03 1:00:28 379.9k
 23  1.17G  23 276.7M   0      0 261.3k      0 1:18:29   18:04 1:00:25 392.2k
 23  1.17G  23 277.0M   0      0 261.3k      0 1:18:29   18:05 1:00:24 370.9k
 23  1.17G  23 277.3M   0      0 261.4k      0 1:18:27   18:06 1:00:21 350.3k
 23  1.17G  23 277.6M   0      0 261.4k      0 1:18:27   18:07 1:00:20 330.2k
 23  1.17G  23 277.9M   0      0 261.4k      0 1:18:26   18:08 1:00:18 316.8k
 23  1.17G  23 278.3M   0      0 261.5k      0 1:18:25   18:09 1:00:16 314.4k
 23  1.17G  23 278.6M   0      0 261.6k      0 1:18:23   18:10 1:00:13 334.1k
 23  1.17G  23 279.0M   0      0 261.7k      0 1:18:21   18:11 1:00:10 335.5k
 23  1.17G  23 279.4M   0      0 261.9k      0 1:18:19   18:12 1:00:07 360.0k
 23  1.17G  23 279.8M   0      0 262.0k      0 1:18:16   18:13 1:00:03 377.9k
 23  1.17G  23 280.1M   0      0 262.0k      0 1:18:16   18:14 1:00:02 358.8k
 23  1.17G  23 280.5M   0      0 262.1k      0 1:18:14   18:15   59:59 367.0k
 23  1.17G  23 280.9M   0      0 262.2k      0 1:18:13   18:16   59:57 358.5k
 23  1.17G  23 281.3M   0      0 262.3k      0 1:18:11   18:17   59:54 348.6k
 23  1.17G  23 281.6M   0      0 262.4k      0 1:18:09   18:18   59:51 345.0k
 23  1.17G  23 282.0M   0      0 262.5k      0 1:18:08   18:20   59:48 363.5k
 23  1.17G  23 282.4M   0      0 262.6k      0 1:18:06   18:21   59:45 357.8k
 23  1.17G  23 282.8M   0      0 262.7k      0 1:18:03   18:22   59:41 373.0k
 23  1.17G  23 283.2M   0      0 262.9k      0 1:18:00   18:23   59:37 394.4k
 23  1.17G  23 283.6M   0      0 263.0k      0 1:17:58   18:24   59:34 397.2k
 23  1.17G  23 284.1M   0      0 263.3k      0 1:17:54   18:25   59:29 430.6k
 23  1.17G  23 284.5M   0      0 263.4k      0 1:17:52   18:26   59:26 430.2k
 23  1.17G  23 284.9M   0      0 263.5k      0 1:17:50   18:27   59:23 429.1k
 23  1.17G  23 285.3M   0      0 263.6k      0 1:17:47   18:28   59:19 421.7k
 23  1.17G  23 285.7M   0      0 263.7k      0 1:17:45   18:29   59:16 418.1k
 23  1.17G  23 286.1M   0      0 263.8k      0 1:17:44   18:30   59:14 386.9k
 23  1.17G  23 286.3M   0      0 263.8k      0 1:17:44   18:31   59:13 359.4k
 23  1.17G  23 286.7M   0      0 263.9k      0 1:17:43   18:32   59:11 344.7k
 23  1.17G  23 287.0M   0      0 263.9k      0 1:17:42   18:33   59:09 324.1k
 23  1.17G  23 287.3M   0      0 264.0k      0 1:17:41   18:34   59:07 311.9k
 23  1.17G  23 287.6M   0      0 264.0k      0 1:17:40   18:35   59:05 301.7k
 23  1.17G  23 287.9M   0      0 264.1k      0 1:17:39   18:36   59:03 318.4k
 23  1.17G  23 288.3M   0      0 264.2k      0 1:17:38   18:37   59:01 329.4k
 24  1.17G  24 288.8M   0      0 264.4k      0 1:17:34   18:38   58:56 363.1k
 24  1.17G  24 289.4M   0      0 264.7k      0 1:17:28   18:39   58:49 428.5k
 24  1.17G  24 290.0M   0      0 265.0k      0 1:17:23   18:40   58:43 482.1k
 24  1.17G  24 290.4M   0      0 265.1k      0 1:17:22   18:41   58:41 484.0k
 24  1.17G  24 290.8M   0      0 265.2k      0 1:17:19   18:42   58:37 493.1k
 24  1.17G  24 291.2M   0      0 265.3k      0 1:17:17   18:43   58:34 476.7k
 24  1.17G  24 291.5M   0      0 265.4k      0 1:17:16   18:44   58:32 416.4k
 24  1.17G  24 291.9M   0      0 265.5k      0 1:17:15   18:45   58:30 368.0k
 24  1.17G  24 292.2M   0      0 265.6k      0 1:17:13   18:46   58:27 373.0k
 24  1.17G  24 292.6M   0      0 265.7k      0 1:17:12   18:47   58:25 361.5k
 24  1.17G  24 292.9M   0      0 265.7k      0 1:17:11   18:48   58:23 348.0k
 24  1.17G  24 293.3M   0      0 265.8k      0 1:17:09   18:49   58:20 348.7k
 24  1.17G  24 293.7M   0      0 266.0k      0 1:17:06   18:50   58:16 377.1k
 24  1.17G  24 294.2M   0      0 266.2k      0 1:17:03   18:51   58:12 401.1k
 24  1.17G  24 294.9M   0      0 266.6k      0 1:16:56   18:52   58:04 471.8k
 24  1.17G  24 295.3M   0      0 266.7k      0 1:16:54   18:53   58:01 484.3k
 24  1.17G  24 295.9M   0      0 267.0k      0 1:16:49   18:55   57:54 516.4k
 24  1.17G  24 296.4M   0      0 267.2k      0 1:16:45   18:56   57:49 516.9k
 24  1.17G  24 296.7M   0      0 267.1k      0 1:16:46   18:57   57:49 462.4k
 24  1.17G  24 297.1M   0      0 267.2k      0 1:16:45   18:58   57:47 391.5k
 24  1.17G  24 297.5M   0      0 267.3k      0 1:16:43   18:59   57:44 386.7k
 24  1.17G  24 297.8M   0      0 267.4k      0 1:16:42   19:00   57:42 357.2k
 24  1.17G  24 298.2M   0      0 267.5k      0 1:16:40   19:01   57:39 328.1k
 24  1.17G  24 298.6M   0      0 267.6k      0 1:16:38   19:02   57:36 362.6k
 24  1.17G  24 299.0M   0      0 267.7k      0 1:16:36   19:03   57:33 380.5k
 24  1.17G  24 299.6M   0      0 268.0k      0 1:16:32   19:04   57:28 416.2k
 24  1.17G  24 300.1M   0      0 268.2k      0 1:16:28   19:05   57:23 434.5k
 25  1.17G  25 300.6M   0      0 268.3k      0 1:16:25   19:06   57:19 455.2k
 25  1.17G  25 300.9M   0      0 268.4k      0 1:16:24   19:07   57:17 452.5k
 25  1.17G  25 301.3M   0      0 268.5k      0 1:16:22   19:08   57:14 442.8k
 25  1.17G  25 301.7M   0      0 268.6k      0 1:16:21   19:10   57:11 407.4k
 25  1.17G  25 302.1M   0      0 268.7k      0 1:16:20   19:11   57:09 376.3k
 25  1.17G  25 302.3M   0      0 268.7k      0 1:16:20   19:12   57:08 341.1k
 25  1.17G  25 302.7M   0      0 268.7k      0 1:16:19   19:13   57:06 334.6k
 25  1.17G  25 303.0M   0      0 268.8k      0 1:16:17   19:14   57:03 340.0k
 25  1.17G  25 303.3M   0      0 268.8k      0 1:16:17   19:15   57:02 320.2k
 25  1.17G  25 303.6M   0      0 268.9k      0 1:16:16   19:16   57:00 313.9k
 25  1.17G  25 303.9M   0      0 268.9k      0 1:16:16   19:17   56:59 314.5k
 25  1.17G  25 304.2M   0      0 268.9k      0 1:16:16   19:18   56:58 299.9k
 25  1.17G  25 304.5M   0      0 268.9k      0 1:16:16   19:19   56:57 277.8k
 25  1.17G  25 304.7M   0      0 268.9k      0 1:16:17   19:20   56:57 269.9k
 25  1.17G  25 305.0M   0      0 268.9k      0 1:16:16   19:21   56:55 273.5k
 25  1.17G  25 305.3M   0      0 268.9k      0 1:16:16   19:22   56:54 277.0k
 25  1.17G  25 305.6M   0      0 268.9k      0 1:16:15   19:23   56:52 283.1k
 25  1.17G  25 306.0M   0      0 269.0k      0 1:16:15   19:24   56:51 290.1k
 25  1.17G  25 306.3M   0      0 269.0k      0 1:16:13   19:25   56:48 312.1k
 25  1.17G  25 306.6M   0      0 269.1k      0 1:16:13   19:26   56:47 314.3k
 25  1.17G  25 307.0M   0      0 269.2k      0 1:16:11   19:27   56:44 324.2k
 25  1.17G  25 307.4M   0      0 269.3k      0 1:16:10   19:28   56:42 341.2k
 25  1.17G  25 307.8M   0      0 269.3k      0 1:16:09   19:30   56:39 336.7k
 25  1.17G  25 308.0M   0      0 269.3k      0 1:16:09   19:31   56:38 321.3k
 25  1.17G  25 308.3M   0      0 269.3k      0 1:16:09   19:32   56:37 308.8k
 25  1.17G  25 308.6M   0      0 269.3k      0 1:16:09   19:33   56:36 294.9k
 25  1.17G  25 308.8M   0      0 269.3k      0 1:16:10   19:34   56:36 265.0k
 25  1.17G  25 309.1M   0      0 269.3k      0 1:16:10   19:35   56:35 260.6k
 25  1.17G  25 309.4M   0      0 269.2k      0 1:16:10   19:36   56:34 255.1k
 25  1.17G  25 309.6M   0      0 269.2k      0 1:16:11   19:37   56:34 244.1k
 25  1.17G  25 309.8M   0      0 269.2k      0 1:16:11   19:38   56:33 247.2k
 25  1.17G  25 310.1M   0      0 269.2k      0 1:16:11   19:39   56:32 259.8k
 25  1.17G  25 310.4M   0      0 269.2k      0 1:16:10   19:40   56:30 263.5k
 25  1.17G  25 310.7M   0      0 269.3k      0 1:16:10   19:41   56:29 276.6k
 25  1.17G  25 311.1M   0      0 269.3k      0 1:16:09   19:42   56:27 304.9k
 25  1.17G  25 311.5M   0      0 269.5k      0 1:16:06   19:43   56:23 332.3k
 25  1.17G  25 312.2M   0      0 269.8k      0 1:16:01   19:44   56:17 403.3k
 26  1.17G  26 312.7M   0      0 270.0k      0 1:15:57   19:45   56:12 445.8k
 26  1.17G  26 313.2M   0      0 270.1k      0 1:15:56   19:47   56:09 440.6k
 26  1.17G  26 313.6M   0      0 270.2k      0 1:15:54   19:48   56:06 457.3k
 26  1.17G  26 314.0M   0      0 270.3k      0 1:15:52   19:49   56:03 455.2k
 26  1.17G  26 314.2M   0      0 270.3k      0 1:15:52   19:50   56:02 375.5k
 26  1.17G  26 314.6M   0      0 270.4k      0 1:15:51   19:51   56:00 343.2k
 26  1.17G  26 314.8M   0      0 270.3k      0 1:15:51   19:52   55:59 331.4k
 26  1.17G  26 315.1M   0      0 270.3k      0 1:15:52   19:53   55:59 296.1k
 26  1.17G  26 315.4M   0      0 270.3k      0 1:15:52   19:54   55:58 266.1k
 26  1.17G  26 315.6M   0      0 270.3k      0 1:15:52   19:55   55:57 276.0k
 26  1.17G  26 315.9M   0      0 270.3k      0 1:15:52   19:56   55:56 267.0k
 26  1.17G  26 316.2M   0      0 270.4k      0 1:15:51   19:57   55:54 272.5k
 26  1.17G  26 316.5M   0      0 270.3k      0 1:15:52   19:58   55:54 273.0k
 26  1.17G  26 316.8M   0      0 270.4k      0 1:15:51   19:59   55:52 287.3k
 26  1.17G  26 317.2M   0      0 270.5k      0 1:15:49   20:00   55:49 316.6k
 26  1.17G  26 317.6M   0      0 270.6k      0 1:15:47   20:01   55:46 335.9k
 26  1.17G  26 318.0M   0      0 270.7k      0 1:15:45   20:02   55:43 360.6k
 26  1.17G  26 318.3M   0      0 270.8k      0 1:15:45   20:03   55:42 366.0k
 26  1.17G  26 318.7M   0      0 270.8k      0 1:15:43   20:04   55:39 376.6k
 26  1.17G  26 319.0M   0      0 270.9k      0 1:15:42   20:05   55:37 356.1k
 26  1.17G  26 319.4M   0      0 271.0k      0 1:15:41   20:06   55:35 347.8k
 26  1.17G  26 319.8M   0      0 271.1k      0 1:15:39   20:07   55:32 347.0k
 26  1.17G  26 320.3M   0      0 271.2k      0 1:15:36   20:09   55:27 385.9k
 26  1.17G  26 320.8M   0      0 271.5k      0 1:15:33   20:10   55:23 411.3k
 26  1.17G  26 321.4M   0      0 271.8k      0 1:15:28   20:11   55:17 472.5k
 26  1.17G  26 322.0M   0      0 272.0k      0 1:15:23   20:12   55:11 521.2k
 26  1.17G  26 322.6M   0      0 272.3k      0 1:15:19   20:13   55:06 543.6k
 26  1.17G  26 322.7M   0      0 272.1k      0 1:15:22   20:14   55:08 463.0k
 26  1.17G  26 323.1M   0      0 272.2k      0 1:15:21   20:15   55:06 441.7k
 26  1.17G  26 323.5M   0      0 272.3k      0 1:15:19   20:16   55:03 400.5k
 26  1.17G  26 323.9M   0      0 272.4k      0 1:15:17   20:17   55:00 365.6k
 26  1.17G  26 324.4M   0      0 272.6k      0 1:15:14   20:18   54:56 349.7k
 27  1.17G  27 324.9M   0      0 272.8k      0 1:15:11   20:19   54:52 429.4k
 27  1.17G  27 325.3M   0      0 272.9k      0 1:15:09   20:20   54:49 430.8k
 27  1.17G  27 325.7M   0      0 273.0k      0 1:15:07   20:21   54:46 435.8k
 27  1.17G  27 326.1M   0      0 273.1k      0 1:15:06   20:22   54:44 423.3k
 27  1.17G  27 326.5M   0      0 273.2k      0 1:15:05   20:23   54:42 402.8k
 27  1.17G  27 326.7M   0      0 273.2k      0 1:15:05   20:24   54:41 364.3k
 27  1.17G  27 327.1M   0      0 273.2k      0 1:15:04   20:25   54:39 344.3k
 27  1.17G  27 327.3M   0      0 273.2k      0 1:15:05   20:27   54:38 304.2k
 27  1.17G  27 327.6M   0      0 273.2k      0 1:15:04   20:28   54:36 292.0k
 27  1.17G  27 327.9M   0      0 273.2k      0 1:15:04   20:29   54:35 284.7k
 27  1.17G  27 328.2M   0      0 273.2k      0 1:15:04   20:30   54:34 284.5k
 27  1.17G  27 328.4M   0      0 273.1k      0 1:15:06   20:31   54:35 251.4k
 27  1.17G  27 328.6M   0      0 273.0k      0 1:15:07   20:32   54:35 243.6k
 27  1.17G  27 328.9M   0      0 273.1k      0 1:15:06   20:33   54:33 247.6k
 27  1.17G  27 329.2M   0      0 273.1k      0 1:15:06   20:34   54:32 246.7k
 27  1.17G  27 329.5M   0      0 273.1k      0 1:15:05   20:35   54:30 254.5k
 27  1.17G  27 329.9M   0      0 273.2k      0 1:15:04   20:36   54:28 293.0k
 27  1.17G  27 330.2M   0      0 273.2k      0 1:15:04   20:37   54:27 315.6k
 27  1.17G  27 330.6M   0      0 273.3k      0 1:15:02   20:38   54:24 337.5k
 27  1.17G  27 331.0M   0      0 273.5k      0 1:14:59   20:39   54:20 369.8k
 27  1.17G  27 331.7M   0      0 273.8k      0 1:14:54   20:40   54:14 446.6k
 27  1.17G  27 332.3M   0      0 274.0k      0 1:14:50   20:41   54:09 479.2k
 27  1.17G  27 332.9M   0      0 274.3k      0 1:14:46   20:42   54:04 516.2k
 27  1.17G  27 333.4M   0      0 274.5k      0 1:14:43   20:43   54:00 535.7k
 27  1.17G  27 333.9M   0      0 274.6k      0 1:14:41   20:45   53:56 520.5k
 27  1.17G  27 334.2M   0      0 274.6k      0 1:14:41   20:46   53:55 450.7k
 27  1.17G  27 334.6M   0      0 274.7k      0 1:14:39   20:47   53:52 430.5k
 27  1.17G  27 335.0M   0      0 274.8k      0 1:14:38   20:48   53:50 394.1k
 27  1.17G  27 335.3M   0      0 274.9k      0 1:14:37   20:49   53:48 366.9k
 27  1.17G  27 335.7M   0      0 274.9k      0 1:14:35   20:50   53:45 359.1k
 27  1.17G  27 336.0M   0      0 274.9k      0 1:14:36   20:51   53:45 342.4k
 27  1.17G  27 336.5M   0      0 275.1k      0 1:14:33   20:52   53:41 359.4k
 28  1.17G  28 336.8M   0      0 275.1k      0 1:14:32   20:53   53:39 358.1k
 28  1.17G  28 337.3M   0      0 275.3k      0 1:14:29   20:54   53:35 382.2k
 28  1.17G  28 337.7M   0      0 275.4k      0 1:14:28   20:55   53:33 389.7k
 28  1.17G  28 338.2M   0      0 275.6k      0 1:14:25   20:56   53:29 440.0k
 28  1.17G  28 338.6M   0      0 275.7k      0 1:14:23   20:57   53:26 422.7k
 28  1.17G  28 339.0M   0      0 275.8k      0 1:14:22   20:58   53:24 437.3k
 28  1.17G  28 339.4M   0      0 275.9k      0 1:14:20   20:59   53:21 415.5k
 28  1.17G  28 339.8M   0      0 276.0k      0 1:14:19   21:00   53:19 409.1k
 28  1.17G  28 340.0M   0      0 276.0k      0 1:14:19   21:01   53:18 367.9k
 28  1.17G  28 340.3M   0      0 276.0k      0 1:14:19   21:02   53:17 348.0k
 28  1.17G  28 340.5M   0      0 275.9k      0 1:14:19   21:03   53:16 307.7k
 28  1.17G  28 340.8M   0      0 275.9k      0 1:14:19   21:04   53:15 288.2k
 28  1.17G  28 341.2M   0      0 276.0k      0 1:14:18   21:05   53:13 283.0k
 28  1.17G  28 341.4M   0      0 276.0k      0 1:14:19   21:06   53:13 275.7k
 28  1.17G  28 341.7M   0      0 275.9k      0 1:14:19   21:07   53:12 269.7k
 28  1.17G  28 342.0M   0      0 276.0k      0 1:14:19   21:08   53:11 285.4k
 28  1.17G  28 342.3M   0      0 276.0k      0 1:14:19   21:09   53:10 285.5k
 28  1.17G  28 342.6M   0      0 276.0k      0 1:14:18   21:10   53:08 283.5k
 28  1.17G  28 342.9M   0      0 276.0k      0 1:14:18   21:11   53:07 292.9k
 28  1.17G  28 343.2M   0      0 276.1k      0 1:14:17   21:13   53:04 312.9k
 28  1.17G  28 343.6M   0      0 276.2k      0 1:14:16   21:14   53:02 324.5k
 28  1.17G  28 343.9M   0      0 276.2k      0 1:14:16   21:15   53:01 320.8k
 28  1.17G  28 344.3M   0      0 276.2k      0 1:14:14   21:16   52:58 328.5k
 28  1.17G  28 344.6M   0      0 276.2k      0 1:14:15   21:17   52:58 324.0k
 28  1.17G  28 344.8M   0      0 276.2k      0 1:14:15   21:18   52:57 305.2k
 28  1.17G  28 345.1M   0      0 276.2k      0 1:14:16   21:19   52:57 277.9k
 28  1.17G  28 345.3M   0      0 276.1k      0 1:14:16   21:20   52:56 268.6k
 28  1.17G  28 345.6M   0      0 276.1k      0 1:14:16   21:21   52:55 246.6k
 28  1.17G  28 345.8M   0      0 276.1k      0 1:14:17   21:22   52:55 244.0k
 28  1.17G  28 346.1M   0      0 276.1k      0 1:14:17   21:23   52:54 244.5k
 28  1.17G  28 346.3M   0      0 276.1k      0 1:14:17   21:24   52:53 256.9k
 28  1.17G  28 346.7M   0      0 276.1k      0 1:14:16   21:25   52:51 274.8k
 28  1.17G  28 347.0M   0      0 276.2k      0 1:14:15   21:26   52:49 294.6k
 28  1.17G  28 347.3M   0      0 276.2k      0 1:14:15   21:27   52:48 304.3k
 28  1.17G  28 347.7M   0      0 276.3k      0 1:14:14   21:28   52:46 320.4k
 28  1.17G  28 348.0M   0      0 276.3k      0 1:14:14   21:29   52:45 325.6k
 28  1.17G  28 348.2M   0      0 276.2k      0 1:14:15   21:30   52:45 300.1k
 28  1.17G  28 348.5M   0      0 276.2k      0 1:14:15   21:31   52:44 284.1k
 29  1.17G  29 348.8M   0      0 276.2k      0 1:14:15   21:33   52:42 270.9k
 29  1.17G  29 349.0M   0      0 276.1k      0 1:14:16   21:34   52:42 246.7k
 29  1.17G  29 349.2M   0      0 276.1k      0 1:14:16   21:35   52:41 233.1k
 29  1.17G  29 349.5M   0      0 276.1k      0 1:14:16   21:36   52:40 253.8k
 29  1.17G  29 349.8M   0      0 276.1k      0 1:14:17   21:37   52:40 244.5k
 29  1.17G  29 350.1M   0      0 276.1k      0 1:14:17   21:38   52:39 250.2k
 29  1.17G  29 350.3M   0      0 276.1k      0 1:14:17   21:39   52:38 256.0k
 29  1.17G  29 350.6M   0      0 276.0k      0 1:14:18   21:40   52:38 260.5k
 29  1.17G  29 350.9M   0      0 276.1k      0 1:14:17   21:41   52:36 264.0k
 29  1.17G  29 351.2M   0      0 276.0k      0 1:14:18   21:42   52:36 258.1k
 29  1.17G  29 351.4M   0      0 276.0k      0 1:14:19   21:43   52:36 252.8k
 29  1.17G  29 351.6M   0      0 275.9k      0 1:14:19   21:44   52:35 245.9k
 29  1.17G  29 351.8M   0      0 275.9k      0 1:14:20   21:45   52:35 237.4k
 29  1.17G  29 352.1M   0      0 275.8k      0 1:14:21   21:46   52:35 216.7k
 29  1.17G  29 352.3M   0      0 275.8k      0 1:14:21   21:47   52:34 227.7k
 29  1.17G  29 352.6M   0      0 275.8k      0 1:14:22   21:48   52:34 228.4k
 29  1.17G  29 352.8M   0      0 275.8k      0 1:14:22   21:50   52:32 232.2k
 29  1.17G  29 353.0M   0      0 275.7k      0 1:14:23   21:51   52:32 230.9k
 29  1.17G  29 353.3M   0      0 275.7k      0 1:14:23   21:52   52:31 239.1k
 29  1.17G  29 353.5M   0      0 275.6k      0 1:14:25   21:53   52:32 216.6k
 29  1.17G  29 353.6M   0      0 275.4k      0 1:14:27   21:54   52:33 189.0k
 29  1.17G  29 353.8M   0      0 275.4k      0 1:14:29   21:55   52:34 180.5k
 29  1.17G  29 354.0M   0      0 275.3k      0 1:14:29   21:56   52:33 187.7k
 29  1.17G  29 354.3M   0      0 275.3k      0 1:14:29   21:57   52:32 183.4k
 29  1.17G  29 354.5M   0      0 275.3k      0 1:14:30   21:58   52:32 197.4k
 29  1.17G  29 354.7M   0      0 275.3k      0 1:14:30   21:59   52:31 232.8k
 29  1.17G  29 355.1M   0      0 275.3k      0 1:14:30   22:00   52:30 255.5k
 29  1.17G  29 355.5M   0      0 275.4k      0 1:14:28   22:01   52:27 291.6k
 29  1.17G  29 356.0M   0      0 275.5k      0 1:14:26   22:03   52:23 333.1k
 29  1.17G  29 356.5M   0      0 275.6k      0 1:14:24   22:04   52:20 358.9k
 29  1.17G  29 356.8M   0      0 275.7k      0 1:14:24   22:05   52:19 367.7k
 29  1.17G  29 357.1M   0      0 275.7k      0 1:14:24   22:06   52:18 360.1k
 29  1.17G  29 357.3M   0      0 275.6k      0 1:14:24   22:07   52:17 331.4k
 29  1.17G  29 357.7M   0      0 275.7k      0 1:14:24   22:08   52:16 302.0k
 29  1.17G  29 358.0M   0      0 275.7k      0 1:14:23   22:09   52:14 286.3k
 29  1.17G  29 358.4M   0      0 275.7k      0 1:14:23   22:10   52:13 291.6k
 29  1.17G  29 358.7M   0      0 275.8k      0 1:14:22   22:11   52:11 301.4k
 29  1.17G  29 359.0M   0      0 275.8k      0 1:14:21   22:12   52:09 319.9k
 29  1.17G  29 359.4M   0      0 275.9k      0 1:14:20   22:13   52:07 339.7k
 29  1.17G  29 359.8M   0      0 276.0k      0 1:14:18   22:15   52:03 357.0k
 29  1.17G  29 360.3M   0      0 276.1k      0 1:14:16   22:16   52:00 373.6k
 30  1.17G  30 360.7M   0      0 276.2k      0 1:14:15   22:17   51:58 390.5k
 30  1.17G  30 360.8M   0      0 276.1k      0 1:14:17   22:18   51:59 337.7k
 30  1.17G  30 361.0M   0      0 276.0k      0 1:14:18   22:19   51:59 302.5k
 30  1.17G  30 361.6M   0      0 276.2k      0 1:14:14   22:20   51:54 338.5k
 30  1.17G  30 362.0M   0      0 276.4k      0 1:14:13   22:21   51:52 338.5k
 30  1.17G  30 362.3M   0      0 276.4k      0 1:14:12   22:22   51:50 328.3k
 30  1.17G  30 362.7M   0      0 276.4k      0 1:14:11   22:23   51:48 372.5k
 30  1.17G  30 363.0M   0      0 276.5k      0 1:14:10   22:24   51:46 408.3k
 30  1.17G  30 363.4M   0      0 276.6k      0 1:14:09   22:25   51:44 365.0k
 30  1.17G  30 363.7M   0      0 276.6k      0 1:14:08   22:26   51:42 341.9k
 30  1.17G  30 364.0M   0      0 276.6k      0 1:14:08   22:27   51:41 334.4k
 30  1.17G  30 364.4M   0      0 276.7k      0 1:14:07   22:28   51:39 345.9k
 30  1.17G  30 364.8M   0      0 276.8k      0 1:14:06   22:29   51:37 346.3k
 30  1.17G  30 365.1M   0      0 276.8k      0 1:14:05   22:30   51:35 346.8k
 30  1.17G  30 365.5M   0      0 276.9k      0 1:14:03   22:31   51:32 364.1k
 30  1.17G  30 365.9M   0      0 277.0k      0 1:14:02   22:32   51:30 380.5k
 30  1.17G  30 366.0M   0      0 276.9k      0 1:14:04   22:33   51:31 325.8k
 30  1.17G  30 366.3M   0      0 276.8k      0 1:14:05   22:34   51:31 290.8k
 30  1.17G  30 366.4M   0      0 276.7k      0 1:14:07   22:35   51:32 236.1k
 30  1.17G  30 366.6M   0      0 276.6k      0 1:14:08   22:36   51:32 200.7k
 30  1.17G  30 366.7M   0      0 276.5k      0 1:14:10   22:38   51:32 150.8k
 30  1.17G  30 366.9M   0      0 276.4k      0 1:14:11   22:39   51:32 166.5k
 30  1.17G  30 367.0M   0      0 276.2k      0 1:14:15   22:40   51:35 125.2k
 30  1.17G  30 367.1M   0      0 276.0k      0 1:14:18   22:41   51:37 121.0k
 30  1.17G  30 367.2M   0      0 275.9k      0 1:14:20   22:42   51:38 110.9k
 30  1.17G  30 367.2M   0      0 275.7k      0 1:14:23   22:44   51:39  91971
 30  1.17G  30 367.3M   0      0 275.5k      0 1:14:26   22:45   51:41  61172
 30  1.17G  30 367.4M   0      0 275.4k      0 1:14:29   22:46   51:43  72761
 30  1.17G  30 367.4M   0      0 275.2k      0 1:14:32   22:47   51:45  64400
 30  1.17G  30 367.5M   0      0 275.0k      0 1:14:34   22:48   51:46  51045
 30  1.17G  30 367.6M   0      0 274.9k      0 1:14:36   22:49   51:47  71215
 30  1.17G  30 367.7M   0      0 274.8k      0 1:14:38   22:50   51:48  85192
 30  1.17G  30 367.8M   0      0 274.6k      0 1:14:40   22:51   51:49  89476
 30  1.17G  30 368.0M   0      0 274.5k      0 1:14:42   22:52   51:50 111.9k
 30  1.17G  30 368.2M   0      0 274.5k      0 1:14:43   22:53   51:50 135.5k
 30  1.17G  30 368.5M   0      0 274.5k      0 1:14:43   22:54   51:49 171.4k
 30  1.17G  30 368.9M   0      0 274.6k      0 1:14:41   22:55   51:46 229.1k
 30  1.17G  30 369.1M   0      0 274.5k      0 1:14:43   22:57   51:46 229.7k
 30  1.17G  30 369.2M   0      0 274.3k      0 1:14:45   22:58   51:47 223.4k
 30  1.17G  30 369.3M   0      0 274.1k      0 1:14:49   22:59   51:50 191.3k
 30  1.17G  30 369.3M   0      0 274.0k      0 1:14:51   23:00   51:51 147.9k
 30  1.17G  30 369.4M   0      0 273.8k      0 1:14:54   23:01   51:53  84942
 30  1.17G  30 369.4M   0      0 273.6k      0 1:14:57   23:02   51:55  67030
 30  1.17G  30 369.5M   0      0 273.5k      0 1:15:00   23:03   51:57  54512
 30  1.17G  30 369.5M   0      0 273.3k      0 1:15:03   23:04   51:59  49987
 30  1.17G  30 369.5M   0      0 273.1k      0 1:15:06   23:05   52:01  46701
 30  1.17G  30 369.6M   0      0 272.9k      0 1:15:08   23:06   52:02  43249
 30  1.17G  30 369.6M   0      0 272.7k      0 1:15:12   23:07   52:05  38739
 30  1.17G  30 369.7M   0      0 272.5k      0 1:15:15   23:08   52:07  35540
 30  1.17G  30 369.7M   0      0 272.3k      0 1:15:18   23:10   52:08  38389
 30  1.17G  30 369.8M   0      0 272.2k      0 1:15:21   23:11   52:10  38466
 30  1.17G  30 369.8M   0      0 271.9k      0 1:15:26   23:12   52:14  36933
 30  1.17G  30 369.8M   0      0 271.7k      0 1:15:29   23:13   52:16  38200
 30  1.17G  30 369.9M   0      0 271.5k      0 1:15:31   23:14   52:17  46668
 30  1.17G  30 370.0M   0      0 271.4k      0 1:15:34   23:16   52:18  53452
 30  1.17G  30 370.1M   0      0 271.2k      0 1:15:37   23:17   52:20  58857
 30  1.17G  30 370.2M   0      0 271.0k      0 1:15:41   23:18   52:23  62103
 30  1.17G  30 370.2M   0      0 270.8k      0 1:15:44   23:19   52:25  65380
 30  1.17G  30 370.2M   0      0 270.6k      0 1:15:47   23:21   52:26  56036
 30  1.17G  30 370.3M   0      0 270.4k      0 1:15:50   23:22   52:28  52037
 30  1.17G  30 370.4M   0      0 270.3k      0 1:15:52   23:23   52:29  55146
 30  1.17G  30 370.5M   0      0 270.2k      0 1:15:54   23:24   52:30  64626
 30  1.17G  30 370.6M   0      0 270.1k      0 1:15:56   23:25   52:31  78800
 30  1.17G  30 370.7M   0      0 269.9k      0 1:15:59   23:26   52:33  95791
 30  1.17G  30 370.9M   0      0 269.8k      0 1:16:01   23:27   52:34 108.0k
 30  1.17G  30 371.0M   0      0 269.7k      0 1:16:03   23:28   52:35 108.3k
 30  1.17G  30 371.1M   0      0 269.5k      0 1:16:05   23:29   52:36 107.6k
 30  1.17G  30 371.1M   0      0 269.3k      0 1:16:10   23:31   52:39  88653
 30  1.17G  30 371.2M   0      0 269.1k      0 1:16:13   23:32   52:41  78427
 30  1.17G  30 371.3M   0      0 269.0k      0 1:16:15   23:33   52:42  76183
 30  1.17G  30 371.4M   0      0 268.8k      0 1:16:17   23:34   52:43  75459
 30  1.17G  30 371.6M   0      0 268.7k      0 1:16:19   23:35   52:44  83841
 30  1.17G  30 371.7M   0      0 268.6k      0 1:16:21   23:36   52:45 107.5k
 30  1.17G  30 372.0M   0      0 268.6k      0 1:16:22   23:38   52:44 138.9k
 30  1.17G  30 372.0M   0      0 268.4k      0 1:16:24   23:39   52:45 133.2k
 30  1.17G  30 372.2M   0      0 268.4k      0 1:16:25   23:40   52:45 149.3k
 30  1.17G  30 372.5M   0      0 268.4k      0 1:16:24   23:41   52:43 183.9k
 31  1.17G  31 372.8M   0      0 268.4k      0 1:16:25   23:42   52:43 206.2k
 31  1.17G  31 373.1M   0      0 268.4k      0 1:16:24   23:43   52:41 225.1k
 31  1.17G  31 373.4M   0      0 268.4k      0 1:16:24   23:44   52:40 258.4k
 31  1.17G  31 373.5M   0      0 268.3k      0 1:16:26   23:45   52:41 244.3k
 31  1.17G  31 373.7M   0      0 268.2k      0 1:16:28   23:46   52:42 216.9k
 31  1.17G  31 373.9M   0      0 268.1k      0 1:16:29   23:47   52:42 201.9k
 31  1.17G  31 374.1M   0      0 268.1k      0 1:16:30   23:48   52:42 180.8k
 31  1.17G  31 374.3M   0      0 268.0k      0 1:16:30   23:49   52:41 174.4k
 31  1.17G  31 374.5M   0      0 268.0k      0 1:16:31   23:51   52:40 189.7k
 31  1.17G  31 374.8M   0      0 268.0k      0 1:16:32   23:52   52:40 210.7k
 31  1.17G  31 375.1M   0      0 267.9k      0 1:16:34   23:53   52:41 202.7k
 31  1.17G  31 375.2M   0      0 267.8k      0 1:16:35   23:54   52:41 192.3k
 31  1.17G  31 375.3M   0      0 267.7k      0 1:16:37   23:55   52:42 173.1k
 31  1.17G  31 375.5M   0      0 267.6k      0 1:16:39   23:56   52:43 160.9k
 31  1.17G  31 375.6M   0      0 267.5k      0 1:16:41   23:57   52:44 139.3k
 31  1.17G  31 375.7M   0      0 267.4k      0 1:16:42   23:58   52:44 135.3k
 31  1.17G  31 375.9M   0      0 267.3k      0 1:16:43   23:59   52:44 139.7k
 31  1.17G  31 376.1M   0      0 267.2k      0 1:16:44   24:01   52:43 151.7k
 31  1.17G  31 376.5M   0      0 267.3k      0 1:16:44   24:02   52:42 193.6k
 31  1.17G  31 376.9M   0      0 267.3k      0 1:16:43   24:03   52:40 233.7k
 31  1.17G  31 377.3M   0      0 267.4k      0 1:16:41   24:04   52:37 278.6k
 31  1.17G  31 377.6M   0      0 267.5k      0 1:16:41   24:05   52:36 305.9k
 31  1.17G  31 377.8M   0      0 267.4k      0 1:16:41   24:06   52:35 313.9k
 31  1.17G  31 378.0M   0      0 267.3k      0 1:16:43   24:07   52:36 273.8k
 31  1.17G  31 378.1M   0      0 267.2k      0 1:16:45   24:08   52:37 235.5k
 31  1.17G  31 378.3M   0      0 267.2k      0 1:16:45   24:09   52:36 203.1k
 31  1.17G  31 378.5M   0      0 267.1k      0 1:16:46   24:10   52:36 177.3k
 31  1.17G  31 378.6M   0      0 267.0k      0 1:16:49   24:11   52:38 140.9k
 31  1.17G  31 378.6M   0      0 266.8k      0 1:16:53   24:13   52:40 116.0k
 31  1.17G  31 378.7M   0      0 266.6k      0 1:16:55   24:14   52:41 112.2k
 31  1.17G  31 378.8M   0      0 266.6k      0 1:16:56   24:15   52:41  98273
 31  1.17G  31 379.0M   0      0 266.5k      0 1:16:57   24:16   52:41 97.86k
 31  1.17G  31 379.3M   0      0 266.5k      0 1:16:58   24:17   52:41 134.8k
 31  1.17G  31 379.4M   0      0 266.4k      0 1:16:59   24:18   52:41 165.5k
 31  1.17G  31 379.6M   0      0 266.3k      0 1:17:00   24:19   52:41 179.8k
 31  1.17G  31 379.8M   0      0 266.2k      0 1:17:02   24:20   52:42 178.9k
 31  1.17G  31 380.0M   0      0 266.2k      0 1:17:03   24:21   52:42 173.8k
 31  1.17G  31 380.1M   0      0 266.1k      0 1:17:04   24:22   52:42 164.0k
 31  1.17G  31 380.3M   0      0 266.0k      0 1:17:05   24:23   52:42 167.5k
 31  1.17G  31 380.5M   0      0 265.9k      0 1:17:07   24:25   52:42 154.7k
 31  1.17G  31 380.6M   0      0 265.8k      0 1:17:09   24:26   52:43 154.9k
 31  1.17G  31 380.8M   0      0 265.7k      0 1:17:10   24:27   52:43 153.6k
 31  1.17G  31 381.0M   0      0 265.7k      0 1:17:11   24:28   52:43 156.6k
 31  1.17G  31 381.2M   0      0 265.7k      0 1:17:12   24:29   52:43 165.1k
 31  1.17G  31 381.4M   0      0 265.6k      0 1:17:13   24:30   52:43 179.6k
 31  1.17G  31 381.4M   0      0 265.5k      0 1:17:15   24:31   52:44 163.5k
 31  1.17G  31 381.6M   0      0 265.4k      0 1:17:17   24:32   52:45 159.7k
 31  1.17G  31 381.8M   0      0 265.3k      0 1:17:17   24:33   52:44 168.3k
 31  1.17G  31 382.0M   0      0 265.3k      0 1:17:18   24:34   52:44 162.5k
 31  1.17G  31 382.2M   0      0 265.2k      0 1:17:19   24:35   52:44 163.8k
 31  1.17G  31 382.4M   0      0 265.2k      0 1:17:20   24:36   52:44 184.8k
 31  1.17G  31 382.6M   0      0 265.1k      0 1:17:22   24:37   52:45 185.3k
 31  1.17G  31 382.6M   0      0 264.9k      0 1:17:25   24:39   52:46 146.5k
 31  1.17G  31 382.8M   0      0 264.8k      0 1:17:27   24:40   52:47 134.9k
 31  1.17G  31 382.9M   0      0 264.7k      0 1:17:29   24:41   52:48 120.1k
 31  1.17G  31 383.0M   0      0 264.6k      0 1:17:31   24:42   52:49 111.4k
 31  1.17G  31 383.1M   0      0 264.4k      0 1:17:33   24:43   52:50  99885
 31  1.17G  31 383.2M   0      0 264.3k      0 1:17:36   24:44   52:52 101.1k
 31  1.17G  31 383.3M   0      0 264.1k      0 1:17:39   24:46   52:53  96666
 31  1.17G  31 383.4M   0      0 264.0k      0 1:17:41   24:47   52:54  92703
 31  1.17G  31 383.5M   0      0 263.9k      0 1:17:43   24:48   52:55  91653
 31  1.17G  31 383.7M   0      0 263.8k      0 1:17:44   24:49   52:55 101.6k
 31  1.17G  31 383.8M   0      0 263.8k      0 1:17:45   24:50   52:55 122.7k
 31  1.17G  31 384.1M   0      0 263.8k      0 1:17:45   24:51   52:54 158.4k
 31  1.17G  31 384.6M   0      0 263.9k      0 1:17:43   24:52   52:51 222.3k
 32  1.17G  32 384.7M   0      0 263.8k      0 1:17:45   24:53   52:52 224.8k
 32  1.17G  32 385.0M   0      0 263.8k      0 1:17:44   24:54   52:50 266.6k
 32  1.17G  32 385.4M   0      0 263.9k      0 1:17:43   24:55   52:48 303.6k
 32  1.17G  32 385.7M   0      0 263.9k      0 1:17:43   24:56   52:47 302.7k
 32  1.17G  32 385.9M   0      0 263.8k      0 1:17:44   24:57   52:47 246.4k
 32  1.17G  32 386.1M   0      0 263.8k      0 1:17:45   24:58   52:47 263.6k
 32  1.17G  32 386.2M   0      0 263.7k      0 1:17:46   24:59   52:47 223.5k
 32  1.17G  32 386.3M   0      0 263.6k      0 1:17:49   25:00   52:49 171.7k
 32  1.17G  32 386.4M   0      0 263.4k      0 1:17:52   25:01   52:51 119.3k
 32  1.17G  32 386.4M   0      0 263.3k      0 1:17:54   25:03   52:51 109.0k
 32  1.17G  32 386.6M   0      0 263.1k      0 1:17:56   25:04   52:52  92229
 32  1.17G  32 386.7M   0      0 263.0k      0 1:17:58   25:05   52:53  88381
 32  1.17G  32 386.8M   0      0 262.9k      0 1:17:59   25:06   52:53  94447
 32  1.17G  32 387.0M   0      0 262.9k      0 1:18:01   25:07   52:54 117.3k
 32  1.17G  32 387.2M   0      0 262.8k      0 1:18:01   25:08   52:53 146.1k
 32  1.17G  32 387.4M   0      0 262.8k      0 1:18:02   25:09   52:53 161.3k
 32  1.17G  32 387.5M   0      0 262.7k      0 1:18:05   25:10   52:55 154.3k
 32  1.17G  32 387.6M   0      0 262.6k      0 1:18:06   25:11   52:55 152.4k
 32  1.17G  32 387.8M   0      0 262.5k      0 1:18:08   25:12   52:56 154.6k
 32  1.17G  32 387.9M   0      0 262.4k      0 1:18:10   25:13   52:57 134.9k
 32  1.17G  32 388.0M   0      0 262.2k      0 1:18:12   25:14   52:58 105.3k
 32  1.17G  32 388.1M   0      0 262.1k      0 1:18:15   25:16   52:59 104.6k
 32  1.17G  32 388.1M   0      0 262.0k      0 1:18:17   25:17   53:00  99910
 32  1.17G  32 388.3M   0      0 261.9k      0 1:18:19   25:18   53:01  95312
 32  1.17G  32 388.4M   0      0 261.7k      0 1:18:21   25:19   53:02  93226
 32  1.17G  32 388.6M   0      0 261.7k      0 1:18:22   25:20   53:02 110.1k
 32  1.17G  32 388.7M   0      0 261.6k      0 1:18:24   25:21   53:03 117.8k
 32  1.17G  32 388.8M   0      0 261.5k      0 1:18:25   25:22   53:03 132.7k
 32  1.17G  32 389.1M   0      0 261.5k      0 1:18:26   25:23   53:03 155.4k
 32  1.17G  32 389.3M   0      0 261.4k      0 1:18:27   25:24   53:03 168.0k
 32  1.17G  32 389.5M   0      0 261.4k      0 1:18:27   25:25   53:02 191.7k
 32  1.17G  32 389.8M   0      0 261.5k      0 1:18:26   25:26   53:00 226.7k
 32  1.17G  32 390.2M   0      0 261.5k      0 1:18:26   25:27   52:59 254.2k
 32  1.17G  32 390.5M   0      0 261.5k      0 1:18:25   25:28   52:57 267.6k
 32  1.17G  32 390.7M   0      0 261.5k      0 1:18:26   25:30   52:56 278.4k
 32  1.17G  32 390.9M   0      0 261.4k      0 1:18:28   25:31   52:57 242.9k
 32  1.17G  32 391.0M   0      0 261.2k      0 1:18:30   25:32   52:58 203.4k
 32  1.17G  32 391.2M   0      0 261.1k      0 1:18:32   25:33   52:59 169.0k
 32  1.17G  32 391.3M   0      0 261.0k      0 1:18:34   25:34   53:00 138.3k
 32  1.17G  32 391.5M   0      0 261.0k      0 1:18:35   25:36   52:59 127.9k
 32  1.17G  32 391.7M   0      0 260.9k      0 1:18:36   25:37   52:59 139.0k
 32  1.17G  32 391.9M   0      0 260.8k      0 1:18:38   25:38   53:00 149.4k
 32  1.17G  32 392.1M   0      0 260.8k      0 1:18:39   25:39   53:00 168.6k
 32  1.17G  32 392.4M   0      0 260.8k      0 1:18:38   25:40   52:58 196.4k
 32  1.17G  32 392.7M   0      0 260.8k      0 1:18:38   25:41   52:57 222.3k
 32  1.17G  32 393.0M   0      0 260.9k      0 1:18:37   25:42   52:55 244.3k
 32  1.17G  32 393.3M   0      0 260.9k      0 1:18:36   25:43   52:53 286.6k
 32  1.17G  32 393.7M   0      0 260.9k      0 1:18:35   25:44   52:51 312.3k
 32  1.17G  32 394.1M   0      0 261.0k      0 1:18:34   25:45   52:49 331.9k
 32  1.17G  32 394.6M   0      0 261.1k      0 1:18:33   25:47   52:46 333.5k
 32  1.17G  32 394.8M   0      0 261.1k      0 1:18:33   25:48   52:45 318.1k
 32  1.17G  32 395.0M   0      0 261.0k      0 1:18:34   25:49   52:45 294.3k
 32  1.17G  32 395.3M   0      0 261.0k      0 1:18:34   25:50   52:44 274.2k
 32  1.17G  32 395.5M   0      0 261.0k      0 1:18:35   25:51   52:44 249.6k
 32  1.17G  32 395.8M   0      0 261.0k      0 1:18:35   25:52   52:43 224.2k
 32  1.17G  32 396.0M   0      0 260.9k      0 1:18:36   25:53   52:43 218.3k
 32  1.17G  32 396.2M   0      0 260.9k      0 1:18:37   25:55   52:42 223.2k
 32  1.17G  32 396.5M   0      0 260.9k      0 1:18:37   25:56   52:41 223.7k
 33  1.17G  33 396.7M   0      0 260.9k      0 1:18:37   25:57   52:40 226.1k
 33  1.17G  33 397.0M   0      0 260.9k      0 1:18:36   25:58   52:38 237.9k
 33  1.17G  33 397.3M   0      0 260.9k      0 1:18:37   25:59   52:38 246.2k
 33  1.17G  33 397.4M   0      0 260.8k      0 1:18:38   26:00   52:38 233.8k
 33  1.17G  33 397.6M   0      0 260.7k      0 1:18:40   26:01   52:39 206.8k
 33  1.17G  33 397.6M   0      0 260.5k      0 1:18:44   26:03   52:41 161.4k
 33  1.17G  33 397.8M   0      0 260.5k      0 1:18:44   26:04   52:40 144.8k
 33  1.17G  33 398.1M   0      0 260.4k      0 1:18:44   26:05   52:39 142.7k
 33  1.17G  33 398.2M   0      0 260.3k      0 1:18:47   26:06   52:41 133.8k
 33  1.17G  33 398.3M   0      0 260.2k      0 1:18:49   26:07   52:42 121.9k
 33  1.17G  33 398.5M   0      0 260.1k      0 1:18:50   26:08   52:42 159.1k
 33  1.17G  33 398.7M   0      0 260.1k      0 1:18:50   26:09   52:41 163.5k
 33  1.17G  33 399.0M   0      0 260.1k      0 1:18:51   26:10   52:41 161.8k
 33  1.17G  33 399.2M   0      0 260.1k      0 1:18:51   26:11   52:40 194.9k
 33  1.17G  33 399.5M   0      0 260.1k      0 1:18:51   26:12   52:39 239.4k
 33  1.17G  33 399.6M   0      0 260.0k      0 1:18:53   26:13   52:40 215.0k
 33  1.17G  33 399.6M   0      0 259.8k      0 1:18:56   26:14   52:42 174.1k
 33  1.17G  33 399.8M   0      0 259.7k      0 1:18:57   26:15   52:42 158.2k
 33  1.17G  33 399.9M   0      0 259.6k      0 1:18:59   26:17   52:42 126.5k
 33  1.17G  33 400.0M   0      0 259.5k      0 1:19:01   26:18   52:43  94943
 33  1.17G  33 400.1M   0      0 259.4k      0 1:19:03   26:19   52:44  96354
 33  1.17G  33 400.2M   0      0 259.3k      0 1:19:05   26:20   52:45 114.2k
 33  1.17G  33 400.4M   0      0 259.3k      0 1:19:06   26:21   52:45 117.6k
 33  1.17G  33 400.7M   0      0 259.3k      0 1:19:06   26:22   52:44 154.2k
 33  1.17G  33 400.9M   0      0 259.2k      0 1:19:07   26:23   52:44 173.6k
 33  1.17G  33 401.2M   0      0 259.2k      0 1:19:07   26:24   52:43 199.3k
 33  1.17G  33 401.6M   0      0 259.3k      0 1:19:06   26:26   52:40 243.1k
 33  1.17G  33 401.9M   0      0 259.3k      0 1:19:06   26:27   52:39 253.9k
 33  1.17G  33 402.1M   0      0 259.2k      0 1:19:07   26:28   52:39 241.7k
 33  1.17G  33 402.2M   0      0 259.1k      0 1:19:08   26:29   52:39 234.5k
 33  1.17G  33 402.5M   0      0 259.1k      0 1:19:08   26:30   52:38 238.9k
 33  1.17G  33 402.7M   0      0 259.1k      0 1:19:08   26:31   52:37 221.8k
 33  1.17G  33 403.0M   0      0 259.2k      0 1:19:08   26:32   52:36 231.3k
 33  1.17G  33 403.3M   0      0 259.2k      0 1:19:08   26:33   52:35 246.1k
 33  1.17G  33 403.6M   0      0 259.2k      0 1:19:07   26:34   52:33 279.5k
 33  1.17G  33 403.9M   0      0 259.2k      0 1:19:06   26:35   52:31 292.7k
 33  1.17G  33 404.1M   0      0 259.1k      0 1:19:09   26:36   52:33 248.3k
 33  1.17G  33 404.1M   0      0 259.0k      0 1:19:12   26:37   52:35 200.4k
 33  1.17G  33 404.2M   0      0 258.9k      0 1:19:13   26:38   52:35 171.6k
 33  1.17G  33 404.5M   0      0 258.9k      0 1:19:13   26:39   52:34 168.3k
 33  1.17G  33 404.7M   0      0 258.8k      0 1:19:14   26:41   52:33 143.0k
 33  1.17G  33 405.0M   0      0 258.8k      0 1:19:14   26:42   52:32 172.0k
 33  1.17G  33 405.1M   0      0 258.8k      0 1:19:15   26:43   52:32 201.6k
 33  1.17G  33 405.3M   0      0 258.7k      0 1:19:16   26:44   52:32 212.5k
 33  1.17G  33 405.4M   0      0 258.5k      0 1:19:20   26:45   52:35 160.4k
 33  1.17G  33 405.5M   0      0 258.3k      0 1:19:23   26:47   52:36 126.2k
 33  1.17G  33 405.6M   0      0 258.2k      0 1:19:25   26:48   52:37 105.9k
 33  1.17G  33 405.7M   0      0 258.2k      0 1:19:26   26:49   52:37  97696
 33  1.17G  33 405.8M   0      0 258.1k      0 1:19:28   26:50   52:38  88253
 33  1.17G  33 406.0M   0      0 258.0k      0 1:19:30   26:51   52:39  99627
 33  1.17G  33 406.1M   0      0 257.8k      0 1:19:32   26:52   52:40 112.1k
 33  1.17G  33 406.1M   0      0 257.7k      0 1:19:34   26:53   52:41 104.8k
 33  1.17G  33 406.3M   0      0 257.6k      0 1:19:36   26:54   52:42 101.7k
 33  1.17G  33 406.4M   0      0 257.5k      0 1:19:38   26:55   52:43 98.73k
 33  1.17G  33 406.5M   0      0 257.4k      0 1:19:39   26:56   52:43 102.6k
 33  1.17G  33 406.6M   0      0 257.4k      0 1:19:41   26:57   52:44 110.4k
 33  1.17G  33 406.8M   0      0 257.3k      0 1:19:42   26:58   52:44 121.7k
 33  1.17G  33 406.9M   0      0 257.2k      0 1:19:44   26:59   52:45 122.4k
 33  1.17G  33 407.0M   0      0 257.1k      0 1:19:45   27:00   52:45 133.5k
 33  1.17G  33 407.2M   0      0 257.1k      0 1:19:46   27:01   52:45 143.3k
 33  1.17G  33 407.4M   0      0 257.1k      0 1:19:47   27:02   52:45 162.5k
 33  1.17G  33 407.6M   0      0 257.0k      0 1:19:48   27:04   52:44 165.9k
 33  1.17G  33 407.8M   0      0 256.8k      0 1:19:51   27:05   52:46 157.1k
 33  1.17G  33 407.8M   0      0 256.7k      0 1:19:54   27:06   52:48 125.8k
 33  1.17G  33 407.9M   0      0 256.6k      0 1:19:55   27:07   52:48 122.1k
 33  1.17G  33 408.1M   0      0 256.6k      0 1:19:56   27:08   52:48 119.5k
 33  1.17G  33 408.4M   0      0 256.6k      0 1:19:56   27:09   52:47 137.1k
 34  1.17G  34 408.8M   0      0 256.6k      0 1:19:54   27:10   52:44 196.3k
 34  1.17G  34 409.2M   0      0 256.7k      0 1:19:53   27:12   52:41 267.5k
 34  1.17G  34 409.5M   0      0 256.7k      0 1:19:53   27:13   52:40 298.7k
 34  1.17G  34 409.7M   0      0 256.7k      0 1:19:53   27:14   52:39 296.7k
 34  1.17G  34 409.9M   0      0 256.6k      0 1:19:55   27:15   52:40 277.2k
 34  1.17G  34 410.1M   0      0 256.6k      0 1:19:55   27:16   52:39 244.5k
 34  1.17G  34 410.2M   0      0 256.5k      0 1:19:57   27:17   52:40 195.9k
 34  1.17G  34 410.4M   0      0 256.5k      0 1:19:58   27:18   52:40 174.4k
 34  1.17G  34 410.6M   0      0 256.4k      0 1:19:58   27:19   52:39 179.8k
 34  1.17G  34 410.8M   0      0 256.4k      0 1:19:59   27:20   52:39 182.3k
 34  1.17G  34 411.0M   0      0 256.3k      0 1:20:01   27:21   52:40 168.3k
 34  1.17G  34 411.1M   0      0 256.2k      0 1:20:02   27:22   52:40 171.1k
 34  1.17G  34 411.3M   0      0 256.2k      0 1:20:03   27:23   52:40 170.9k
 34  1.17G  34 411.5M   0      0 256.2k      0 1:20:03   27:24   52:39 174.8k
 34  1.17G  34 411.7M   0      0 256.2k      0 1:20:03   27:25   52:38 182.7k
 34  1.17G  34 412.0M   0      0 256.1k      0 1:20:04   27:26   52:38 202.9k
 34  1.17G  34 412.1M   0      0 256.1k      0 1:20:05   27:27   52:38 201.0k
 34  1.17G  34 412.3M   0      0 256.0k      0 1:20:06   27:28   52:38 196.2k
 34  1.17G  34 412.5M   0      0 256.0k      0 1:20:07   27:30   52:37 193.2k
 34  1.17G  34 412.8M   0      0 256.0k      0 1:20:07   27:31   52:36 201.3k
 34  1.17G  34 413.0M   0      0 256.0k      0 1:20:07   27:32   52:35 207.7k
 34  1.17G  34 413.3M   0      0 256.0k      0 1:20:07   27:33   52:34 235.0k
 34  1.17G  34 413.6M   0      0 256.0k      0 1:20:07   27:34   52:33 238.7k
 34  1.17G  34 413.8M   0      0 255.9k      0 1:20:08   27:35   52:33 239.7k
 34  1.17G  34 414.1M   0      0 255.9k      0 1:20:08   27:36   52:32 239.8k
 34  1.17G  34 414.3M   0      0 255.9k      0 1:20:08   27:37   52:31 229.8k
 34  1.17G  34 414.5M   0      0 255.9k      0 1:20:09   27:38   52:31 223.6k
 34  1.17G  34 414.8M   0      0 255.8k      0 1:20:09   27:39   52:30 220.7k
 34  1.17G  34 415.0M   0      0 255.8k      0 1:20:10   27:40   52:30 221.6k
 34  1.17G  34 415.2M   0      0 255.8k      0 1:20:10   27:41   52:29 216.4k
 34  1.17G  34 415.4M   0      0 255.7k      0 1:20:11   27:43   52:28 207.2k
 34  1.17G  34 415.5M   0      0 255.6k      0 1:20:13   27:44   52:29 179.3k
 34  1.17G  34 415.6M   0      0 255.6k      0 1:20:15   27:45   52:30 167.9k
 34  1.17G  34 415.8M   0      0 255.5k      0 1:20:16   27:46   52:30 152.0k
 34  1.17G  34 416.0M   0      0 255.4k      0 1:20:17   27:47   52:30 140.8k
 34  1.17G  34 416.1M   0      0 255.4k      0 1:20:18   27:48   52:30 142.9k
 34  1.17G  34 416.3M   0      0 255.3k      0 1:20:20   27:49   52:31 149.9k
 34  1.17G  34 416.5M   0      0 255.2k      0 1:20:21   27:50   52:31 164.2k
 34  1.17G  34 416.6M   0      0 255.2k      0 1:20:22   27:51   52:31 159.1k
 34  1.17G  34 416.8M   0      0 255.1k      0 1:20:23   27:52   52:31 161.9k
 34  1.17G  34 416.9M   0      0 255.0k      0 1:20:25   27:53   52:32 148.4k
 34  1.17G  34 417.1M   0      0 255.0k      0 1:20:26   27:54   52:32 162.4k
 34  1.17G  34 417.3M   0      0 255.0k      0 1:20:26   27:55   52:31 156.8k
 34  1.17G  34 417.5M   0      0 254.9k      0 1:20:27   27:57   52:30 170.6k
 34  1.17G  34 417.6M   0      0 254.8k      0 1:20:29   27:58   52:31 153.2k
 34  1.17G  34 417.7M   0      0 254.7k      0 1:20:31   27:59   52:32 155.6k
 34  1.17G  34 418.0M   0      0 254.7k      0 1:20:31   28:00   52:31 159.1k
 34  1.17G  34 418.1M   0      0 254.6k      0 1:20:33   28:01   52:32 151.5k
 34  1.17G  34 418.3M   0      0 254.6k      0 1:20:33   28:02   52:31 156.6k
 34  1.17G  34 418.5M   0      0 254.5k      0 1:20:35   28:03   52:32 161.3k
 34  1.17G  34 418.5M   0      0 254.4k      0 1:20:38   28:04   52:34 142.8k
 34  1.17G  34 418.6M   0      0 254.3k      0 1:20:39   28:05   52:34 124.3k
 34  1.17G  34 418.7M   0      0 254.2k      0 1:20:41   28:06   52:35 118.9k
 34  1.17G  34 418.9M   0      0 254.1k      0 1:20:42   28:07   52:35 108.6k
 34  1.17G  34 419.1M   0      0 254.0k      0 1:20:43   28:09   52:34 111.4k
 34  1.17G  34 419.3M   0      0 254.0k      0 1:20:44   28:10   52:34 143.3k
 34  1.17G  34 419.4M   0      0 253.9k      0 1:20:46   28:11   52:35 152.4k
 34  1.17G  34 419.6M   0      0 253.9k      0 1:20:47   28:12   52:35 154.2k
 34  1.17G  34 419.8M   0      0 253.8k      0 1:20:48   28:13   52:35 161.0k
 34  1.17G  34 419.9M   0      0 253.8k      0 1:20:49   28:14   52:35 169.6k
 34  1.17G  34 420.1M   0      0 253.7k      0 1:20:50   28:15   52:35 165.4k
 34  1.17G  34 420.2M   0      0 253.6k      0 1:20:51   28:16   52:35 159.8k
 34  1.17G  34 420.4M   0      0 253.6k      0 1:20:53   28:17   52:36 156.7k
 34  1.17G  34 420.5M   0      0 253.5k      0 1:20:54   28:18   52:36 143.3k
 35  1.17G  35 420.7M   0      0 253.4k      0 1:20:55   28:19   52:36 143.7k
 35  1.17G  35 420.9M   0      0 253.4k      0 1:20:56   28:20   52:36 150.2k
 35  1.17G  35 421.1M   0      0 253.4k      0 1:20:57   28:21   52:36 164.1k
 35  1.17G  35 421.3M   0      0 253.3k      0 1:20:58   28:22   52:36 175.3k
 35  1.17G  35 421.6M   0      0 253.3k      0 1:20:57   28:24   52:33 203.7k
 35  1.17G  35 421.9M   0      0 253.3k      0 1:20:57   28:25   52:32 216.6k
 35  1.17G  35 422.1M   0      0 253.3k      0 1:20:58   28:26   52:32 211.3k
 35  1.17G  35 422.4M   0      0 253.3k      0 1:20:57   28:27   52:30 241.4k
 35  1.17G  35 422.8M   0      0 253.4k      0 1:20:55   28:28   52:27 285.6k
 35  1.17G  35 423.3M   0      0 253.5k      0 1:20:54   28:29   52:25 314.3k
 35  1.17G  35 423.7M   0      0 253.6k      0 1:20:52   28:30   52:22 347.0k
 35  1.17G  35 423.7M   0      0 253.4k      0 1:20:56   28:32   52:24 297.3k
 35  1.17G  35 423.9M   0      0 253.4k      0 1:20:56   28:33   52:23 267.7k
 35  1.17G  35 424.0M   0      0 253.2k      0 1:20:59   28:34   52:25 201.2k
 35  1.17G  35 424.1M   0      0 253.1k      0 1:21:02   28:35   52:27 127.1k
 35  1.17G  35 424.1M   0      0 253.0k      0 1:21:04   28:36   52:28  76223
 35  1.17G  35 424.3M   0      0 252.9k      0 1:21:05   28:38   52:27 105.4k
 35  1.17G  35 424.5M   0      0 252.9k      0 1:21:06   28:39   52:27 104.4k
 35  1.17G  35 424.7M   0      0 252.8k      0 1:21:07   28:40   52:27 121.6k
 35  1.17G  35 424.9M   0      0 252.7k      0 1:21:08   28:41   52:27 153.5k
 35  1.17G  35 425.0M   0      0 252.7k      0 1:21:10   28:42   52:28 165.8k
 35  1.17G  35 425.2M   0      0 252.6k      0 1:21:11   28:43   52:28 164.8k
 35  1.17G  35 425.3M   0      0 252.5k      0 1:21:13   28:44   52:29 141.9k
 35  1.17G  35 425.3M   0      0 252.4k      0 1:21:15   28:45   52:30 121.2k
 35  1.17G  35 425.4M   0      0 252.3k      0 1:21:17   28:46   52:31 109.9k
 35  1.17G  35 425.6M   0      0 252.2k      0 1:21:19   28:47   52:32 102.7k
 35  1.17G  35 425.7M   0      0 252.1k      0 1:21:20   28:48   52:32  99212
 35  1.17G  35 425.8M   0      0 252.1k      0 1:21:22   28:49   52:33 107.6k
 35  1.17G  35 425.9M   0      0 252.0k      0 1:21:24   28:50   52:34 111.9k
 35  1.17G  35 426.1M   0      0 251.9k      0 1:21:25   28:52   52:33 121.4k
 35  1.17G  35 426.3M   0      0 251.9k      0 1:21:25   28:53   52:32 138.6k
 35  1.17G  35 426.5M   0      0 251.8k      0 1:21:26   28:54   52:32 150.7k
 35  1.17G  35 426.7M   0      0 251.8k      0 1:21:26   28:55   52:31 169.6k
 35  1.17G  35 426.9M   0      0 251.8k      0 1:21:27   28:56   52:31 192.0k
 35  1.17G  35 427.1M   0      0 251.6k      0 1:21:30   28:57   52:33 173.6k
 35  1.17G  35 427.1M   0      0 251.5k      0 1:21:33   28:59   52:34 141.1k
 35  1.17G  35 427.3M   0      0 251.4k      0 1:21:34   29:00   52:34 136.5k
 35  1.17G  35 427.6M   0      0 251.4k      0 1:21:33   29:01   52:32 146.9k
 35  1.17G  35 427.9M   0      0 251.5k      0 1:21:33   29:02   52:31 162.6k
 35  1.17G  35 428.2M   0      0 251.4k      0 1:21:34   29:03   52:31 189.2k
 35  1.17G  35 428.3M   0      0 251.3k      0 1:21:36   29:04   52:32 205.3k
 35  1.17G  35 428.5M   0      0 251.3k      0 1:21:37   29:05   52:32 208.1k
 35  1.17G  35 428.8M   0      0 251.3k      0 1:21:36   29:06   52:30 210.6k
 35  1.17G  35 429.1M   0      0 251.3k      0 1:21:36   29:07   52:29 213.3k
 35  1.17G  35 429.4M   0      0 251.4k      0 1:21:35   29:08   52:27 236.2k
 35  1.17G  35 429.7M   0      0 251.4k      0 1:21:35   29:10   52:25 273.2k
 35  1.17G  35 430.0M   0      0 251.5k      0 1:21:33   29:11   52:22 308.3k
 35  1.17G  35 430.5M   0      0 251.6k      0 1:21:31   29:12   52:19 336.7k
 35  1.17G  35 430.9M   0      0 251.6k      0 1:21:30   29:13   52:17 340.5k
 35  1.17G  35 431.3M   0      0 251.7k      0 1:21:29   29:14   52:15 356.7k
 35  1.17G  35 431.7M   0      0 251.8k      0 1:21:27   29:15   52:12 374.5k
 35  1.17G  35 432.0M   0      0 251.8k      0 1:21:26   29:16   52:10 367.4k
 35  1.17G  35 432.2M   0      0 251.8k      0 1:21:27   29:17   52:10 324.9k
 35  1.17G  35 432.3M   0      0 251.7k      0 1:21:29   29:18   52:11 274.6k
 35  1.17G  35 432.6M   0      0 251.7k      0 1:21:29   29:19   52:10 244.9k
 36  1.17G  36 432.8M   0      0 251.7k      0 1:21:29   29:20   52:09 219.6k
 36  1.17G  36 433.0M   0      0 251.7k      0 1:21:29   29:21   52:08 205.6k
 36  1.17G  36 433.3M   0      0 251.7k      0 1:21:29   29:22   52:07 220.7k
 36  1.17G  36 433.6M   0      0 251.7k      0 1:21:28   29:23   52:05 257.3k
 36  1.17G  36 434.0M   0      0 251.8k      0 1:21:27   29:24   52:03 281.9k
 36  1.17G  36 434.4M   0      0 251.8k      0 1:21:26   29:26   52:00 303.1k
 36  1.17G  36 434.8M   0      0 251.9k      0 1:21:25   29:27   51:58 325.5k
 36  1.17G  36 435.0M   0      0 251.9k      0 1:21:26   29:28   51:58 298.6k
 36  1.17G  36 435.3M   0      0 251.9k      0 1:21:25   29:29   51:56 312.3k
 36  1.17G  36 435.7M   0      0 251.9k      0 1:21:24   29:30   51:54 300.0k
 36  1.17G  36 435.9M   0      0 251.9k      0 1:21:25   29:31   51:54 270.2k
 36  1.17G  36 435.9M   0      0 251.8k      0 1:21:27   29:32   51:55 209.7k
 36  1.17G  36 436.1M   0      0 251.7k      0 1:21:29   29:33   51:56 199.2k
 36  1.17G  36 436.2M   0      0 251.6k      0 1:21:30   29:35   51:55 162.7k
 36  1.17G  36 436.3M   0      0 251.5k      0 1:21:32   29:36   51:56 118.2k
 36  1.17G  36 436.5M   0      0 251.5k      0 1:21:33   29:37   51:56 107.0k
 36  1.17G  36 436.5M   0      0 251.3k      0 1:21:35   29:38   51:57 112.3k
 36  1.17G  36 436.6M   0      0 251.3k      0 1:21:37   29:39   51:58 109.5k
 36  1.17G  36 436.8M   0      0 251.2k      0 1:21:39   29:40   51:59 102.9k
 36  1.17G  36 436.9M   0      0 251.0k      0 1:21:42   29:42   52:00  95552
 36  1.17G  36 436.9M   0      0 250.9k      0 1:21:45   29:43   52:02  76761
 36  1.17G  36 437.0M   0      0 250.8k      0 1:21:46   29:44   52:02  82818
 36  1.17G  36 437.1M   0      0 250.7k      0 1:21:48   29:45   52:03  85504
 36  1.17G  36 437.2M   0      0 250.6k      0 1:21:49   29:46   52:03  87354
 36  1.17G  36 437.4M   0      0 250.6k      0 1:21:51   29:47   52:04 101.3k
 36  1.17G  36 437.6M   0      0 250.5k      0 1:21:52   29:48   52:04 129.9k
 36  1.17G  36 437.8M   0      0 250.5k      0 1:21:53   29:49   52:04 149.4k
 36  1.17G  36 438.0M   0      0 250.4k      0 1:21:53   29:50   52:03 165.8k
 36  1.17G  36 438.2M   0      0 250.4k      0 1:21:54   29:51   52:03 175.0k
 36  1.17G  36 438.5M   0      0 250.4k      0 1:21:54   29:52   52:02 200.3k
 36  1.17G  36 438.7M   0      0 250.4k      0 1:21:54   29:53   52:01 220.9k
 36  1.17G  36 439.0M   0      0 250.4k      0 1:21:54   29:55   51:59 231.8k
 36  1.17G  36 439.3M   0      0 250.4k      0 1:21:53   29:56   51:57 252.3k
 36  1.17G  36 439.3M   0      0 250.3k      0 1:21:56   29:57   51:59 222.4k
 36  1.17G  36 439.5M   0      0 250.2k      0 1:21:57   29:58   51:59 190.8k
 36  1.17G  36 439.7M   0      0 250.2k      0 1:21:57   29:59   51:58 191.3k
 36  1.17G  36 440.0M   0      0 250.3k      0 1:21:57   30:00   51:57 197.4k
 36  1.17G  36 440.4M   0      0 250.3k      0 1:21:56   30:01   51:55 200.0k
 36  1.17G  36 440.6M   0      0 250.3k      0 1:21:56   30:02   51:54 239.3k
 36  1.17G  36 440.9M   0      0 250.3k      0 1:21:56   30:03   51:53 272.1k
 36  1.17G  36 441.0M   0      0 250.2k      0 1:21:57   30:04   51:53 251.4k
 36  1.17G  36 441.3M   0      0 250.2k      0 1:21:57   30:05   51:52 244.4k
 36  1.17G  36 441.7M   0      0 250.3k      0 1:21:56   30:06   51:50 257.4k
 36  1.17G  36 442.1M   0      0 250.4k      0 1:21:54   30:07   51:47 281.2k
 36  1.17G  36 442.4M   0      0 250.4k      0 1:21:53   30:08   51:45 305.7k
 36  1.17G  36 442.8M   0      0 250.5k      0 1:21:52   30:09   51:43 344.0k
 36  1.17G  36 443.0M   0      0 250.4k      0 1:21:54   30:11   51:43 311.1k
 36  1.17G  36 443.1M   0      0 250.4k      0 1:21:54   30:12   51:42 271.3k
 36  1.17G  36 443.5M   0      0 250.4k      0 1:21:53   30:13   51:40 268.7k
 36  1.17G  36 443.8M   0      0 250.5k      0 1:21:53   30:14   51:39 258.8k
 36  1.17G  36 444.1M   0      0 250.5k      0 1:21:52   30:15   51:37 248.4k
 36  1.17G  36 444.4M   0      0 250.5k      0 1:21:52   30:16   51:36 283.1k
 37  1.17G  37 444.8M   0      0 250.5k      0 1:21:51   30:17   51:34 307.5k
 37  1.17G  37 445.1M   0      0 250.6k      0 1:21:50   30:18   51:32 305.0k
 37  1.17G  37 445.4M   0      0 250.6k      0 1:21:50   30:19   51:31 300.2k
 37  1.17G  37 445.7M   0      0 250.6k      0 1:21:50   30:20   51:30 287.1k
 37  1.17G  37 445.9M   0      0 250.6k      0 1:21:50   30:21   51:29 272.6k
 37  1.17G  37 446.2M   0      0 250.6k      0 1:21:50   30:23   51:27 272.7k
 37  1.17G  37 446.5M   0      0 250.7k      0 1:21:49   30:24   51:25 271.5k
 37  1.17G  37 446.9M   0      0 250.7k      0 1:21:48   30:25   51:23 276.2k
 37  1.17G  37 447.2M   0      0 250.7k      0 1:21:47   30:26   51:21 289.7k
 37  1.17G  37 447.6M   0      0 250.7k      0 1:21:48   30:27   51:21 288.3k
 37  1.17G  37 448.0M   0      0 250.8k      0 1:21:46   30:29   51:17 301.9k
 37  1.17G  37 448.4M   0      0 250.8k      0 1:21:45   30:30   51:15 305.3k
 37  1.17G  37 448.5M   0      0 250.8k      0 1:21:46   30:31   51:15 276.6k
 37  1.17G  37 448.7M   0      0 250.7k      0 1:21:48   30:32   51:16 235.7k
 37  1.17G  37 448.8M   0      0 250.6k      0 1:21:50   30:33   51:17 211.3k
 37  1.17G  37 448.9M   0      0 250.5k      0 1:21:52   30:34   51:18 159.6k
 37  1.17G  37 449.0M   0      0 250.5k      0 1:21:53   30:35   51:18 123.8k
 37  1.17G  37 449.2M   0      0 250.4k      0 1:21:54   30:36   51:18 117.3k
 37  1.17G  37 449.4M   0      0 250.3k      0 1:21:55   30:37   51:18 134.6k
 37  1.17G  37 449.5M   0      0 250.3k      0 1:21:57   30:39   51:18 141.2k
 37  1.17G  37 449.7M   0      0 250.2k      0 1:21:58   30:40   51:18 146.7k
 37  1.17G  37 449.8M   0      0 250.1k      0 1:21:59   30:41   51:18 142.5k
 37  1.17G  37 450.0M   0      0 250.1k      0 1:22:00   30:42   51:18 155.2k
 37  1.17G  37 450.2M   0      0 250.1k      0 1:22:00   30:43   51:17 162.7k
 37  1.17G  37 450.4M   0      0 250.1k      0 1:22:01   30:44   51:17 179.8k
 37  1.17G  37 450.7M   0      0 250.1k      0 1:22:01   30:45   51:16 201.5k
 37  1.17G  37 451.2M   0      0 250.2k      0 1:21:58   30:46   51:12 263.9k
 37  1.17G  37 451.4M   0      0 250.2k      0 1:21:58   30:47   51:11 282.4k
 37  1.17G  37 451.8M   0      0 250.2k      0 1:21:57   30:48   51:09 304.3k
 37  1.17G  37 452.1M   0      0 250.3k      0 1:21:56   30:49   51:07 333.2k
 37  1.17G  37 452.4M   0      0 250.3k      0 1:21:57   30:50   51:07 318.7k
 37  1.17G  37 452.4M   0      0 250.1k      0 1:21:59   30:52   51:07 235.3k
 37  1.17G  37 452.7M   0      0 250.1k      0 1:21:59   30:53   51:06 227.5k
 37  1.17G  37 453.0M   0      0 250.2k      0 1:21:59   30:54   51:05 219.7k
 37  1.17G  37 453.2M   0      0 250.1k      0 1:21:59   30:55   51:04 191.0k
 37  1.17G  37 453.5M   0      0 250.1k      0 1:21:59   30:56   51:03 205.9k
 37  1.17G  37 453.7M   0      0 250.1k      0 1:21:59   30:57   51:02 251.5k
 37  1.17G  37 454.0M   0      0 250.1k      0 1:21:59   30:58   51:01 255.4k
 37  1.17G  37 454.3M   0      0 250.2k      0 1:21:59   30:59   51:00 253.4k
 37  1.17G  37 454.6M   0      0 250.2k      0 1:21:58   31:00   50:58 272.1k
 37  1.17G  37 454.9M   0      0 250.2k      0 1:21:58   31:01   50:57 277.3k
 37  1.17G  37 455.1M   0      0 250.2k      0 1:21:58   31:02   50:56 266.5k
 37  1.17G  37 455.3M   0      0 250.1k      0 1:21:59   31:03   50:56 252.3k
 37  1.17G  37 455.6M   0      0 250.1k      0 1:21:59   31:04   50:55 242.0k
 37  1.17G  37 455.9M   0      0 250.2k      0 1:21:58   31:05   50:53 250.1k
 37  1.17G  37 456.3M   0      0 250.2k      0 1:21:57   31:07   50:50 257.5k
 37  1.17G  37 456.6M   0      0 250.3k      0 1:21:56   31:08   50:48 284.9k
 38  1.17G  38 456.9M   0      0 250.3k      0 1:21:56   31:09   50:47 292.7k
 38  1.17G  38 457.0M   0      0 250.2k      0 1:21:58   31:10   50:48 274.2k
 38  1.17G  38 457.1M   0      0 250.1k      0 1:22:00   31:11   50:49 224.4k
 38  1.17G  38 457.3M   0      0 250.0k      0 1:22:01   31:12   50:49 188.7k
 38  1.17G  38 457.5M   0      0 250.0k      0 1:22:02   31:13   50:49 162.8k
 38  1.17G  38 457.6M   0      0 249.9k      0 1:22:03   31:14   50:49 137.4k
 38  1.17G  38 457.8M   0      0 249.9k      0 1:22:04   31:15   50:49 149.9k
 38  1.17G  38 458.1M   0      0 249.9k      0 1:22:04   31:16   50:48 177.4k
 38  1.17G  38 458.4M   0      0 249.9k      0 1:22:03   31:17   50:46 213.0k
 38  1.17G  38 458.9M   0      0 250.1k      0 1:22:00   31:18   50:42 270.7k
 38  1.17G  38 459.6M   0      0 250.3k      0 1:21:55   31:19   50:36 393.7k
 38  1.17G  38 460.0M   0      0 250.4k      0 1:21:54   31:21   50:33 421.0k
 38  1.17G  38 460.0M   0      0 250.2k      0 1:21:57   31:22   50:35 372.8k
 38  1.17G  38 460.1M   0      0 250.1k      0 1:21:59   31:23   50:36 320.6k
 38  1.17G  38 460.4M   0      0 250.2k      0 1:21:58   31:24   50:34 287.7k
 38  1.17G  38 460.8M   0      0 250.2k      0 1:21:57   31:25   50:32 221.9k
 38  1.17G  38 461.2M   0      0 250.3k      0 1:21:56   31:26   50:30 212.2k
 38  1.17G  38 461.5M   0      0 250.3k      0 1:21:55   31:27   50:28 278.6k
 38  1.17G  38 461.8M   0      0 250.3k      0 1:21:56   31:28   50:28 308.5k
 38  1.17G  38 461.9M   0      0 250.3k      0 1:21:56   31:29   50:27 282.1k
 38  1.17G  38 462.1M   0      0 250.2k      0 1:21:57   31:30   50:27 241.1k
 38  1.17G  38 462.3M   0      0 250.2k      0 1:21:59   31:31   50:28 208.7k
 38  1.17G  38 462.5M   0      0 250.1k      0 1:21:59   31:33   50:26 188.0k
 38  1.17G  38 462.7M   0      0 250.1k      0 1:21:59   31:34   50:25 187.1k
 38  1.17G  38 463.0M   0      0 250.1k      0 1:21:59   31:35   50:24 203.1k
 38  1.17G  38 463.3M   0      0 250.2k      0 1:21:59   31:36   50:23 226.7k
 38  1.17G  38 463.6M   0      0 250.2k      0 1:21:58   31:37   50:21 257.9k
 38  1.17G  38 463.8M   0      0 250.2k      0 1:21:58   31:38   50:20 262.8k
 38  1.17G  38 464.2M   0      0 250.2k      0 1:21:57   31:39   50:18 281.5k
 38  1.17G  38 464.5M   0      0 250.3k      0 1:21:57   31:40   50:17 290.6k
 38  1.17G  38 464.7M   0      0 250.2k      0 1:21:58   31:41   50:17 270.0k
 38  1.17G  38 465.0M   0      0 250.2k      0 1:21:57   31:42   50:15 264.5k
 38  1.17G  38 465.2M   0      0 250.2k      0 1:21:59   31:43   50:16 244.6k
 38  1.17G  38 465.2M   0      0 250.0k      0 1:22:01   31:45   50:16 191.3k
 38  1.17G  38 465.3M   0      0 249.9k      0 1:22:03   31:46   50:17 136.8k
 38  1.17G  38 465.3M   0      0 249.8k      0 1:22:06   31:47   50:19 104.1k
 38  1.17G  38 465.4M   0      0 249.7k      0 1:22:07   31:48   50:19  79663
 38  1.17G  38 465.6M   0      0 249.7k      0 1:22:08   31:49   50:19  82602
 38  1.17G  38 465.8M   0      0 249.7k      0 1:22:08   31:50   50:18 112.4k
 38  1.17G  38 466.0M   0      0 249.6k      0 1:22:09   31:51   50:18 139.6k
 38  1.17G  38 466.2M   0      0 249.6k      0 1:22:10   31:52   50:18 182.5k
 38  1.17G  38 466.5M   0      0 249.6k      0 1:22:10   31:53   50:17 193.1k
 38  1.17G  38 466.8M   0      0 249.6k      0 1:22:10   31:54   50:16 217.5k
 38  1.17G  38 466.9M   0      0 249.5k      0 1:22:11   31:55   50:16 198.9k
 38  1.17G  38 467.1M   0      0 249.5k      0 1:22:12   31:56   50:16 211.4k
 38  1.17G  38 467.4M   0      0 249.5k      0 1:22:11   31:57   50:14 218.4k
 38  1.17G  38 467.6M   0      0 249.5k      0 1:22:11   31:58   50:13 235.6k
 38  1.17G  38 467.9M   0      0 249.5k      0 1:22:11   32:00   50:11 224.4k
 38  1.17G  38 468.2M   0      0 249.5k      0 1:22:11   32:01   50:10 251.0k
 38  1.17G  38 468.3M   0      0 249.4k      0 1:22:14   32:02   50:12 213.7k
 38  1.17G  38 468.4M   0      0 249.3k      0 1:22:16   32:03   50:13 178.6k
 38  1.17G  38 468.5M   0      0 249.2k      0 1:22:18   32:05   50:13 139.6k
 38  1.17G  38 468.7M   0      0 249.1k      0 1:22:19   32:06   50:13 126.5k
 39  1.17G  39 468.9M   0      0 249.1k      0 1:22:20   32:07   50:13 114.5k
 39  1.17G  39 469.1M   0      0 249.1k      0 1:22:20   32:08   50:12 136.9k
 39  1.17G  39 469.3M   0      0 249.0k      0 1:22:21   32:09   50:12 163.3k
 39  1.17G  39 469.6M   0      0 249.1k      0 1:22:21   32:10   50:11 205.2k
 39  1.17G  39 469.8M   0      0 249.0k      0 1:22:21   32:11   50:10 204.1k
 39  1.17G  39 469.9M   0      0 248.9k      0 1:22:23   32:12   50:11 192.2k
 39  1.17G  39 470.2M   0      0 248.9k      0 1:22:23   32:13   50:10 209.6k
 39  1.17G  39 470.5M   0      0 249.0k      0 1:22:22   32:15   50:07 225.2k
 39  1.17G  39 470.9M   0      0 249.0k      0 1:22:21   32:16   50:05 238.3k
 39  1.17G  39 471.2M   0      0 249.1k      0 1:22:20   32:17   50:03 273.1k
 39  1.17G  39 471.6M   0      0 249.1k      0 1:22:19   32:18   50:01 319.7k
 39  1.17G  39 472.0M   0      0 249.2k      0 1:22:18   32:19   49:59 340.6k
 39  1.17G  39 472.4M   0      0 249.3k      0 1:22:16   32:20   49:56 362.3k
 39  1.17G  39 472.6M   0      0 249.3k      0 1:22:17   32:21   49:56 332.3k
 39  1.17G  39 472.7M   0      0 249.1k      0 1:22:19   32:22   49:57 266.9k
 39  1.17G  39 472.8M   0      0 249.0k      0 1:22:21   32:23   49:58 212.7k
 39  1.17G  39 473.0M   0      0 249.0k      0 1:22:21   32:24   49:57 188.4k
 39  1.17G  39 473.3M   0      0 249.1k      0 1:22:20   32:25   49:55 170.3k
 39  1.17G  39 473.7M   0      0 249.1k      0 1:22:20   32:27   49:53 189.8k
 39  1.17G  39 474.0M   0      0 249.1k      0 1:22:19   32:28   49:51 245.9k
 39  1.17G  39 474.4M   0      0 249.2k      0 1:22:18   32:29   49:49 302.8k
 39  1.17G  39 474.7M   0      0 249.2k      0 1:22:18   32:30   49:48 309.8k
 39  1.17G  39 475.0M   0      0 249.2k      0 1:22:17   32:31   49:46 312.9k
 39  1.17G  39 475.3M   0      0 249.2k      0 1:22:17   32:32   49:45 301.1k
 39  1.17G  39 475.5M   0      0 249.2k      0 1:22:18   32:33   49:45 269.0k
 39  1.17G  39 475.7M   0      0 249.2k      0 1:22:18   32:34   49:44 253.2k
 39  1.17G  39 476.0M   0      0 249.2k      0 1:22:18   32:35   49:43 245.0k
 39  1.17G  39 476.2M   0      0 249.2k      0 1:22:18   32:36   49:42 225.0k
 39  1.17G  39 476.5M   0      0 249.2k      0 1:22:18   32:37   49:41 231.6k
 39  1.17G  39 476.8M   0      0 249.2k      0 1:22:18   32:38   49:40 259.0k
 39  1.17G  39 477.1M   0      0 249.3k      0 1:22:16   32:39   49:37 280.4k
 39  1.17G  39 477.4M   0      0 249.3k      0 1:22:16   32:41   49:35 281.8k
 39  1.17G  39 477.7M   0      0 249.2k      0 1:22:17   32:42   49:35 271.8k
 39  1.17G  39 477.8M   0      0 249.2k      0 1:22:18   32:43   49:35 241.9k
 39  1.17G  39 477.9M   0      0 249.1k      0 1:22:19   32:44   49:35 224.9k
 39  1.17G  39 478.1M   0      0 249.1k      0 1:22:20   32:45   49:35 180.7k
 39  1.17G  39 478.1M   0      0 248.9k      0 1:22:23   32:46   49:37 125.8k
 39  1.17G  39 478.2M   0      0 248.8k      0 1:22:26   32:48   49:38  99510
 39  1.17G  39 478.3M   0      0 248.7k      0 1:22:28   32:49   49:39  92768
 39  1.17G  39 478.4M   0      0 248.6k      0 1:22:29   32:50   49:39  72519
 39  1.17G  39 478.4M   0      0 248.5k      0 1:22:31   32:51   49:40  62050
 39  1.17G  39 478.6M   0      0 248.4k      0 1:22:33   32:52   49:41  79373
 39  1.17G  39 478.7M   0      0 248.4k      0 1:22:34   32:53   49:41 102.0k
 39  1.17G  39 479.0M   0      0 248.4k      0 1:22:33   32:54   49:39 149.9k
 39  1.17G  39 479.5M   0      0 248.5k      0 1:22:31   32:55   49:36 221.9k
 39  1.17G  39 480.0M   0      0 248.6k      0 1:22:29   32:56   49:33 291.1k
 39  1.17G  39 480.3M   0      0 248.6k      0 1:22:29   32:58   49:31 318.0k
 39  1.17G  39 480.6M   0      0 248.7k      0 1:22:28   32:59   49:29 335.5k
 40  1.17G  40 480.8M   0      0 248.6k      0 1:22:29   33:00   49:29 311.0k
 40  1.17G  40 481.0M   0      0 248.6k      0 1:22:29   33:01   49:28 278.1k
 40  1.17G  40 481.2M   0      0 248.6k      0 1:22:30   33:02   49:28 233.0k
 40  1.17G  40 481.3M   0      0 248.5k      0 1:22:32   33:03   49:29 187.6k
 40  1.17G  40 481.4M   0      0 248.4k      0 1:22:34   33:04   49:30 149.8k
 40  1.17G  40 481.5M   0      0 248.3k      0 1:22:35   33:05   49:30 128.5k
 40  1.17G  40 481.5M   0      0 248.2k      0 1:22:37   33:06   49:31 100.6k
 40  1.17G  40 481.7M   0      0 248.1k      0 1:22:39   33:07   49:32  83491
 40  1.17G  40 481.8M   0      0 248.1k      0 1:22:40   33:08   49:32 97.92k
 40  1.17G  40 482.0M   0      0 248.0k      0 1:22:41   33:09   49:32 114.3k
 40  1.17G  40 482.2M   0      0 248.0k      0 1:22:41   33:10   49:31 137.0k
 40  1.17G  40 482.2M   0      0 247.9k      0 1:22:43   33:11   49:32 131.6k
 40  1.17G  40 482.4M   0      0 247.9k      0 1:22:44   33:12   49:32 151.6k
 40  1.17G  40 482.7M   0      0 247.9k      0 1:22:43   33:13   49:30 177.4k
 40  1.17G  40 483.0M   0      0 247.9k      0 1:22:43   33:14   49:29 201.6k
 40  1.17G  40 483.2M   0      0 247.9k      0 1:22:44   33:16   49:28 193.9k
 40  1.17G  40 483.4M   0      0 247.8k      0 1:22:45   33:17   49:28 212.6k
 40  1.17G  40 483.6M   0      0 247.7k      0 1:22:47   33:18   49:29 191.3k
 40  1.17G  40 483.6M   0      0 247.6k      0 1:22:50   33:19   49:31 146.2k
 40  1.17G  40 483.7M   0      0 247.5k      0 1:22:51   33:20   49:31 111.8k
 40  1.17G  40 483.8M   0      0 247.4k      0 1:22:53   33:21   49:32 101.2k
 40  1.17G  40 483.9M   0      0 247.4k      0 1:22:54   33:22   49:32  96591
 40  1.17G  40 484.1M   0      0 247.3k      0 1:22:55   33:23   49:32 102.5k
 40  1.17G  40 484.3M   0      0 247.3k      0 1:22:56   33:25   49:31 133.6k
 40  1.17G  40 484.4M   0      0 247.3k      0 1:22:56   33:26   49:30 152.5k
 40  1.17G  40 484.7M   0      0 247.2k      0 1:22:57   33:27   49:30 173.1k
 40  1.17G  40 485.0M   0      0 247.3k      0 1:22:56   33:28   49:28 213.5k
 40  1.17G  40 485.3M   0      0 247.3k      0 1:22:55   33:29   49:26 234.0k
 40  1.17G  40 485.6M   0      0 247.3k      0 1:22:55   33:30   49:25 261.0k
 40  1.17G  40 486.0M   0      0 247.4k      0 1:22:54   33:31   49:23 300.0k
 40  1.17G  40 486.4M   0      0 247.5k      0 1:22:52   33:32   49:20 324.7k
 40  1.17G  40 486.8M   0      0 247.5k      0 1:22:51   33:33   49:18 330.6k
 40  1.17G  40 487.1M   0      0 247.6k      0 1:22:50   33:34   49:16 344.3k
 40  1.17G  40 487.3M   0      0 247.5k      0 1:22:51   33:35   49:16 322.2k
 40  1.17G  40 487.5M   0      0 247.5k      0 1:22:51   33:36   49:15 287.0k
 40  1.17G  40 487.8M   0      0 247.5k      0 1:22:52   33:38   49:14 262.9k
 40  1.17G  40 488.1M   0      0 247.5k      0 1:22:51   33:39   49:12 240.3k
 40  1.17G  40 488.4M   0      0 247.5k      0 1:22:51   33:40   49:11 232.9k
 40  1.17G  40 488.6M   0      0 247.5k      0 1:22:52   33:41   49:11 235.9k
 40  1.17G  40 488.9M   0      0 247.5k      0 1:22:52   33:42   49:10 241.7k
 40  1.17G  40 489.0M   0      0 247.4k      0 1:22:53   33:43   49:10 216.3k
 40  1.17G  40 489.2M   0      0 247.4k      0 1:22:54   33:44   49:10 205.0k
 40  1.17G  40 489.4M   0      0 247.3k      0 1:22:55   33:46   49:09 181.8k
 40  1.17G  40 489.6M   0      0 247.3k      0 1:22:55   33:47   49:08 179.7k
 40  1.17G  40 489.8M   0      0 247.3k      0 1:22:56   33:48   49:08 171.3k
 40  1.17G  40 490.0M   0      0 247.2k      0 1:22:57   33:49   49:08 184.7k
 40  1.17G  40 490.1M   0      0 247.2k      0 1:22:58   33:50   49:08 173.5k
 40  1.17G  40 490.2M   0      0 247.1k      0 1:22:59   33:51   49:08 161.0k
 40  1.17G  40 490.4M   0      0 247.1k      0 1:23:00   33:52   49:08 151.1k
 40  1.17G  40 490.5M   0      0 247.0k      0 1:23:01   33:53   49:08 140.6k
 40  1.17G  40 490.7M   0      0 247.0k      0 1:23:02   33:54   49:08 138.1k
 40  1.17G  40 490.8M   0      0 246.9k      0 1:23:04   33:55   49:09 128.9k
 40  1.17G  40 491.0M   0      0 246.8k      0 1:23:06   33:56   49:10 131.8k
 40  1.17G  40 491.1M   0      0 246.8k      0 1:23:06   33:57   49:09 137.7k
 40  1.17G  40 491.4M   0      0 246.7k      0 1:23:07   33:58   49:09 153.3k
 40  1.17G  40 491.6M   0      0 246.7k      0 1:23:07   33:59   49:08 160.2k
 40  1.17G  40 491.8M   0      0 246.7k      0 1:23:08   34:00   49:08 184.3k
 40  1.17G  40 492.0M   0      0 246.7k      0 1:23:08   34:02   49:06 202.5k
 40  1.17G  40 492.1M   0      0 246.6k      0 1:23:09   34:03   49:06 190.1k
 40  1.17G  40 492.2M   0      0 246.5k      0 1:23:11   34:04   49:07 157.7k
 40  1.17G  40 492.4M   0      0 246.5k      0 1:23:12   34:05   49:07 149.2k
 40  1.17G  40 492.5M   0      0 246.4k      0 1:23:13   34:06   49:07 146.5k
 40  1.17G  40 492.7M   0      0 246.4k      0 1:23:14   34:07   49:07 144.2k
 41  1.17G  41 493.0M   0      0 246.4k      0 1:23:14   34:08   49:06 160.6k
 41  1.17G  41 493.2M   0      0 246.4k      0 1:23:14   34:09   49:05 193.3k
 41  1.17G  41 493.5M   0      0 246.4k      0 1:23:14   34:10   49:04 218.2k
 41  1.17G  41 493.8M   0      0 246.4k      0 1:23:14   34:12   49:02 221.2k
 41  1.17G  41 494.0M   0      0 246.3k      0 1:23:15   34:13   49:02 216.6k
 41  1.17G  41 494.4M   0      0 246.4k      0 1:23:14   34:14   49:00 251.2k
 41  1.17G  41 494.7M   0      0 246.4k      0 1:23:14   34:15   48:59 254.4k
 41  1.17G  41 494.8M   0      0 246.3k      0 1:23:16   34:16   49:00 215.5k
 41  1.17G  41 495.1M   0      0 246.3k      0 1:23:16   34:18   48:58 213.5k
 41  1.17G  41 495.4M   0      0 246.3k      0 1:23:17   34:19   48:58 225.7k
 41  1.17G  41 495.6M   0      0 246.3k      0 1:23:16   34:20   48:56 202.4k
 41  1.17G  41 495.9M   0      0 246.3k      0 1:23:16   34:21   48:55 206.1k
 41  1.17G  41 496.2M   0      0 246.3k      0 1:23:16   34:22   48:54 245.7k
 41  1.17G  41 496.5M   0      0 246.3k      0 1:23:16   34:23   48:53 259.5k
 41  1.17G  41 496.7M   0      0 246.3k      0 1:23:15   34:24   48:51 267.2k
 41  1.17G  41 497.0M   0      0 246.3k      0 1:23:15   34:25   48:50 262.1k
 41  1.17G  41 497.1M   0      0 246.3k      0 1:23:17   34:26   48:51 237.9k
 41  1.17G  41 497.3M   0      0 246.2k      0 1:23:18   34:28   48:50 199.9k
 41  1.17G  41 497.3M   0      0 246.0k      0 1:23:21   34:29   48:52 152.5k
 41  1.17G  41 497.3M   0      0 245.9k      0 1:23:23   34:30   48:53 107.2k
 41  1.17G  41 497.4M   0      0 245.8k      0 1:23:25   34:31   48:54  71592
 41  1.17G  41 497.5M   0      0 245.7k      0 1:23:27   34:32   48:55  59319
 41  1.17G  41 497.5M   0      0 245.6k      0 1:23:29   34:33   48:56  44305
 41  1.17G  41 497.6M   0      0 245.5k      0 1:23:31   34:35   48:56  55892
 41  1.17G  41 497.7M   0      0 245.4k      0 1:23:33   34:36   48:57  65456
 41  1.17G  41 497.8M   0      0 245.4k      0 1:23:35   34:37   48:58  73765
 41  1.17G  41 497.9M   0      0 245.3k      0 1:23:36   34:38   48:58  77802
 41  1.17G  41 498.1M   0      0 245.3k      0 1:23:37   34:39   48:58 107.9k
 41  1.17G  41 498.3M   0      0 245.2k      0 1:23:37   34:40   48:57 135.4k
 41  1.17G  41 498.6M   0      0 245.2k      0 1:23:37   34:41   48:56 167.9k
 41  1.17G  41 498.7M   0      0 245.2k      0 1:23:39   34:42   48:57 166.4k
 41  1.17G  41 498.7M   0      0 245.1k      0 1:23:41   34:43   48:58 158.8k
 41  1.17G  41 498.9M   0      0 245.0k      0 1:23:42   34:44   48:58 143.6k
 41  1.17G  41 499.0M   0      0 244.9k      0 1:23:44   34:45   48:59 127.4k
 41  1.17G  41 499.1M   0      0 244.9k      0 1:23:45   34:47   48:58 106.7k
 41  1.17G  41 499.3M   0      0 244.8k      0 1:23:46   34:48   48:58 116.7k
 41  1.17G  41 499.5M   0      0 244.7k      0 1:23:48   34:49   48:59 124.6k
 41  1.17G  41 499.5M   0      0 244.6k      0 1:23:51   34:51   49:00 104.9k
 41  1.17G  41 499.7M   0      0 244.5k      0 1:23:52   34:52   49:00 107.7k
 41  1.17G  41 499.9M   0      0 244.5k      0 1:23:52   34:53   48:59 123.5k
 41  1.17G  41 500.0M   0      0 244.4k      0 1:23:54   34:54   49:00 116.1k
 41  1.17G  41 500.2M   0      0 244.3k      0 1:23:56   34:55   49:01 117.0k
 41  1.17G  41 500.3M   0      0 244.3k      0 1:23:57   34:56   49:01 141.8k
 41  1.17G  41 500.5M   0      0 244.3k      0 1:23:58   34:57   49:01 144.8k
 41  1.17G  41 500.7M   0      0 244.2k      0 1:23:58   34:58   49:00 137.4k
 41  1.17G  41 500.8M   0      0 244.2k      0 1:23:59   34:59   49:00 150.2k
 41  1.17G  41 501.0M   0      0 244.1k      0 1:24:01   35:01   49:00 148.6k
 41  1.17G  41 501.0M   0      0 243.9k      0 1:24:05   35:03   49:02 109.3k
 41  1.17G  41 501.0M   0      0 243.8k      0 1:24:07   35:04   49:03  93678
 41  1.17G  41 501.2M   0      0 243.7k      0 1:24:08   35:05   49:03  83614
 41  1.17G  41 501.3M   0      0 243.7k      0 1:24:09   35:06   49:03  84837
 41  1.17G  41 501.4M   0      0 243.6k      0 1:24:10   35:07   49:03  85080
 41  1.17G  41 501.6M   0      0 243.6k      0 1:24:11   35:08   49:03 124.3k
 41  1.17G  41 501.8M   0      0 243.6k      0 1:24:12   35:09   49:03 155.2k
 41  1.17G  41 501.9M   0      0 243.5k      0 1:24:13   35:10   49:03 154.1k
 41  1.17G  41 502.0M   0      0 243.4k      0 1:24:15   35:11   49:04 134.8k
 41  1.17G  41 502.1M   0      0 243.4k      0 1:24:16   35:12   49:04 131.1k
 41  1.17G  41 502.2M   0      0 243.3k      0 1:24:18   35:13   49:05 105.7k
 41  1.17G  41 502.2M   0      0 243.2k      0 1:24:20   35:14   49:06  74586
 41  1.17G  41 502.3M   0      0 243.1k      0 1:24:22   35:15   49:07  71975
 41  1.17G  41 502.4M   0      0 243.0k      0 1:24:24   35:16   49:08  73688
 41  1.17G  41 502.5M   0      0 242.9k      0 1:24:25   35:17   49:08  74124
 41  1.17G  41 502.6M   0      0 242.9k      0 1:24:27   35:18   49:09  81593
 41  1.17G  41 502.7M   0      0 242.8k      0 1:24:28   35:20   49:08 102.4k
 41  1.17G  41 502.9M   0      0 242.8k      0 1:24:28   35:21   49:07 123.9k
 41  1.17G  41 503.3M   0      0 242.8k      0 1:24:27   35:22   49:05 181.8k
 41  1.17G  41 503.9M   0      0 243.0k      0 1:24:24   35:23   49:01 271.5k
 41  1.17G  41 504.5M   0      0 243.2k      0 1:24:20   35:24   48:56 377.6k
 42  1.17G  42 504.9M   0      0 243.3k      0 1:24:18   35:25   48:53 433.1k
 42  1.17G  42 505.1M   0      0 243.2k      0 1:24:19   35:26   48:53 426.4k
 42  1.17G  42 505.3M   0      0 243.2k      0 1:24:19   35:27   48:52 403.1k
 42  1.17G  42 505.6M   0      0 243.3k      0 1:24:18   35:28   48:50 347.9k
 42  1.17G  42 505.9M   0      0 243.3k      0 1:24:18   35:29   48:49 279.5k
 42  1.17G  42 506.2M   0      0 243.3k      0 1:24:17   35:30   48:47 263.9k
 42  1.17G  42 506.5M   0      0 243.3k      0 1:24:16   35:31   48:45 291.9k
 42  1.17G  42 506.7M   0      0 243.3k      0 1:24:17   35:32   48:45 282.5k
 42  1.17G  42 507.1M   0      0 243.4k      0 1:24:16   35:33   48:43 288.4k
 42  1.17G  42 507.3M   0      0 243.4k      0 1:24:16   35:34   48:42 280.8k
 42  1.17G  42 507.6M   0      0 243.4k      0 1:24:16   35:35   48:41 271.1k
 42  1.17G  42 507.7M   0      0 243.3k      0 1:24:17   35:36   48:41 236.1k
 42  1.17G  42 508.0M   0      0 243.3k      0 1:24:17   35:37   48:40 243.4k
 42  1.17G  42 508.2M   0      0 243.3k      0 1:24:18   35:38   48:40 211.8k
 42  1.17G  42 508.4M   0      0 243.3k      0 1:24:18   35:39   48:39 206.3k
 42  1.17G  42 508.6M   0      0 243.2k      0 1:24:19   35:40   48:39 192.8k
 42  1.17G  42 508.8M   0      0 243.2k      0 1:24:19   35:41   48:38 208.2k
 42  1.17G  42 509.1M   0      0 243.2k      0 1:24:19   35:42   48:37 205.7k
 42  1.17G  42 509.4M   0      0 243.3k      0 1:24:18   35:43   48:35 232.4k
 42  1.17G  42 509.8M   0      0 243.3k      0 1:24:17   35:45   48:32 262.7k
 42  1.17G  42 510.1M   0      0 243.3k      0 1:24:16   35:46   48:30 283.1k
 42  1.17G  42 510.5M   0      0 243.4k      0 1:24:15   35:47   48:28 309.2k
 42  1.17G  42 510.8M   0      0 243.4k      0 1:24:14   35:48   48:26 330.8k
 42  1.17G  42 511.1M   0      0 243.5k      0 1:24:14   35:49   48:25 331.5k
 42  1.17G  42 511.4M   0      0 243.5k      0 1:24:14   35:50   48:24 295.5k
 42  1.17G  42 511.4M   0      0 243.4k      0 1:24:16   35:51   48:25 245.9k
 42  1.17G  42 511.6M   0      0 243.3k      0 1:24:17   35:52   48:25 201.9k
 42  1.17G  42 511.8M   0      0 243.3k      0 1:24:18   35:53   48:25 180.8k
 42  1.17G  42 512.1M   0      0 243.3k      0 1:24:18   35:55   48:23 171.3k
 42  1.17G  42 512.3M   0      0 243.3k      0 1:24:17   35:56   48:21 182.4k
 42  1.17G  42 512.5M   0      0 243.2k      0 1:24:18   35:57   48:21 201.4k
 42  1.17G  42 512.7M   0      0 243.2k      0 1:24:19   35:58   48:21 216.8k
 42  1.17G  42 513.0M   0      0 243.2k      0 1:24:18   35:59   48:19 228.1k
 42  1.17G  42 513.2M   0      0 243.2k      0 1:24:19   36:00   48:19 226.8k
 42  1.17G  42 513.4M   0      0 243.1k      0 1:24:21   36:02   48:19 177.9k
 42  1.17G  42 513.4M   0      0 243.0k      0 1:24:23   36:03   48:20 162.8k
 42  1.17G  42 513.5M   0      0 242.9k      0 1:24:25   36:04   48:21 128.6k
 42  1.17G  42 513.5M   0      0 242.8k      0 1:24:27   36:05   48:22  95999
 42  1.17G  42 513.6M   0      0 242.7k      0 1:24:29   36:06   48:23  63351
 42  1.17G  42 513.7M   0      0 242.7k      0 1:24:30   36:07   48:23  61866
 42  1.17G  42 513.8M   0      0 242.6k      0 1:24:32   36:08   48:24  70986
 42  1.17G  42 513.9M   0      0 242.5k      0 1:24:33   36:09   48:24  92515
 42  1.17G  42 514.1M   0      0 242.5k      0 1:24:34   36:10   48:24 107.1k
 42  1.17G  42 514.3M   0      0 242.5k      0 1:24:34   36:11   48:23 140.9k
 42  1.17G  42 514.6M   0      0 242.5k      0 1:24:34   36:12   48:22 166.0k
 42  1.17G  42 514.8M   0      0 242.5k      0 1:24:35   36:13   48:22 192.3k
 42  1.17G  42 515.1M   0      0 242.5k      0 1:24:34   36:14   48:20 215.7k
 42  1.17G  42 515.2M   0      0 242.4k      0 1:24:36   36:15   48:21 208.5k
 42  1.17G  42 515.3M   0      0 242.3k      0 1:24:37   36:17   48:20 184.4k
 42  1.17G  42 515.5M   0      0 242.3k      0 1:24:38   36:18   48:20 176.5k
 42  1.17G  42 515.7M   0      0 242.3k      0 1:24:38   36:19   48:19 174.8k
 42  1.17G  42 516.0M   0      0 242.3k      0 1:24:38   36:20   48:18 165.9k
 42  1.17G  42 516.1M   0      0 242.2k      0 1:24:39   36:21   48:18 176.3k
 42  1.17G  42 516.4M   0      0 242.2k      0 1:24:39   36:22   48:17 201.2k
 42  1.17G  42 516.6M   0      0 242.2k      0 1:24:39   36:23   48:16 214.5k
 43  1.17G  43 516.9M   0      0 242.3k      0 1:24:39   36:24   48:15 227.3k
 43  1.17G  43 517.1M   0      0 242.2k      0 1:24:39   36:25   48:14 227.5k
 43  1.17G  43 517.2M   0      0 242.2k      0 1:24:41   36:26   48:15 207.2k
 43  1.17G  43 517.4M   0      0 242.1k      0 1:24:42   36:28   48:14 197.5k
 43  1.17G  43 517.6M   0      0 242.1k      0 1:24:42   36:29   48:13 189.0k
 43  1.17G  43 517.9M   0      0 242.1k      0 1:24:42   36:30   48:12 176.4k
 43  1.17G  43 518.1M   0      0 242.1k      0 1:24:43   36:31   48:12 178.9k
 43  1.17G  43 518.3M   0      0 242.1k      0 1:24:43   36:32   48:11 209.5k
 43  1.17G  43 518.5M   0      0 242.1k      0 1:24:43   36:33   48:10 211.5k
 43  1.17G  43 518.7M   0      0 242.0k      0 1:24:44   36:34   48:10 202.2k
 43  1.17G  43 518.9M   0      0 242.0k      0 1:24:44   36:35   48:09 202.6k
 43  1.17G  43 519.2M   0      0 242.0k      0 1:24:44   36:36   48:08 206.3k
 43  1.17G  43 519.5M   0      0 242.0k      0 1:24:44   36:37   48:07 212.1k
 43  1.17G  43 519.7M   0      0 242.0k      0 1:24:44   36:38   48:06 223.9k
 43  1.17G  43 520.0M   0      0 242.0k      0 1:24:44   36:39   48:05 246.6k
 43  1.17G  43 520.2M   0      0 241.9k      0 1:24:46   36:41   48:05 212.5k
 43  1.17G  43 520.4M   0      0 241.9k      0 1:24:46   36:42   48:04 208.6k
 43  1.17G  43 520.7M   0      0 241.9k      0 1:24:46   36:43   48:03 214.4k
 43  1.17G  43 521.0M   0      0 241.9k      0 1:24:46   36:44   48:02 218.7k
 43  1.17G  43 521.3M   0      0 241.9k      0 1:24:46   36:46   48:00 212.1k
 43  1.17G  43 521.6M   0      0 241.9k      0 1:24:46   36:47   47:59 240.8k
 43  1.17G  43 521.8M   0      0 241.9k      0 1:24:46   36:48   47:58 249.6k
 43  1.17G  43 522.1M   0      0 241.9k      0 1:24:46   36:49   47:57 244.6k
 43  1.17G  43 522.4M   0      0 241.9k      0 1:24:46   36:50   47:56 241.5k
 43  1.17G  43 522.5M   0      0 241.9k      0 1:24:47   36:51   47:56 214.4k
 43  1.17G  43 522.7M   0      0 241.8k      0 1:24:48   36:52   47:56 205.8k
 43  1.17G  43 522.8M   0      0 241.8k      0 1:24:49   36:54   47:55 177.6k
 43  1.17G  43 523.0M   0      0 241.7k      0 1:24:50   36:55   47:55 162.7k
 43  1.17G  43 523.2M   0      0 241.7k      0 1:24:51   36:56   47:55 147.6k
 43  1.17G  43 523.4M   0      0 241.7k      0 1:24:52   36:57   47:55 159.0k
 43  1.17G  43 523.6M   0      0 241.6k      0 1:24:52   36:58   47:54 164.4k
 43  1.17G  43 523.6M   0      0 241.5k      0 1:24:54   36:59   47:55 153.0k
 43  1.17G  43 523.7M   0      0 241.5k      0 1:24:56   37:00   47:56 127.4k
 43  1.17G  43 523.8M   0      0 241.4k      0 1:24:57   37:01   47:56 122.3k
 43  1.17G  43 524.0M   0      0 241.4k      0 1:24:58   37:02   47:56 127.5k
 43  1.17G  43 524.2M   0      0 241.3k      0 1:24:58   37:03   47:55 118.6k
 43  1.17G  43 524.3M   0      0 241.3k      0 1:25:00   37:04   47:56 132.6k
 43  1.17G  43 524.5M   0      0 241.3k      0 1:25:00   37:06   47:54 162.3k
 43  1.17G  43 524.8M   0      0 241.2k      0 1:25:00   37:07   47:53 174.5k
 43  1.17G  43 525.0M   0      0 241.2k      0 1:25:01   37:08   47:53 178.1k
 43  1.17G  43 525.0M   0      0 241.1k      0 1:25:03   37:09   47:54 158.3k
 43  1.17G  43 525.0M   0      0 241.0k      0 1:25:05   37:10   47:55 132.6k
 43  1.17G  43 525.2M   0      0 241.0k      0 1:25:05   37:11   47:54 132.7k
 43  1.17G  43 525.4M   0      0 241.0k      0 1:25:06   37:12   47:54 120.1k
 43  1.17G  43 525.6M   0      0 241.0k      0 1:25:07   37:13   47:54 122.1k
 43  1.17G  43 525.8M   0      0 240.9k      0 1:25:07   37:14   47:53 158.6k
 43  1.17G  43 526.1M   0      0 241.0k      0 1:25:06   37:15   47:51 210.9k
 43  1.17G  43 526.3M   0      0 241.0k      0 1:25:07   37:16   47:51 219.1k
 43  1.17G  43 526.5M   0      0 240.9k      0 1:25:08   37:17   47:51 209.5k
 43  1.17G  43 526.5M   0      0 240.8k      0 1:25:10   37:18   47:52 168.4k
 43  1.17G  43 526.5M   0      0 240.6k      0 1:25:13   37:20   47:53 122.5k
 43  1.17G  43 526.5M   0      0 240.5k      0 1:25:16   37:21   47:55  79669
 43  1.17G  43 526.5M   0      0 240.4k      0 1:25:18   37:22   47:56  37803
 43  1.17G  43 526.6M   0      0 240.3k      0 1:25:20   37:23   47:57  16896
 43  1.17G  43 526.6M   0      0 240.2k      0 1:25:22   37:24   47:58  23540
 43  1.17G  43 526.7M   0      0 240.1k      0 1:25:24   37:25   47:59  33634
 43  1.17G  43 526.8M   0      0 240.1k      0 1:25:25   37:26   47:59  62641
 43  1.17G  43 527.0M   0      0 240.1k      0 1:25:25   37:27   47:58 99.46k
 43  1.17G  43 527.2M   0      0 240.1k      0 1:25:25   37:28   47:57 134.8k
 43  1.17G  43 527.8M   0      0 240.2k      0 1:25:23   37:29   47:54 228.1k
 43  1.17G  43 528.2M   0      0 240.3k      0 1:25:21   37:30   47:51 305.6k
 43  1.17G  43 528.5M   0      0 240.3k      0 1:25:21   37:32   47:49 309.8k
 44  1.17G  44 528.9M   0      0 240.3k      0 1:25:20   37:33   47:47 339.8k
 44  1.17G  44 529.1M   0      0 240.3k      0 1:25:20   37:34   47:46 333.2k
 44  1.17G  44 529.2M   0      0 240.2k      0 1:25:22   37:35   47:47 246.7k
 44  1.17G  44 529.3M   0      0 240.2k      0 1:25:23   37:36   47:47 193.1k
 44  1.17G  44 529.4M   0      0 240.1k      0 1:25:24   37:37   47:47 170.2k
 44  1.17G  44 529.6M   0      0 240.1k      0 1:25:25   37:38   47:47 133.2k
 44  1.17G  44 529.7M   0      0 240.0k      0 1:25:26   37:39   47:47 124.1k
 44  1.17G  44 529.9M   0      0 240.0k      0 1:25:27   37:40   47:47 139.5k
 44  1.17G  44 530.1M   0      0 240.0k      0 1:25:27   37:41   47:46 152.6k
 44  1.17G  44 530.2M   0      0 239.9k      0 1:25:28   37:42   47:46 159.9k
 44  1.17G  44 530.5M   0      0 240.0k      0 1:25:28   37:43   47:45 187.1k
 44  1.17G  44 530.9M   0      0 240.0k      0 1:25:26   37:44   47:42 233.6k
 44  1.17G  44 531.3M   0      0 240.0k      0 1:25:26   37:46   47:40 255.7k
 44  1.17G  44 531.7M   0      0 240.1k      0 1:25:25   37:47   47:38 280.3k
 44  1.17G  44 532.1M   0      0 240.1k      0 1:25:24   37:48   47:36 316.7k
 44  1.17G  44 532.4M   0      0 240.2k      0 1:25:24   37:49   47:35 316.1k
 44  1.17G  44 532.6M   0      0 240.1k      0 1:25:24   37:50   47:34 276.5k
 44  1.17G  44 532.8M   0      0 240.1k      0 1:25:24   37:52   47:32 273.6k
 44  1.17G  44 533.1M   0      0 240.1k      0 1:25:24   37:53   47:31 261.4k
 44  1.17G  44 533.3M   0      0 240.1k      0 1:25:25   37:54   47:31 218.2k
 44  1.17G  44 533.4M   0      0 240.0k      0 1:25:27   37:55   47:32 181.4k
 44  1.17G  44 533.5M   0      0 240.0k      0 1:25:28   37:56   47:32 174.1k
 44  1.17G  44 533.7M   0      0 239.9k      0 1:25:28   37:57   47:31 164.5k
 44  1.17G  44 533.8M   0      0 239.9k      0 1:25:29   37:58   47:31 137.8k
 44  1.17G  44 534.0M   0      0 239.8k      0 1:25:30   37:59   47:31 130.6k
 44  1.17G  44 534.1M   0      0 239.8k      0 1:25:32   38:00   47:32 139.1k
 44  1.17G  44 534.3M   0      0 239.8k      0 1:25:32   38:01   47:31 150.5k
 44  1.17G  44 534.5M   0      0 239.7k      0 1:25:33   38:02   47:31 154.0k
 44  1.17G  44 534.7M   0      0 239.7k      0 1:25:33   38:03   47:30 169.2k
 44  1.17G  44 534.9M   0      0 239.7k      0 1:25:33   38:04   47:29 183.0k
 44  1.17G  44 535.1M   0      0 239.7k      0 1:25:34   38:05   47:29 194.0k
 44  1.17G  44 535.3M   0      0 239.6k      0 1:25:35   38:07   47:28 190.1k
 44  1.17G  44 535.5M   0      0 239.6k      0 1:25:35   38:08   47:27 191.4k
 44  1.17G  44 535.6M   0      0 239.5k      0 1:25:37   38:09   47:28 163.6k
 44  1.17G  44 535.8M   0      0 239.4k      0 1:25:39   38:10   47:29 142.5k
 44  1.17G  44 535.9M   0      0 239.4k      0 1:25:40   38:11   47:29 136.1k
 44  1.17G  44 536.0M   0      0 239.3k      0 1:25:41   38:13   47:28 127.7k
 44  1.17G  44 536.2M   0      0 239.3k      0 1:25:42   38:14   47:28 118.7k
 44  1.17G  44 536.3M   0      0 239.3k      0 1:25:42   38:15   47:27 130.6k
 44  1.17G  44 536.5M   0      0 239.2k      0 1:25:43   38:16   47:27 147.1k
 44  1.17G  44 536.7M   0      0 239.2k      0 1:25:44   38:17   47:27 156.4k
 44  1.17G  44 536.9M   0      0 239.2k      0 1:25:44   38:18   47:26 177.4k
 44  1.17G  44 537.1M   0      0 239.2k      0 1:25:44   38:19   47:25 189.5k
 44  1.17G  44 537.4M   0      0 239.2k      0 1:25:44   38:20   47:24 209.8k
 44  1.17G  44 537.6M   0      0 239.2k      0 1:25:44   38:21   47:23 218.3k
 44  1.17G  44 537.8M   0      0 239.2k      0 1:25:44   38:22   47:22 229.6k
 44  1.17G  44 538.2M   0      0 239.2k      0 1:25:44   38:23   47:21 243.7k
 44  1.17G  44 538.6M   0      0 239.3k      0 1:25:42   38:24   47:18 281.2k
 44  1.17G  44 539.2M   0      0 239.5k      0 1:25:39   38:25   47:14 347.1k
 44  1.17G  44 539.8M   0      0 239.6k      0 1:25:35   38:26   47:09 439.2k
 44  1.17G  44 540.1M   0      0 239.6k      0 1:25:35   38:27   47:08 431.5k
 44  1.17G  44 540.6M   0      0 239.7k      0 1:25:33   38:28   47:05 447.3k
 44  1.17G  44 540.8M   0      0 239.7k      0 1:25:34   38:30   47:04 400.2k
 45  1.17G  45 541.0M   0      0 239.7k      0 1:25:34   38:31   47:03 327.7k
 45  1.17G  45 541.1M   0      0 239.6k      0 1:25:35   38:32   47:03 224.3k
 45  1.17G  45 541.4M   0      0 239.6k      0 1:25:35   38:33   47:02 224.6k
 45  1.17G  45 541.7M   0      0 239.6k      0 1:25:34   38:34   47:00 212.1k
 45  1.17G  45 542.0M   0      0 239.7k      0 1:25:34   38:35   46:59 231.4k
 45  1.17G  45 542.3M   0      0 239.7k      0 1:25:33   38:36   46:57 252.0k
 45  1.17G  45 542.6M   0      0 239.7k      0 1:25:33   38:37   46:56 287.6k
 45  1.17G  45 542.9M   0      0 239.7k      0 1:25:33   38:38   46:55 292.3k
 45  1.17G  45 543.2M   0      0 239.8k      0 1:25:32   38:39   46:53 287.1k
 45  1.17G  45 543.5M   0      0 239.8k      0 1:25:32   38:40   46:52 284.9k
 45  1.17G  45 543.8M   0      0 239.8k      0 1:25:31   38:41   46:50 285.8k
 45  1.17G  45 544.1M   0      0 239.8k      0 1:25:30   38:42   46:48 295.6k
 45  1.17G  45 544.4M   0      0 239.8k      0 1:25:30   38:43   46:47 293.5k
 45  1.17G  45 544.7M   0      0 239.9k      0 1:25:29   38:44   46:45 295.6k
 45  1.17G  45 545.0M   0      0 239.9k      0 1:25:29   38:45   46:44 304.6k
 45  1.17G  45 545.4M   0      0 239.9k      0 1:25:28   38:47   46:41 302.8k
 45  1.17G  45 545.7M   0      0 240.0k      0 1:25:27   38:48   46:39 298.1k
 45  1.17G  45 546.0M   0      0 240.0k      0 1:25:27   38:49   46:38 311.0k
 45  1.17G  45 546.3M   0      0 240.0k      0 1:25:26   38:50   46:36 303.0k
 45  1.17G  45 546.7M   0      0 240.1k      0 1:25:25   38:51   46:34 301.9k
 45  1.17G  45 547.0M   0      0 240.1k      0 1:25:25   38:52   46:33 306.1k
 45  1.17G  45 547.2M   0      0 240.1k      0 1:25:25   38:53   46:32 299.7k
 45  1.17G  45 547.6M   0      0 240.1k      0 1:25:24   38:54   46:30 293.4k
 45  1.17G  45 547.8M   0      0 240.1k      0 1:25:24   38:55   46:29 286.6k
 45  1.17G  45 548.1M   0      0 240.1k      0 1:25:24   38:56   46:28 272.0k
 45  1.17G  45 548.3M   0      0 240.1k      0 1:25:24   38:57   46:27 257.2k
 45  1.17G  45 548.6M   0      0 240.2k      0 1:25:24   38:58   46:26 258.8k
 45  1.17G  45 548.9M   0      0 240.2k      0 1:25:24   39:00   46:24 247.4k
 45  1.17G  45 549.2M   0      0 240.2k      0 1:25:23   39:01   46:22 260.6k
 45  1.17G  45 549.5M   0      0 240.2k      0 1:25:22   39:02   46:20 271.2k
 45  1.17G  45 549.9M   0      0 240.3k      0 1:25:21   39:03   46:18 292.5k
 45  1.17G  45 550.1M   0      0 240.3k      0 1:25:21   39:04   46:17 297.0k
 45  1.17G  45 550.5M   0      0 240.3k      0 1:25:20   39:05   46:15 310.5k
 45  1.17G  45 550.7M   0      0 240.3k      0 1:25:20   39:06   46:14 300.1k
 45  1.17G  45 551.0M   0      0 240.3k      0 1:25:20   39:07   46:13 295.9k
 45  1.17G  45 551.3M   0      0 240.4k      0 1:25:19   39:08   46:11 285.8k
 45  1.17G  45 551.6M   0      0 240.4k      0 1:25:19   39:09   46:10 288.5k
 45  1.17G  45 551.9M   0      0 240.4k      0 1:25:18   39:10   46:08 290.6k
 45  1.17G  45 552.3M   0      0 240.5k      0 1:25:17   39:11   46:06 304.1k
 45  1.17G  45 552.6M   0      0 240.5k      0 1:25:16   39:12   46:04 316.6k
 46  1.17G  46 552.9M   0      0 240.5k      0 1:25:16   39:13   46:03 306.2k
 46  1.17G  46 553.4M   0      0 240.6k      0 1:25:14   39:15   45:59 323.1k
 46  1.17G  46 553.8M   0      0 240.7k      0 1:25:13   39:16   45:57 341.6k
 46  1.17G  46 554.1M   0      0 240.7k      0 1:25:12   39:17   45:55 348.8k
 46  1.17G  46 554.5M   0      0 240.8k      0 1:25:10   39:18   45:52 354.7k
 46  1.17G  46 554.8M   0      0 240.8k      0 1:25:10   39:19   45:51 357.7k
 46  1.17G  46 555.2M   0      0 240.8k      0 1:25:09   39:20   45:49 350.3k
 46  1.17G  46 555.6M   0      0 240.9k      0 1:25:08   39:21   45:47 344.3k
 46  1.17G  46 556.0M   0      0 240.9k      0 1:25:07   39:22   45:45 339.9k
 46  1.17G  46 556.4M   0      0 241.0k      0 1:25:05   39:23   45:42 345.6k
 46  1.17G  46 556.9M   0      0 241.1k      0 1:25:03   39:24   45:39 386.1k
 46  1.17G  46 557.2M   0      0 241.1k      0 1:25:03   39:26   45:37 371.3k
 46  1.17G  46 557.6M   0      0 241.2k      0 1:25:02   39:27   45:35 365.6k
 46  1.17G  46 558.0M   0      0 241.2k      0 1:25:01   39:28   45:33 359.2k
 46  1.17G  46 558.3M   0      0 241.2k      0 1:25:00   39:29   45:31 340.7k
 46  1.17G  46 558.5M   0      0 241.3k      0 1:25:00   39:30   45:30 301.9k
 46  1.17G  46 558.9M   0      0 241.3k      0 1:24:59   39:31   45:28 313.0k
 46  1.17G  46 559.2M   0      0 241.4k      0 1:24:58   39:32   45:26 314.2k
 46  1.17G  46 559.6M   0      0 241.4k      0 1:24:57   39:33   45:24 314.4k
 46  1.17G  46 559.9M   0      0 241.4k      0 1:24:56   39:34   45:22 328.6k
 46  1.17G  46 560.3M   0      0 241.5k      0 1:24:55   39:35   45:20 351.7k
 46  1.17G  46 560.8M   0      0 241.6k      0 1:24:53   39:36   45:17 379.5k
 46  1.17G  46 561.3M   0      0 241.7k      0 1:24:50   39:37   45:13 415.7k
 46  1.17G  46 562.2M   0      0 242.0k      0 1:24:45   39:38   45:07 524.8k
 46  1.17G  46 562.9M   0      0 242.2k      0 1:24:40   39:39   45:01 596.6k
 46  1.17G  46 563.5M   0      0 242.3k      0 1:24:39   39:41   44:58 551.5k
 46  1.17G  46 563.5M   0      0 242.2k      0 1:24:41   39:42   44:59 470.9k
 46  1.17G  46 563.5M   0      0 242.1k      0 1:24:43   39:43   45:00 377.4k
 46  1.17G  46 563.5M   0      0 242.0k      0 1:24:45   39:44   45:01 228.6k
 46  1.17G  46 563.7M   0      0 241.9k      0 1:24:46   39:45   45:01 135.1k
 46  1.17G  46 564.1M   0      0 242.0k      0 1:24:44   39:46   44:58 129.8k
 46  1.17G  46 564.7M   0      0 242.2k      0 1:24:41   39:47   44:54 237.8k
 47  1.17G  47 565.0M   0      0 242.2k      0 1:24:41   39:48   44:53 289.7k
 47  1.17G  47 565.2M   0      0 242.2k      0 1:24:41   39:49   44:52 343.5k
 47  1.17G  47 565.5M   0      0 242.2k      0 1:24:40   39:50   44:50 367.1k
 47  1.17G  47 565.8M   0      0 242.2k      0 1:24:40   39:51   44:49 332.4k
 47  1.17G  47 566.1M   0      0 242.2k      0 1:24:39   39:52   44:47 282.9k
 47  1.17G  47 566.5M   0      0 242.3k      0 1:24:38   39:53   44:45 296.9k
 47  1.17G  47 566.8M   0      0 242.3k      0 1:24:38   39:54   44:44 299.6k
 47  1.17G  47 567.1M   0      0 242.4k      0 1:24:37   39:55   44:42 310.1k
 47  1.17G  47 567.5M   0      0 242.4k      0 1:24:36   39:56   44:40 334.7k
 47  1.17G  47 568.0M   0      0 242.5k      0 1:24:34   39:57   44:37 363.6k
 47  1.17G  47 568.2M   0      0 242.5k      0 1:24:34   39:58   44:36 349.4k
 47  1.17G  47 568.6M   0      0 242.6k      0 1:24:32   40:00   44:32 367.9k
 47  1.17G  47 569.0M   0      0 242.6k      0 1:24:31   40:01   44:30 367.7k
 47  1.17G  47 569.2M   0      0 242.6k      0 1:24:31   40:02   44:29 339.0k
 47  1.17G  47 569.5M   0      0 242.6k      0 1:24:31   40:03   44:28 298.4k
 47  1.17G  47 569.8M   0      0 242.6k      0 1:24:31   40:04   44:27 296.4k
 47  1.17G  47 570.0M   0      0 242.6k      0 1:24:31   40:05   44:26 259.0k
 47  1.17G  47 570.2M   0      0 242.6k      0 1:24:31   40:06   44:25 242.1k
 47  1.17G  47 570.5M   0      0 242.6k      0 1:24:31   40:07   44:24 246.7k
 47  1.17G  47 570.8M   0      0 242.7k      0 1:24:30   40:08   44:22 269.9k
 47  1.17G  47 571.3M   0      0 242.8k      0 1:24:28   40:09   44:19 315.1k
 47  1.17G  47 571.9M   0      0 242.9k      0 1:24:25   40:10   44:15 378.8k
 47  1.17G  47 572.3M   0      0 242.9k      0 1:24:25   40:12   44:13 364.9k
 47  1.17G  47 572.3M   0      0 242.8k      0 1:24:27   40:13   44:14 318.1k
 47  1.17G  47 572.3M   0      0 242.7k      0 1:24:29   40:14   44:15 254.9k
 47  1.17G  47 572.3M   0      0 242.6k      0 1:24:31   40:15   44:16 173.8k
 47  1.17G  47 572.8M   0      0 242.7k      0 1:24:29   40:16   44:13 163.0k
 47  1.17G  47 573.2M   0      0 242.8k      0 1:24:28   40:17   44:11 176.5k
 47  1.17G  47 573.5M   0      0 242.8k      0 1:24:27   40:18   44:09 252.4k
 47  1.17G  47 573.9M   0      0 242.9k      0 1:24:26   40:19   44:07 325.4k
 47  1.17G  47 574.2M   0      0 242.9k      0 1:24:25   40:20   44:05 380.3k
 47  1.17G  47 574.6M   0      0 243.0k      0 1:24:24   40:21   44:03 362.8k
 47  1.17G  47 575.0M   0      0 243.0k      0 1:24:23   40:22   44:01 365.1k
 47  1.17G  47 575.4M   0      0 243.1k      0 1:24:21   40:23   43:58 369.3k
 47  1.17G  47 575.8M   0      0 243.2k      0 1:24:20   40:24   43:56 368.5k
 47  1.17G  47 576.3M   0      0 243.2k      0 1:24:19   40:25   43:54 388.5k
 47  1.17G  47 576.8M   0      0 243.4k      0 1:24:16   40:26   43:50 416.0k
 48  1.17G  48 577.1M   0      0 243.4k      0 1:24:16   40:27   43:49 391.8k
 48  1.17G  48 577.5M   0      0 243.5k      0 1:24:14   40:28   43:46 393.2k
 48  1.17G  48 577.9M   0      0 243.5k      0 1:24:13   40:29   43:44 387.1k
 48  1.17G  48 578.2M   0      0 243.5k      0 1:24:12   40:30   43:42 380.3k
 48  1.17G  48 578.6M   0      0 243.6k      0 1:24:11   40:31   43:40 355.2k
 48  1.17G  48 579.0M   0      0 243.7k      0 1:24:10   40:33   43:37 380.1k
 48  1.17G  48 579.5M   0      0 243.7k      0 1:24:08   40:34   43:34 384.3k
 48  1.17G  48 580.0M   0      0 243.9k      0 1:24:06   40:35   43:31 422.2k
 48  1.17G  48 580.6M   0      0 244.0k      0 1:24:03   40:36   43:27 465.7k
 48  1.17G  48 580.7M   0      0 243.9k      0 1:24:04   40:37   43:27 405.1k
 48  1.17G  48 580.7M   0      0 243.8k      0 1:24:06   40:38   43:28 329.1k
 48  1.17G  48 580.7M   0      0 243.7k      0 1:24:08   40:39   43:29 243.0k
 48  1.17G  48 580.7M   0      0 243.6k      0 1:24:10   40:40   43:30 139.9k
 48  1.17G  48 580.7M   0      0 243.5k      0 1:24:12   40:41   43:31  25542
 48  1.17G  48 581.3M   0      0 243.7k      0 1:24:09   40:42   43:27 118.1k
 48  1.17G  48 581.9M   0      0 243.8k      0 1:24:06   40:43   43:23 238.9k
 48  1.17G  48 582.4M   0      0 243.9k      0 1:24:04   40:44   43:20 327.1k
 48  1.17G  48 583.0M   0      0 244.1k      0 1:24:01   40:45   43:16 434.7k
 48  1.17G  48 583.4M   0      0 244.1k      0 1:24:00   40:46   43:14 513.1k
 48  1.17G  48 583.9M   0      0 244.2k      0 1:23:58   40:47   43:11 488.9k
 48  1.17G  48 584.2M   0      0 244.3k      0 1:23:57   40:48   43:09 446.0k
 48  1.17G  48 584.6M   0      0 244.3k      0 1:23:56   40:49   43:07 425.4k
 48  1.17G  48 584.9M   0      0 244.3k      0 1:23:56   40:50   43:06 375.0k
 48  1.17G  48 585.2M   0      0 244.4k      0 1:23:55   40:51   43:04 359.7k
 48  1.17G  48 585.6M   0      0 244.4k      0 1:23:54   40:52   43:02 338.0k
 48  1.17G  48 585.8M   0      0 244.4k      0 1:23:54   40:53   43:01 316.4k
 48  1.17G  48 586.1M   0      0 244.4k      0 1:23:54   40:55   42:59 293.1k
 48  1.17G  48 586.3M   0      0 244.4k      0 1:23:54   40:56   42:58 283.7k
 48  1.17G  48 586.6M   0      0 244.4k      0 1:23:54   40:57   42:57 274.0k
 48  1.17G  48 586.9M   0      0 244.4k      0 1:23:54   40:58   42:56 254.4k
 48  1.17G  48 587.2M   0      0 244.5k      0 1:23:53   40:59   42:54 258.8k
 48  1.17G  48 587.5M   0      0 244.5k      0 1:23:53   41:00   42:53 260.9k
 48  1.17G  48 587.8M   0      0 244.5k      0 1:23:52   41:01   42:51 282.7k
 48  1.17G  48 588.1M   0      0 244.5k      0 1:23:53   41:02   42:51 264.7k
 48  1.17G  48 588.4M   0      0 244.5k      0 1:23:52   41:03   42:49 276.5k
 48  1.17G  48 588.6M   0      0 244.5k      0 1:23:52   41:04   42:48 263.8k
 48  1.17G  48 588.9M   0      0 244.5k      0 1:23:53   41:05   42:48 264.3k
 49  1.17G  49 589.1M   0      0 244.5k      0 1:23:53   41:06   42:47 238.2k
 49  1.17G  49 589.4M   0      0 244.5k      0 1:23:52   41:07   42:45 253.6k
 49  1.17G  49 589.6M   0      0 244.5k      0 1:23:53   41:08   42:45 233.7k
 49  1.17G  49 589.9M   0      0 244.5k      0 1:23:52   41:09   42:43 251.7k
 49  1.17G  49 590.1M   0      0 244.5k      0 1:23:52   41:11   42:41 247.0k
 49  1.17G  49 590.4M   0      0 244.5k      0 1:23:52   41:12   42:40 255.2k
 49  1.17G  49 590.6M   0      0 244.5k      0 1:23:52   41:13   42:39 254.9k
 49  1.17G  49 591.0M   0      0 244.6k      0 1:23:51   41:14   42:37 278.3k
 49  1.17G  49 591.4M   0      0 244.7k      0 1:23:49   41:15   42:34 313.2k
 49  1.17G  49 592.0M   0      0 244.8k      0 1:23:46   41:16   42:30 383.9k
 49  1.17G  49 592.6M   0      0 244.9k      0 1:23:44   41:17   42:27 441.3k
 49  1.17G  49 593.3M   0      0 245.1k      0 1:23:40   41:18   42:22 521.3k
 49  1.17G  49 593.8M   0      0 245.2k      0 1:23:38   41:19   42:19 547.4k
 49  1.17G  49 594.3M   0      0 245.3k      0 1:23:35   41:20   42:15 562.8k
 49  1.17G  49 594.7M   0      0 245.4k      0 1:23:35   41:21   42:14 515.5k
 49  1.17G  49 595.0M   0      0 245.4k      0 1:23:34   41:22   42:12 469.1k
 49  1.17G  49 595.4M   0      0 245.5k      0 1:23:33   41:23   42:10 408.5k
 49  1.17G  49 595.8M   0      0 245.5k      0 1:23:32   41:24   42:08 392.9k
 49  1.17G  49 596.1M   0      0 245.6k      0 1:23:31   41:25   42:06 352.7k
 49  1.17G  49 596.5M   0      0 245.6k      0 1:23:30   41:26   42:04 363.9k
 49  1.17G  49 596.8M   0      0 245.6k      0 1:23:29   41:27   42:02 359.3k
 49  1.17G  49 597.2M   0      0 245.7k      0 1:23:28   41:28   42:00 351.8k
 49  1.17G  49 597.6M   0      0 245.7k      0 1:23:27   41:29   41:58 350.2k
 49  1.17G  49 597.9M   0      0 245.8k      0 1:23:27   41:30   41:57 339.0k
 49  1.17G  49 598.2M   0      0 245.8k      0 1:23:26   41:31   41:55 338.4k
 49  1.17G  49 598.6M   0      0 245.9k      0 1:23:25   41:32   41:53 349.8k
 49  1.17G  49 599.1M   0      0 245.9k      0 1:23:23   41:33   41:50 374.1k
 49  1.17G  49 599.5M   0      0 246.0k      0 1:23:22   41:34   41:48 376.2k
 49  1.17G  49 599.9M   0      0 246.1k      0 1:23:20   41:35   41:45 406.3k
 49  1.17G  49 600.2M   0      0 246.1k      0 1:23:20   41:36   41:44 389.9k
 49  1.17G  49 600.6M   0      0 246.2k      0 1:23:19   41:38   41:41 384.6k
 50  1.17G  50 601.0M   0      0 246.2k      0 1:23:17   41:39   41:38 383.8k
 50  1.17G  50 601.4M   0      0 246.3k      0 1:23:16   41:40   41:36 387.8k
 50  1.17G  50 601.8M   0      0 246.4k      0 1:23:14   41:41   41:33 384.3k
 50  1.17G  50 602.3M   0      0 246.4k      0 1:23:13   41:42   41:31 408.8k
 50  1.17G  50 602.7M   0      0 246.5k      0 1:23:12   41:43   41:29 411.6k
 50  1.17G  50 603.1M   0      0 246.6k      0 1:23:11   41:44   41:27 400.3k
 50  1.17G  50 603.4M   0      0 246.6k      0 1:23:10   41:45   41:25 383.2k
 50  1.17G  50 603.6M   0      0 246.6k      0 1:23:10   41:46   41:24 346.5k
 50  1.17G  50 603.9M   0      0 246.6k      0 1:23:10   41:47   41:23 310.7k
 50  1.17G  50 604.2M   0      0 246.6k      0 1:23:10   41:48   41:22 289.3k
 50  1.17G  50 604.5M   0      0 246.6k      0 1:23:10   41:49   41:21 268.9k
 50  1.17G  50 604.7M   0      0 246.6k      0 1:23:09   41:50   41:19 263.3k
 50  1.17G  50 605.1M   0      0 246.7k      0 1:23:08   41:51   41:17 293.2k
 50  1.17G  50 605.6M   0      0 246.8k      0 1:23:07   41:52   41:15 327.9k
 50  1.17G  50 605.9M   0      0 246.8k      0 1:23:06   41:54   41:12 335.9k
 50  1.17G  50 606.2M   0      0 246.8k      0 1:23:06   41:55   41:11 326.7k
 50  1.17G  50 606.5M   0      0 246.8k      0 1:23:06   41:56   41:10 324.1k
 50  1.17G  50 606.7M   0      0 246.8k      0 1:23:06   41:57   41:09 295.9k
 50  1.17G  50 606.9M   0      0 246.8k      0 1:23:06   41:58   41:08 255.7k
 50  1.17G  50 607.2M   0      0 246.8k      0 1:23:06   41:59   41:07 244.0k
 50  1.17G  50 607.5M   0      0 246.8k      0 1:23:06   42:00   41:06 249.7k
 50  1.17G  50 607.7M   0      0 246.8k      0 1:23:06   42:01   41:05 246.3k
 50  1.17G  50 608.0M   0      0 246.8k      0 1:23:06   42:02   41:04 255.6k
 50  1.17G  50 608.3M   0      0 246.8k      0 1:23:05   42:03   41:02 273.3k
 50  1.17G  50 608.7M   0      0 246.9k      0 1:23:04   42:04   41:00 303.7k
 50  1.17G  50 609.3M   0      0 247.0k      0 1:23:01   42:05   40:56 362.9k
 50  1.17G  50 609.6M   0      0 247.1k      0 1:23:00   42:06   40:54 373.2k
 50  1.17G  50 610.1M   0      0 247.1k      0 1:22:59   42:07   40:52 407.3k
 50  1.17G  50 610.6M   0      0 247.2k      0 1:22:57   42:08   40:49 441.8k
 50  1.17G  50 610.9M   0      0 247.3k      0 1:22:56   42:09   40:47 432.4k
 50  1.17G  50 611.3M   0      0 247.3k      0 1:22:55   42:10   40:45 388.5k
 50  1.17G  50 611.7M   0      0 247.4k      0 1:22:54   42:11   40:43 400.8k
 50  1.17G  50 612.1M   0      0 247.4k      0 1:22:53   42:13   40:40 375.0k
 50  1.17G  50 612.4M   0      0 247.4k      0 1:22:53   42:14   40:39 347.4k
 50  1.17G  50 612.8M   0      0 247.5k      0 1:22:52   42:15   40:37 348.0k
 51  1.17G  51 613.1M   0      0 247.5k      0 1:22:51   42:16   40:35 348.0k
 51  1.17G  51 613.4M   0      0 247.5k      0 1:22:51   42:17   40:34 325.9k
 51  1.17G  51 613.7M   0      0 247.6k      0 1:22:50   42:18   40:32 322.1k
 51  1.17G  51 614.0M   0      0 247.6k      0 1:22:50   42:19   40:31 309.2k
 51  1.17G  51 614.3M   0      0 247.6k      0 1:22:50   42:20   40:30 296.2k
 51  1.17G  51 614.6M   0      0 247.6k      0 1:22:49   42:21   40:28 286.5k
 51  1.17G  51 614.9M   0      0 247.6k      0 1:22:49   42:22   40:27 296.0k
 51  1.17G  51 615.2M   0      0 247.6k      0 1:22:49   42:23   40:26 282.5k
 51  1.17G  51 615.4M   0      0 247.6k      0 1:22:49   42:24   40:25 276.1k
 51  1.17G  51 615.8M   0      0 247.7k      0 1:22:48   42:25   40:23 280.9k
 51  1.17G  51 616.1M   0      0 247.7k      0 1:22:47   42:26   40:21 293.0k
 51  1.17G  51 616.4M   0      0 247.7k      0 1:22:47   42:27   40:20 291.3k
 51  1.17G  51 616.8M   0      0 247.8k      0 1:22:46   42:28   40:18 313.6k
 51  1.17G  51 617.1M   0      0 247.8k      0 1:22:45   42:29   40:16 342.2k
 51  1.17G  51 617.6M   0      0 247.9k      0 1:22:43   42:30   40:13 372.5k
 51  1.17G  51 618.0M   0      0 248.0k      0 1:22:42   42:31   40:11 377.7k
 51  1.17G  51 618.6M   0      0 248.1k      0 1:22:40   42:32   40:08 413.9k
 51  1.17G  51 619.1M   0      0 248.2k      0 1:22:37   42:34   40:03 453.5k
 51  1.17G  51 619.8M   0      0 248.4k      0 1:22:34   42:35   39:59 490.7k
 51  1.17G  51 620.2M   0      0 248.4k      0 1:22:34   42:36   39:58 468.6k
 51  1.17G  51 620.5M   0      0 248.4k      0 1:22:33   42:37   39:56 465.6k
 51  1.17G  51 620.9M   0      0 248.5k      0 1:22:32   42:38   39:54 441.1k
 51  1.17G  51 621.3M   0      0 248.5k      0 1:22:31   42:39   39:52 406.0k
 51  1.17G  51 621.7M   0      0 248.6k      0 1:22:30   42:40   39:50 368.3k
 51  1.17G  51 622.1M   0      0 248.7k      0 1:22:28   42:41   39:47 376.9k
 51  1.17G  51 622.4M   0      0 248.7k      0 1:22:27   42:42   39:45 384.2k
 51  1.17G  51 622.8M   0      0 248.8k      0 1:22:26   42:43   39:43 382.5k
 51  1.17G  51 623.3M   0      0 248.8k      0 1:22:25   42:44   39:41 395.3k
 51  1.17G  51 623.7M   0      0 248.9k      0 1:22:23   42:45   39:38 406.9k
 51  1.17G  51 624.2M   0      0 249.0k      0 1:22:22   42:46   39:36 416.5k
 51  1.17G  51 624.6M   0      0 249.1k      0 1:22:20   42:47   39:33 432.8k
 52  1.17G  52 625.1M   0      0 249.2k      0 1:22:18   42:48   39:30 451.7k
 52  1.17G  52 625.5M   0      0 249.2k      0 1:22:17   42:49   39:28 442.0k
 52  1.17G  52 625.9M   0      0 249.3k      0 1:22:16   42:50   39:26 428.2k
 52  1.17G  52 626.4M   0      0 249.4k      0 1:22:14   42:51   39:23 425.2k
 52  1.17G  52 626.8M   0      0 249.4k      0 1:22:13   42:53   39:20 409.4k
 52  1.17G  52 627.2M   0      0 249.5k      0 1:22:12   42:54   39:18 399.8k
 52  1.17G  52 627.6M   0      0 249.5k      0 1:22:11   42:55   39:16 409.3k
 52  1.17G  52 627.9M   0      0 249.6k      0 1:22:11   42:56   39:15 379.5k
 52  1.17G  52 628.2M   0      0 249.6k      0 1:22:10   42:57   39:13 348.9k
 52  1.17G  52 628.6M   0      0 249.6k      0 1:22:09   42:58   39:11 348.0k
 52  1.17G  52 629.1M   0      0 249.7k      0 1:22:08   42:59   39:09 354.1k
 52  1.17G  52 629.5M   0      0 249.8k      0 1:22:06   43:00   39:06 354.1k
 52  1.17G  52 629.9M   0      0 249.8k      0 1:22:05   43:01   39:04 387.7k
 52  1.17G  52 630.4M   0      0 249.9k      0 1:22:03   43:02   39:01 425.6k
 52  1.17G  52 630.9M   0      0 250.0k      0 1:22:01   43:03   38:58 451.7k
 52  1.17G  52 631.5M   0      0 250.2k      0 1:21:59   43:04   38:55 477.7k
 52  1.17G  52 631.9M   0      0 250.2k      0 1:21:58   43:05   38:53 452.8k
 52  1.17G  52 632.6M   0      0 250.4k      0 1:21:55   43:07   38:48 496.3k
 52  1.17G  52 633.1M   0      0 250.5k      0 1:21:53   43:08   38:45 511.5k
 52  1.17G  52 633.6M   0      0 250.6k      0 1:21:51   43:09   38:42 502.1k
 52  1.17G  52 634.1M   0      0 250.6k      0 1:21:49   43:10   38:39 474.5k
 52  1.17G  52 634.4M   0      0 250.7k      0 1:21:49   43:11   38:38 477.8k
 52  1.17G  52 634.7M   0      0 250.7k      0 1:21:48   43:12   38:36 417.4k
 52  1.17G  52 635.1M   0      0 250.7k      0 1:21:47   43:13   38:34 380.6k
 52  1.17G  52 635.4M   0      0 250.8k      0 1:21:47   43:14   38:33 351.3k
 52  1.17G  52 635.8M   0      0 250.8k      0 1:21:46   43:15   38:31 342.0k
 52  1.17G  52 636.3M   0      0 250.9k      0 1:21:44   43:16   38:28 369.6k
 52  1.17G  52 636.7M   0      0 251.0k      0 1:21:43   43:17   38:26 387.8k
 53  1.17G  53 637.1M   0      0 251.0k      0 1:21:42   43:18   38:24 366.1k
 53  1.17G  53 637.5M   0      0 251.1k      0 1:21:41   43:19   38:22 390.2k
 53  1.17G  53 637.9M   0      0 251.1k      0 1:21:40   43:20   38:20 391.1k
 53  1.17G  53 638.2M   0      0 251.1k      0 1:21:39   43:22   38:17 363.5k
 53  1.17G  53 638.6M   0      0 251.2k      0 1:21:39   43:23   38:16 351.1k
 53  1.17G  53 639.0M   0      0 251.2k      0 1:21:38   43:24   38:14 374.2k
 53  1.17G  53 639.3M   0      0 251.2k      0 1:21:39   43:25   38:14 295.3k
 53  1.17G  53 639.3M   0      0 251.1k      0 1:21:41   43:26   38:15 231.4k
 53  1.17G  53 639.3M   0      0 251.0k      0 1:21:43   43:27   38:16 176.5k
 53  1.17G  53 639.5M   0      0 251.0k      0 1:21:43   43:29   38:14 151.4k
 53  1.17G  53 639.8M   0      0 251.0k      0 1:21:42   43:30   38:12 151.0k
 53  1.17G  53 640.2M   0      0 251.0k      0 1:21:41   43:31   38:10 184.5k
 53  1.17G  53 640.5M   0      0 251.1k      0 1:21:41   43:32   38:09 250.0k
 53  1.17G  53 640.9M   0      0 251.1k      0 1:21:40   43:33   38:07 323.0k
 53  1.17G  53 641.3M   0      0 251.2k      0 1:21:38   43:34   38:04 376.4k
 53  1.17G  53 641.8M   0      0 251.3k      0 1:21:37   43:35   38:02 389.8k
 53  1.17G  53 642.4M   0      0 251.4k      0 1:21:34   43:36   37:58 434.8k
 53  1.17G  53 643.0M   0      0 251.5k      0 1:21:32   43:37   37:55 486.3k
 53  1.17G  53 643.6M   0      0 251.7k      0 1:21:29   43:38   37:51 537.3k
 53  1.17G  53 644.1M   0      0 251.8k      0 1:21:27   43:39   37:48 537.8k
 53  1.17G  53 644.6M   0      0 251.9k      0 1:21:25   43:40   37:45 558.4k
 53  1.17G  53 645.3M   0      0 252.0k      0 1:21:22   43:41   37:41 566.2k
 53  1.17G  53 645.7M   0      0 252.1k      0 1:21:21   43:42   37:39 533.2k
 53  1.17G  53 646.2M   0      0 252.2k      0 1:21:19   43:43   37:36 499.2k
 53  1.17G  53 646.6M   0      0 252.2k      0 1:21:18   43:44   37:34 480.1k
 53  1.17G  53 647.0M   0      0 252.3k      0 1:21:17   43:45   37:32 444.4k
 53  1.17G  53 647.5M   0      0 252.4k      0 1:21:16   43:46   37:30 413.2k
 53  1.17G  53 647.8M   0      0 252.4k      0 1:21:15   43:47   37:28 405.4k
 53  1.17G  53 648.2M   0      0 252.4k      0 1:21:14   43:48   37:26 379.0k
 53  1.17G  53 648.6M   0      0 252.5k      0 1:21:13   43:49   37:24 386.4k
 54  1.17G  54 649.1M   0      0 252.6k      0 1:21:12   43:51   37:21 384.7k
 54  1.17G  54 649.4M   0      0 252.6k      0 1:21:12   43:52   37:20 353.6k
 54  1.17G  54 649.8M   0      0 252.6k      0 1:21:10   43:53   37:17 359.7k
 54  1.17G  54 650.2M   0      0 252.7k      0 1:21:09   43:54   37:15 373.6k
 54  1.17G  54 650.6M   0      0 252.8k      0 1:21:08   43:55   37:13 374.3k
 54  1.17G  54 651.0M   0      0 252.8k      0 1:21:07   43:56   37:11 378.2k
 54  1.17G  54 651.3M   0      0 252.8k      0 1:21:07   43:57   37:10 377.6k
 54  1.17G  54 651.7M   0      0 252.9k      0 1:21:06   43:58   37:08 371.4k
 54  1.17G  54 652.1M   0      0 252.9k      0 1:21:04   43:59   37:05 378.2k
 54  1.17G  54 652.5M   0      0 253.0k      0 1:21:03   44:00   37:03 369.3k
 54  1.17G  54 652.9M   0      0 253.1k      0 1:21:02   44:01   37:01 376.3k
 54  1.17G  54 653.3M   0      0 253.1k      0 1:21:02   44:02   37:00 394.5k
 54  1.17G  54 653.7M   0      0 253.2k      0 1:21:00   44:03   36:57 398.1k
 54  1.17G  54 654.1M   0      0 253.2k      0 1:20:59   44:04   36:55 398.1k
 54  1.17G  54 654.5M   0      0 253.3k      0 1:20:58   44:05   36:53 404.5k
 54  1.17G  54 654.9M   0      0 253.3k      0 1:20:57   44:06   36:51 399.0k
 54  1.17G  54 655.3M   0      0 253.4k      0 1:20:56   44:07   36:49 388.9k
 54  1.17G  54 655.7M   0      0 253.4k      0 1:20:55   44:09   36:46 383.2k
 54  1.17G  54 656.1M   0      0 253.5k      0 1:20:54   44:10   36:44 382.2k
 54  1.17G  54 656.5M   0      0 253.5k      0 1:20:53   44:11   36:42 376.1k
 54  1.17G  54 656.9M   0      0 253.6k      0 1:20:52   44:12   36:40 377.7k
 54  1.17G  54 657.3M   0      0 253.6k      0 1:20:51   44:13   36:38 395.7k
 54  1.17G  54 657.6M   0      0 253.7k      0 1:20:51   44:14   36:37 383.2k
 54  1.17G  54 658.0M   0      0 253.7k      0 1:20:50   44:15   36:35 365.5k
 54  1.17G  54 658.3M   0      0 253.7k      0 1:20:49   44:16   36:33 361.2k
 54  1.17G  54 658.7M   0      0 253.8k      0 1:20:48   44:17   36:31 352.7k
 54  1.17G  54 659.0M   0      0 253.8k      0 1:20:48   44:18   36:30 348.6k
 54  1.17G  54 659.4M   0      0 253.9k      0 1:20:47   44:19   36:28 359.6k
 54  1.17G  54 659.8M   0      0 253.9k      0 1:20:46   44:20   36:26 355.5k
 54  1.17G  54 660.1M   0      0 253.9k      0 1:20:45   44:21   36:24 356.3k
 54  1.17G  54 660.5M   0      0 254.0k      0 1:20:44   44:22   36:22 361.7k
 54  1.17G  54 660.9M   0      0 254.0k      0 1:20:43   44:23   36:20 364.3k
 55  1.17G  55 661.3M   0      0 254.1k      0 1:20:42   44:24   36:18 366.4k
 55  1.17G  55 661.6M   0      0 254.1k      0 1:20:42   44:25   36:17 366.5k
 55  1.17G  55 662.0M   0      0 254.2k      0 1:20:41   44:26   36:15 361.5k
 55  1.17G  55 662.4M   0      0 254.2k      0 1:20:40   44:27   36:13 366.5k
 55  1.17G  55 662.8M   0      0 254.3k      0 1:20:39   44:28   36:11 364.7k
 55  1.17G  55 663.2M   0      0 254.3k      0 1:20:38   44:29   36:09 366.7k
 55  1.17G  55 663.5M   0      0 254.3k      0 1:20:38   44:30   36:08 359.6k
 55  1.17G  55 663.8M   0      0 254.4k      0 1:20:37   44:31   36:06 367.7k
 55  1.17G  55 664.2M   0      0 254.4k      0 1:20:36   44:32   36:04 363.9k
 55  1.17G  55 664.6M   0      0 254.5k      0 1:20:35   44:34   36:01 362.6k
 55  1.17G  55 665.0M   0      0 254.5k      0 1:20:35   44:35   36:00 342.3k
 55  1.17G  55 665.3M   0      0 254.5k      0 1:20:34   44:36   35:58 354.1k
 55  1.17G  55 665.6M   0      0 254.6k      0 1:20:34   44:37   35:57 346.4k
 55  1.17G  55 666.0M   0      0 254.6k      0 1:20:33   44:38   35:55 338.6k
 55  1.17G  55 666.3M   0      0 254.6k      0 1:20:33   44:39   35:54 318.1k
 55  1.17G  55 666.6M   0      0 254.6k      0 1:20:32   44:40   35:52 326.6k
 55  1.17G  55 667.1M   0      0 254.7k      0 1:20:31   44:41   35:50 345.3k
 55  1.17G  55 667.6M   0      0 254.8k      0 1:20:29   44:42   35:47 369.4k
 55  1.17G  55 668.2M   0      0 254.9k      0 1:20:27   44:43   35:44 418.3k
 55  1.17G  55 668.7M   0      0 255.0k      0 1:20:24   44:44   35:40 483.2k
 55  1.17G  55 669.4M   0      0 255.2k      0 1:20:22   44:45   35:37 544.6k
 55  1.17G  55 670.0M   0      0 255.3k      0 1:20:19   44:46   35:33 568.8k
 55  1.17G  55 670.3M   0      0 255.4k      0 1:20:19   44:47   35:32 550.2k
 55  1.17G  55 670.7M   0      0 255.4k      0 1:20:18   44:48   35:30 511.3k
 55  1.17G  55 671.2M   0      0 255.5k      0 1:20:16   44:49   35:27 484.2k
 55  1.17G  55 671.6M   0      0 255.6k      0 1:20:15   44:50   35:25 441.7k
 55  1.17G  55 672.1M   0      0 255.6k      0 1:20:13   44:51   35:22 416.2k
 55  1.17G  55 672.5M   0      0 255.7k      0 1:20:12   44:52   35:20 438.2k
 55  1.17G  55 673.0M   0      0 255.8k      0 1:20:10   44:53   35:17 460.3k
 56  1.17G  56 673.6M   0      0 255.9k      0 1:20:08   44:54   35:14 479.9k
 56  1.17G  56 674.1M   0      0 256.0k      0 1:20:06   44:55   35:11 494.5k
 56  1.17G  56 674.6M   0      0 256.1k      0 1:20:05   44:57   35:08 497.1k
 56  1.17G  56 675.0M   0      0 256.1k      0 1:20:04   44:58   35:06 487.8k
 56  1.17G  56 675.3M   0      0 256.2k      0 1:20:03   44:59   35:04 446.7k
 56  1.17G  56 675.7M   0      0 256.2k      0 1:20:02   45:00   35:02 410.6k
 56  1.17G  56 676.1M   0      0 256.3k      0 1:20:02   45:01   35:01 379.3k
 56  1.17G  56 676.4M   0      0 256.3k      0 1:20:01   45:02   34:59 359.2k
 56  1.17G  56 676.8M   0      0 256.3k      0 1:20:00   45:03   34:57 356.5k
 56  1.17G  56 677.3M   0      0 256.4k      0 1:19:59   45:04   34:55 376.5k
 56  1.17G  56 677.8M   0      0 256.5k      0 1:19:57   45:05   34:52 401.6k
 56  1.17G  56 678.3M   0      0 256.6k      0 1:19:55   45:06   34:49 430.7k
 56  1.17G  56 678.8M   0      0 256.7k      0 1:19:53   45:07   34:46 469.1k
 56  1.17G  56 679.5M   0      0 256.8k      0 1:19:51   45:08   34:43 513.2k
 56  1.17G  56 680.1M   0      0 257.0k      0 1:19:48   45:09   34:39 554.4k
 56  1.17G  56 680.7M   0      0 257.1k      0 1:19:46   45:10   34:36 574.4k
 56  1.17G  56 681.3M   0      0 257.2k      0 1:19:43   45:11   34:32 603.6k
 56  1.17G  56 681.8M   0      0 257.3k      0 1:19:41   45:12   34:29 589.0k
 56  1.17G  56 682.3M   0      0 257.4k      0 1:19:40   45:13   34:27 574.7k
 56  1.17G  56 682.9M   0      0 257.5k      0 1:19:38   45:14   34:24 562.0k
 56  1.17G  56 683.5M   0      0 257.7k      0 1:19:35   45:15   34:20 554.8k
 56  1.17G  56 684.0M   0      0 257.8k      0 1:19:34   45:16   34:18 521.4k
 56  1.17G  56 684.5M   0      0 257.9k      0 1:19:32   45:17   34:15 534.5k
 56  1.17G  56 685.1M   0      0 258.0k      0 1:19:30   45:18   34:12 538.1k
 57  1.17G  57 685.6M   0      0 258.1k      0 1:19:27   45:19   34:08 545.4k
 57  1.17G  57 686.2M   0      0 258.2k      0 1:19:25   45:20   34:05 541.9k
 57  1.17G  57 686.8M   0      0 258.3k      0 1:19:23   45:21   34:02 567.2k
 57  1.17G  57 687.4M   0      0 258.5k      0 1:19:20   45:22   33:58 582.8k
 57  1.17G  57 688.2M   0      0 258.7k      0 1:19:17   45:23   33:54 622.9k
 57  1.17G  57 688.9M   0      0 258.8k      0 1:19:15   45:25   33:50 560.8k
 57  1.17G  57 689.1M   0      0 258.7k      0 1:19:16   45:26   33:50 497.9k
 57  1.17G  57 689.6M   0      0 258.8k      0 1:19:14   45:28   33:46 464.0k
 57  1.17G  57 690.2M   0      0 258.9k      0 1:19:12   45:29   33:43 447.1k
 57  1.17G  57 690.7M   0      0 259.0k      0 1:19:11   45:30   33:41 403.8k
 57  1.17G  57 691.2M   0      0 259.1k      0 1:19:09   45:31   33:38 430.9k
 57  1.17G  57 691.8M   0      0 259.2k      0 1:19:07   45:32   33:35 491.9k
 57  1.17G  57 692.2M   0      0 259.3k      0 1:19:06   45:33   33:33 489.9k
 57  1.17G  57 692.7M   0      0 259.3k      0 1:19:05   45:34   33:31 471.3k
 57  1.17G  57 693.0M   0      0 259.4k      0 1:19:04   45:35   33:29 437.9k
 57  1.17G  57 693.4M   0      0 259.4k      0 1:19:03   45:36   33:27 404.0k
 57  1.17G  57 693.8M   0      0 259.4k      0 1:19:03   45:37   33:26 371.8k
 57  1.17G  57 694.0M   0      0 259.4k      0 1:19:03   45:38   33:25 352.6k
 57  1.17G  57 694.4M   0      0 259.5k      0 1:19:02   45:39   33:23 332.8k
 57  1.17G  57 694.6M   0      0 259.5k      0 1:19:02   45:40   33:22 316.4k
 57  1.17G  57 695.0M   0      0 259.5k      0 1:19:02   45:42   33:20 301.8k
 57  1.17G  57 695.4M   0      0 259.5k      0 1:19:01   45:43   33:18 308.6k
 57  1.17G  57 695.8M   0      0 259.6k      0 1:19:00   45:44   33:16 325.2k
 57  1.17G  57 696.2M   0      0 259.6k      0 1:18:59   45:45   33:14 339.3k
 57  1.17G  57 696.6M   0      0 259.7k      0 1:18:58   45:46   33:12 373.6k
 57  1.17G  57 697.0M   0      0 259.7k      0 1:18:57   45:47   33:10 395.6k
 58  1.17G  58 697.4M   0      0 259.8k      0 1:18:56   45:48   33:08 401.8k
 58  1.17G  58 697.8M   0      0 259.9k      0 1:18:55   45:49   33:06 407.6k
 58  1.17G  58 698.2M   0      0 259.9k      0 1:18:54   45:50   33:04 403.3k
 58  1.17G  58 698.7M   0      0 260.0k      0 1:18:53   45:51   33:02 390.6k
 58  1.17G  58 699.1M   0      0 260.0k      0 1:18:52   45:52   33:00 392.8k
 58  1.17G  58 699.4M   0      0 260.0k      0 1:18:52   45:54   32:58 366.6k
 58  1.17G  58 699.8M   0      0 260.1k      0 1:18:51   45:55   32:56 369.1k
 58  1.17G  58 700.2M   0      0 260.1k      0 1:18:50   45:56   32:54 370.3k
 58  1.17G  58 700.6M   0      0 260.2k      0 1:18:49   45:57   32:52 383.6k
 58  1.17G  58 700.9M   0      0 260.2k      0 1:18:49   45:58   32:51 368.8k
 58  1.17G  58 701.3M   0      0 260.2k      0 1:18:48   45:59   32:49 384.0k
 58  1.17G  58 701.7M   0      0 260.3k      0 1:18:47   46:00   32:47 383.7k
 58  1.17G  58 702.1M   0      0 260.3k      0 1:18:46   46:01   32:45 373.8k
 58  1.17G  58 702.5M   0      0 260.4k      0 1:18:45   46:02   32:43 370.9k
 58  1.17G  58 702.8M   0      0 260.4k      0 1:18:45   46:03   32:42 365.3k
 58  1.17G  58 703.3M   0      0 260.5k      0 1:18:44   46:04   32:40 377.8k
 58  1.17G  58 703.7M   0      0 260.5k      0 1:18:43   46:05   32:38 379.0k
 58  1.17G  58 704.1M   0      0 260.6k      0 1:18:42   46:06   32:36 396.2k
 58  1.17G  58 704.5M   0      0 260.7k      0 1:18:41   46:07   32:34 399.2k
 58  1.17G  58 704.9M   0      0 260.7k      0 1:18:40   46:08   32:32 416.0k
 58  1.17G  58 705.2M   0      0 260.7k      0 1:18:40   46:09   32:31 376.3k
 58  1.17G  58 705.5M   0      0 260.7k      0 1:18:40   46:10   32:30 350.6k
 58  1.17G  58 705.8M   0      0 260.7k      0 1:18:39   46:11   32:28 333.3k
 58  1.17G  58 706.1M   0      0 260.8k      0 1:18:39   46:12   32:27 310.6k
 58  1.17G  58 706.5M   0      0 260.8k      0 1:18:39   46:13   32:26 299.3k
 58  1.17G  58 706.7M   0      0 260.8k      0 1:18:39   46:14   32:25 300.6k
 58  1.17G  58 707.1M   0      0 260.8k      0 1:18:38   46:16   32:22 315.9k
 58  1.17G  58 707.5M   0      0 260.9k      0 1:18:37   46:17   32:20 325.1k
 58  1.17G  58 707.9M   0      0 260.9k      0 1:18:36   46:18   32:18 343.6k
 58  1.17G  58 708.3M   0      0 261.0k      0 1:18:35   46:19   32:16 358.3k
 58  1.17G  58 708.7M   0      0 261.0k      0 1:18:34   46:20   32:14 385.1k
 59  1.17G  59 709.2M   0      0 261.1k      0 1:18:33   46:21   32:12 401.2k
 59  1.17G  59 709.7M   0      0 261.2k      0 1:18:32   46:22   32:10 418.3k
 59  1.17G  59 710.2M   0      0 261.2k      0 1:18:30   46:23   32:07 432.4k
 59  1.17G  59 710.7M   0      0 261.3k      0 1:18:28   46:24   32:04 456.4k
 59  1.17G  59 711.3M   0      0 261.4k      0 1:18:26   46:25   32:01 498.5k
 59  1.17G  59 711.8M   0      0 261.6k      0 1:18:24   46:26   31:58 519.1k
 59  1.17G  59 712.3M   0      0 261.6k      0 1:18:23   46:27   31:56 526.7k
 59  1.17G  59 712.8M   0      0 261.7k      0 1:18:21   46:28   31:53 527.3k
 59  1.17G  59 713.2M   0      0 261.8k      0 1:18:20   46:29   31:51 502.0k
 59  1.17G  59 713.7M   0      0 261.8k      0 1:18:19   46:30   31:49 473.9k
 59  1.17G  59 713.8M   0      0 261.8k      0 1:18:20   46:31   31:49 388.5k
 59  1.17G  59 714.1M   0      0 261.8k      0 1:18:20   46:32   31:48 336.7k
 59  1.17G  59 714.4M   0      0 261.8k      0 1:18:20   46:33   31:47 304.8k
 59  1.17G  59 714.7M   0      0 261.8k      0 1:18:20   46:34   31:46 283.1k
 59  1.17G  59 715.0M   0      0 261.8k      0 1:18:20   46:35   31:45 249.8k
 59  1.17G  59 715.3M   0      0 261.8k      0 1:18:19   46:37   31:42 287.0k
 59  1.17G  59 715.7M   0      0 261.9k      0 1:18:19   46:38   31:41 310.6k
 59  1.17G  59 716.1M   0      0 261.9k      0 1:18:18   46:39   31:39 324.8k
 59  1.17G  59 716.5M   0      0 262.0k      0 1:18:17   46:40   31:37 349.0k
 59  1.17G  59 716.9M   0      0 262.0k      0 1:18:16   46:41   31:35 378.5k
 59  1.17G  59 717.4M   0      0 262.1k      0 1:18:15   46:42   31:33 394.8k
 59  1.17G  59 717.8M   0      0 262.1k      0 1:18:14   46:43   31:31 397.7k
 59  1.17G  59 718.1M   0      0 262.2k      0 1:18:13   46:44   31:29 394.2k
 59  1.17G  59 718.5M   0      0 262.2k      0 1:18:12   46:45   31:27 385.8k
 59  1.17G  59 718.9M   0      0 262.3k      0 1:18:12   46:46   31:26 383.2k
 59  1.17G  59 719.3M   0      0 262.3k      0 1:18:11   46:47   31:24 360.9k
 59  1.17G  59 719.5M   0      0 262.3k      0 1:18:11   46:48   31:23 340.4k
 59  1.17G  59 719.9M   0      0 262.3k      0 1:18:11   46:49   31:22 337.2k
 59  1.17G  59 720.2M   0      0 262.4k      0 1:18:10   46:50   31:20 335.1k
 59  1.17G  59 720.6M   0      0 262.4k      0 1:18:10   46:51   31:19 318.6k
 59  1.17G  59 720.9M   0      0 262.4k      0 1:18:09   46:52   31:17 328.5k
 60  1.17G  60 721.3M   0      0 262.4k      0 1:18:09   46:54   31:15 341.0k
 60  1.17G  60 721.6M   0      0 262.5k      0 1:18:08   46:55   31:13 335.2k
 60  1.17G  60 722.0M   0      0 262.5k      0 1:18:07   46:56   31:11 340.2k
 60  1.17G  60 722.4M   0      0 262.5k      0 1:18:07   46:57   31:10 351.1k
 60  1.17G  60 722.7M   0      0 262.6k      0 1:18:06   46:58   31:08 343.0k
 60  1.17G  60 723.0M   0      0 262.6k      0 1:18:06   46:59   31:07 350.9k
 60  1.17G  60 723.4M   0      0 262.6k      0 1:18:05   47:00   31:05 360.9k
 60  1.17G  60 723.8M   0      0 262.7k      0 1:18:04   47:01   31:03 366.7k
 60  1.17G  60 724.2M   0      0 262.7k      0 1:18:03   47:02   31:01 373.9k
 60  1.17G  60 724.6M   0      0 262.8k      0 1:18:02   47:03   30:59 394.4k
 60  1.17G  60 725.1M   0      0 262.9k      0 1:18:01   47:04   30:57 408.9k
 60  1.17G  60 725.5M   0      0 262.9k      0 1:18:00   47:05   30:55 420.8k
 60  1.17G  60 726.0M   0      0 263.0k      0 1:17:59   47:06   30:53 424.3k
 60  1.17G  60 726.4M   0      0 263.0k      0 1:17:58   47:07   30:51 424.1k
 60  1.17G  60 726.9M   0      0 263.1k      0 1:17:57   47:08   30:49 423.3k
 60  1.17G  60 727.2M   0      0 263.1k      0 1:17:56   47:09   30:47 400.7k
 60  1.17G  60 727.6M   0      0 263.2k      0 1:17:56   47:10   30:46 382.9k
 60  1.17G  60 727.9M   0      0 263.2k      0 1:17:56   47:11   30:45 352.3k
 60  1.17G  60 728.2M   0      0 263.2k      0 1:17:55   47:12   30:43 335.9k
 60  1.17G  60 728.5M   0      0 263.2k      0 1:17:55   47:13   30:42 316.7k
 60  1.17G  60 728.8M   0      0 263.2k      0 1:17:55   47:14   30:41 314.8k
 60  1.17G  60 729.2M   0      0 263.3k      0 1:17:54   47:15   30:39 319.6k
 60  1.17G  60 729.6M   0      0 263.3k      0 1:17:53   47:16   30:37 355.5k
 60  1.17G  60 730.2M   0      0 263.5k      0 1:17:50   47:17   30:33 415.9k
 60  1.17G  60 730.9M   0      0 263.6k      0 1:17:48   47:19   30:29 490.4k
 60  1.17G  60 731.6M   0      0 263.8k      0 1:17:45   47:20   30:25 555.7k
 60  1.17G  60 732.2M   0      0 263.9k      0 1:17:43   47:21   30:22 613.6k
 60  1.17G  60 732.9M   0      0 264.0k      0 1:17:41   47:22   30:19 645.4k
 61  1.17G  61 733.6M   0      0 264.2k      0 1:17:37   47:23   30:14 673.5k
 61  1.17G  61 734.3M   0      0 264.3k      0 1:17:35   47:24   30:11 665.9k
 61  1.17G  61 734.9M   0      0 264.5k      0 1:17:33   47:25   30:08 660.6k
 61  1.17G  61 735.3M   0      0 264.5k      0 1:17:32   47:26   30:06 603.7k
 61  1.17G  61 735.8M   0      0 264.6k      0 1:17:31   47:27   30:04 554.7k
 61  1.17G  61 736.3M   0      0 264.6k      0 1:17:30   47:28   30:02 492.6k
 61  1.17G  61 736.5M   0      0 264.6k      0 1:17:30   47:29   30:01 422.1k
 61  1.17G  61 736.9M   0      0 264.7k      0 1:17:29   47:30   29:59 375.0k
 61  1.17G  61 737.3M   0      0 264.7k      0 1:17:28   47:31   29:57 366.7k
 61  1.17G  61 737.6M   0      0 264.7k      0 1:17:28   47:32   29:56 355.2k
 61  1.17G  61 738.0M   0      0 264.8k      0 1:17:27   47:33   29:54 337.8k
 61  1.17G  61 738.3M   0      0 264.8k      0 1:17:27   47:34   29:53 358.3k
 61  1.17G  61 738.7M   0      0 264.8k      0 1:17:26   47:35   29:51 352.0k
 61  1.17G  61 739.1M   0      0 264.9k      0 1:17:25   47:36   29:49 360.7k
 61  1.17G  61 739.5M   0      0 264.9k      0 1:17:25   47:37   29:48 370.8k
 61  1.17G  61 739.9M   0      0 265.0k      0 1:17:24   47:38   29:46 377.6k
 61  1.17G  61 740.3M   0      0 265.0k      0 1:17:23   47:40   29:43 381.5k
 61  1.17G  61 740.7M   0      0 265.1k      0 1:17:22   47:41   29:41 390.0k
 61  1.17G  61 741.1M   0      0 265.1k      0 1:17:21   47:42   29:39 383.4k
 61  1.17G  61 741.5M   0      0 265.2k      0 1:17:20   47:43   29:37 404.2k
 61  1.17G  61 741.9M   0      0 265.2k      0 1:17:19   47:44   29:35 402.1k
 61  1.17G  61 742.4M   0      0 265.3k      0 1:17:18   47:45   29:33 407.5k
 61  1.17G  61 742.8M   0      0 265.3k      0 1:17:18   47:46   29:32 402.3k
 61  1.17G  61 743.1M   0      0 265.4k      0 1:17:17   47:47   29:30 407.9k
 61  1.17G  61 743.5M   0      0 265.4k      0 1:17:16   47:48   29:28 389.5k
 61  1.17G  61 743.8M   0      0 265.4k      0 1:17:16   47:49   29:27 377.2k
 61  1.17G  61 744.2M   0      0 265.4k      0 1:17:15   47:50   29:25 360.2k
 61  1.17G  61 744.6M   0      0 265.5k      0 1:17:15   47:51   29:24 368.2k
 61  1.17G  61 744.9M   0      0 265.5k      0 1:17:14   47:52   29:22 352.7k
 62  1.17G  62 745.3M   0      0 265.6k      0 1:17:13   47:53   29:20 350.7k
 62  1.17G  62 745.6M   0      0 265.6k      0 1:17:13   47:54   29:19 338.0k
 62  1.17G  62 745.9M   0      0 265.6k      0 1:17:13   47:55   29:18 347.9k
 62  1.17G  62 746.3M   0      0 265.6k      0 1:17:12   47:56   29:16 342.7k
 62  1.17G  62 746.7M   0      0 265.7k      0 1:17:12   47:57   29:15 348.3k
 62  1.17G  62 747.0M   0      0 265.7k      0 1:17:11   47:58   29:13 334.8k
 62  1.17G  62 747.4M   0      0 265.7k      0 1:17:11   47:59   29:12 355.2k
 62  1.17G  62 747.8M   0      0 265.8k      0 1:17:10   48:01   29:09 354.8k
 62  1.17G  62 748.2M   0      0 265.8k      0 1:17:09   48:02   29:07 358.5k
 62  1.17G  62 748.7M   0      0 265.9k      0 1:17:08   48:03   29:05 370.9k
 62  1.17G  62 749.1M   0      0 265.9k      0 1:17:07   48:04   29:03 393.4k
 62  1.17G  62 749.5M   0      0 266.0k      0 1:17:07   48:05   29:02 389.9k
 62  1.17G  62 749.9M   0      0 266.0k      0 1:17:05   48:06   28:59 403.6k
 62  1.17G  62 750.3M   0      0 266.1k      0 1:17:05   48:07   28:58 404.2k
 62  1.17G  62 750.8M   0      0 266.1k      0 1:17:04   48:08   28:56 408.2k
 62  1.17G  62 751.3M   0      0 266.2k      0 1:17:02   48:09   28:53 416.5k
 62  1.17G  62 751.7M   0      0 266.3k      0 1:17:01   48:10   28:51 429.3k
 62  1.17G  62 752.0M   0      0 266.3k      0 1:17:01   48:11   28:50 407.6k
 62  1.17G  62 752.4M   0      0 266.3k      0 1:17:00   48:12   28:48 395.9k
 62  1.17G  62 752.7M   0      0 266.3k      0 1:17:00   48:13   28:47 377.3k
 62  1.17G  62 753.1M   0      0 266.4k      0 1:16:59   48:14   28:45 360.3k
 62  1.17G  62 753.5M   0      0 266.4k      0 1:16:59   48:15   28:44 351.3k
 62  1.17G  62 753.8M   0      0 266.4k      0 1:16:58   48:16   28:42 353.0k
 62  1.17G  62 754.2M   0      0 266.5k      0 1:16:57   48:17   28:40 368.2k
 62  1.17G  62 754.7M   0      0 266.6k      0 1:16:56   48:18   28:38 392.2k
 62  1.17G  62 755.3M   0      0 266.7k      0 1:16:54   48:19   28:35 434.3k
 62  1.17G  62 755.8M   0      0 266.7k      0 1:16:53   48:20   28:33 459.1k
 62  1.17G  62 756.2M   0      0 266.8k      0 1:16:52   48:21   28:31 476.6k
 62  1.17G  62 756.7M   0      0 266.9k      0 1:16:50   48:22   28:28 501.5k
 63  1.17G  63 757.3M   0      0 267.0k      0 1:16:49   48:24   28:25 510.9k
 63  1.17G  63 757.8M   0      0 267.1k      0 1:16:47   48:25   28:22 489.5k
 63  1.17G  63 758.3M   0      0 267.1k      0 1:16:46   48:26   28:20 462.4k
 63  1.17G  63 758.8M   0      0 267.2k      0 1:16:45   48:27   28:18 469.9k
 63  1.17G  63 759.3M   0      0 267.3k      0 1:16:43   48:28   28:15 470.0k
 63  1.17G  63 759.7M   0      0 267.3k      0 1:16:43   48:29   28:14 446.6k
 63  1.17G  63 760.1M   0      0 267.4k      0 1:16:42   48:30   28:12 414.0k
 63  1.17G  63 760.2M   0      0 267.3k      0 1:16:43   48:31   28:12 361.9k
 63  1.17G  63 760.5M   0      0 267.3k      0 1:16:43   48:32   28:11 322.9k
 63  1.17G  63 760.7M   0      0 267.3k      0 1:16:43   48:33   28:10 271.2k
 63  1.17G  63 761.0M   0      0 267.3k      0 1:16:43   48:34   28:09 248.7k
 63  1.17G  63 761.3M   0      0 267.3k      0 1:16:43   48:36   28:07 242.6k
 63  1.17G  63 761.6M   0      0 267.3k      0 1:16:43   48:37   28:06 284.5k
 63  1.17G  63 762.0M   0      0 267.4k      0 1:16:42   48:38   28:04 301.7k
 63  1.17G  63 762.4M   0      0 267.4k      0 1:16:41   48:39   28:02 334.9k
 63  1.17G  63 763.0M   0      0 267.5k      0 1:16:40   48:40   28:00 380.2k
 63  1.17G  63 763.4M   0      0 267.6k      0 1:16:39   48:41   27:58 407.9k
 63  1.17G  63 763.8M   0      0 267.6k      0 1:16:38   48:42   27:56 404.4k
 63  1.17G  63 764.2M   0      0 267.6k      0 1:16:38   48:43   27:55 413.1k
 63  1.17G  63 764.6M   0      0 267.7k      0 1:16:37   48:44   27:53 407.0k
 63  1.17G  63 765.0M   0      0 267.7k      0 1:16:36   48:45   27:51 380.0k
 63  1.17G  63 765.4M   0      0 267.8k      0 1:16:35   48:46   27:49 371.5k
 63  1.17G  63 765.7M   0      0 267.8k      0 1:16:35   48:47   27:48 378.6k
 63  1.17G  63 766.1M   0      0 267.8k      0 1:16:35   48:48   27:47 361.9k
 63  1.17G  63 766.4M   0      0 267.8k      0 1:16:34   48:49   27:45 353.3k
 63  1.17G  63 766.8M   0      0 267.9k      0 1:16:33   48:50   27:43 359.8k
 63  1.17G  63 767.2M   0      0 267.9k      0 1:16:33   48:51   27:42 361.1k
 63  1.17G  63 767.5M   0      0 267.9k      0 1:16:32   48:52   27:40 355.1k
 63  1.17G  63 767.9M   0      0 268.0k      0 1:16:32   48:54   27:38 358.0k
 63  1.17G  63 768.2M   0      0 268.0k      0 1:16:32   48:55   27:37 342.5k
 63  1.17G  63 768.5M   0      0 268.0k      0 1:16:32   48:56   27:36 315.8k
 63  1.17G  63 768.8M   0      0 268.0k      0 1:16:31   48:57   27:34 305.5k
 63  1.17G  63 769.0M   0      0 268.0k      0 1:16:31   48:58   27:33 297.6k
 64  1.17G  64 769.3M   0      0 268.0k      0 1:16:31   48:59   27:32 283.9k
 64  1.17G  64 769.7M   0      0 268.0k      0 1:16:31   49:00   27:31 304.6k
 64  1.17G  64 770.1M   0      0 268.1k      0 1:16:30   49:01   27:29 321.8k
 64  1.17G  64 770.5M   0      0 268.1k      0 1:16:29   49:02   27:27 334.5k
 64  1.17G  64 770.8M   0      0 268.1k      0 1:16:29   49:03   27:26 347.7k
 64  1.17G  64 771.2M   0      0 268.1k      0 1:16:29   49:04   27:25 354.4k
 64  1.17G  64 771.6M   0      0 268.2k      0 1:16:28   49:05   27:23 352.1k
 64  1.17G  64 771.8M   0      0 268.2k      0 1:16:28   49:06   27:22 328.9k
 64  1.17G  64 772.2M   0      0 268.2k      0 1:16:28   49:07   27:21 324.9k
 64  1.17G  64 772.6M   0      0 268.2k      0 1:16:27   49:08   27:19 330.7k
 64  1.17G  64 772.9M   0      0 268.3k      0 1:16:27   49:09   27:18 335.7k
 64  1.17G  64 773.2M   0      0 268.3k      0 1:16:26   49:10   27:16 326.5k
 64  1.17G  64 773.6M   0      0 268.3k      0 1:16:26   49:11   27:15 349.2k
 64  1.17G  64 774.0M   0      0 268.4k      0 1:16:25   49:12   27:13 352.1k
 64  1.17G  64 774.3M   0      0 268.4k      0 1:16:25   49:14   27:11 349.9k
 64  1.17G  64 774.7M   0      0 268.4k      0 1:16:24   49:15   27:09 359.2k
 64  1.17G  64 775.1M   0      0 268.5k      0 1:16:23   49:16   27:07 376.8k
 64  1.17G  64 775.6M   0      0 268.5k      0 1:16:22   49:17   27:05 386.5k
 64  1.17G  64 776.0M   0      0 268.6k      0 1:16:21   49:18   27:03 390.8k
 64  1.17G  64 776.3M   0      0 268.6k      0 1:16:21   49:19   27:02 376.3k
 64  1.17G  64 776.8M   0      0 268.6k      0 1:16:20   49:20   27:00 390.4k
 64  1.17G  64 777.2M   0      0 268.7k      0 1:16:19   49:21   26:58 386.8k
 64  1.17G  64 777.6M   0      0 268.7k      0 1:16:19   49:22   26:57 387.7k
 64  1.17G  64 778.0M   0      0 268.8k      0 1:16:18   49:23   26:55 383.5k
 64  1.17G  64 778.4M   0      0 268.8k      0 1:16:17   49:24   26:53 407.3k
 64  1.17G  64 778.9M   0      0 268.9k      0 1:16:16   49:25   26:51 409.0k
 64  1.17G  64 779.3M   0      0 269.0k      0 1:16:15   49:26   26:49 415.7k
 64  1.17G  64 779.7M   0      0 269.0k      0 1:16:14   49:27   26:47 417.5k
 64  1.17G  64 780.1M   0      0 269.1k      0 1:16:13   49:28   26:45 427.3k
 64  1.17G  64 780.6M   0      0 269.1k      0 1:16:12   49:29   26:43 439.1k
 64  1.17G  64 781.1M   0      0 269.2k      0 1:16:11   49:30   26:41 430.6k
 65  1.17G  65 781.5M   0      0 269.2k      0 1:16:10   49:31   26:39 433.5k
 65  1.17G  65 781.9M   0      0 269.3k      0 1:16:09   49:32   26:37 434.9k
 65  1.17G  65 782.4M   0      0 269.4k      0 1:16:08   49:33   26:35 440.2k
 65  1.17G  65 782.8M   0      0 269.4k      0 1:16:07   49:34   26:33 429.5k
 65  1.17G  65 783.2M   0      0 269.5k      0 1:16:06   49:35   26:31 440.2k
 65  1.17G  65 783.7M   0      0 269.5k      0 1:16:05   49:37   26:28 446.0k
 65  1.17G  65 784.2M   0      0 269.6k      0 1:16:04   49:38   26:26 450.1k
 65  1.17G  65 784.6M   0      0 269.6k      0 1:16:03   49:39   26:24 436.4k
 65  1.17G  65 785.1M   0      0 269.7k      0 1:16:02   49:40   26:22 456.0k
 65  1.17G  65 785.5M   0      0 269.8k      0 1:16:01   49:41   26:20 444.8k
 65  1.17G  65 785.9M   0      0 269.8k      0 1:16:01   49:42   26:19 413.3k
 65  1.17G  65 786.3M   0      0 269.8k      0 1:16:00   49:43   26:17 399.5k
 65  1.17G  65 786.6M   0      0 269.9k      0 1:16:00   49:44   26:16 387.0k
 65  1.17G  65 786.9M   0      0 269.9k      0 1:15:59   49:45   26:14 355.6k
 65  1.17G  65 787.3M   0      0 269.9k      0 1:15:59   49:46   26:13 345.0k
 65  1.17G  65 787.7M   0      0 269.9k      0 1:15:58   49:47   26:11 351.9k
 65  1.17G  65 788.1M   0      0 270.0k      0 1:15:58   49:48   26:10 352.4k
 65  1.17G  65 788.6M   0      0 270.1k      0 1:15:56   49:49   26:07 384.3k
 65  1.17G  65 788.9M   0      0 270.1k      0 1:15:56   49:50   26:06 374.0k
 65  1.17G  65 789.3M   0      0 270.1k      0 1:15:56   49:52   26:04 367.5k
 65  1.17G  65 789.7M   0      0 270.1k      0 1:15:55   49:53   26:02 383.4k
 65  1.17G  65 790.0M   0      0 270.2k      0 1:15:54   49:54   26:00 369.7k
 65  1.17G  65 790.4M   0      0 270.2k      0 1:15:54   49:55   25:59 343.6k
 65  1.17G  65 790.8M   0      0 270.2k      0 1:15:53   49:56   25:57 358.6k
 65  1.17G  65 791.1M   0      0 270.2k      0 1:15:53   49:57   25:56 348.1k
 65  1.17G  65 791.4M   0      0 270.3k      0 1:15:53   49:58   25:55 334.1k
 65  1.17G  65 791.8M   0      0 270.3k      0 1:15:52   49:59   25:53 344.9k
 65  1.17G  65 792.2M   0      0 270.3k      0 1:15:51   50:00   25:51 357.3k
 65  1.17G  65 792.3M   0      0 270.3k      0 1:15:53   50:01   25:52 295.1k
 65  1.17G  65 792.3M   0      0 270.2k      0 1:15:54   50:02   25:52 240.7k
 65  1.17G  65 792.3M   0      0 270.1k      0 1:15:56   50:03   25:53 175.2k
 65  1.17G  65 792.7M   0      0 270.1k      0 1:15:55   50:04   25:51 172.0k
 65  1.17G  65 793.1M   0      0 270.2k      0 1:15:54   50:05   25:49 170.5k
 66  1.17G  66 793.5M   0      0 270.2k      0 1:15:53   50:06   25:47 242.1k
 66  1.17G  66 794.0M   0      0 270.3k      0 1:15:52   50:07   25:45 337.6k
 66  1.17G  66 794.5M   0      0 270.4k      0 1:15:51   50:08   25:43 424.8k
 66  1.17G  66 795.1M   0      0 270.5k      0 1:15:49   50:09   25:40 469.3k
 66  1.17G  66 795.7M   0      0 270.6k      0 1:15:47   50:10   25:37 506.8k
 66  1.17G  66 796.2M   0      0 270.6k      0 1:15:47   50:12   25:35 490.8k
 66  1.17G  66 796.6M   0      0 270.7k      0 1:15:46   50:13   25:33 481.0k
 66  1.17G  66 797.0M   0      0 270.7k      0 1:15:45   50:14   25:31 467.2k
 66  1.17G  66 797.4M   0      0 270.8k      0 1:15:44   50:15   25:29 422.7k
 66  1.17G  66 797.8M   0      0 270.8k      0 1:15:44   50:16   25:28 377.8k
 66  1.17G  66 797.9M   0      0 270.7k      0 1:15:45   50:17   25:28 328.0k
 66  1.17G  66 798.3M   0      0 270.8k      0 1:15:44   50:18   25:26 322.2k
 66  1.17G  66 798.7M   0      0 270.8k      0 1:15:43   50:19   25:24 323.1k
 66  1.17G  66 799.1M   0      0 270.9k      0 1:15:43   50:20   25:23 333.6k
 66  1.17G  66 799.6M   0      0 270.9k      0 1:15:42   50:21   25:21 353.0k
 66  1.17G  66 800.0M   0      0 271.0k      0 1:15:41   50:22   25:19 404.7k
 66  1.17G  66 800.4M   0      0 271.0k      0 1:15:40   50:23   25:17 403.1k
 66  1.17G  66 800.8M   0      0 271.1k      0 1:15:39   50:24   25:15 413.4k
 66  1.17G  66 801.2M   0      0 271.1k      0 1:15:39   50:25   25:14 400.4k
 66  1.17G  66 801.5M   0      0 271.1k      0 1:15:38   50:26   25:12 384.9k
 66  1.17G  66 802.0M   0      0 271.2k      0 1:15:37   50:27   25:10 404.8k
 66  1.17G  66 802.5M   0      0 271.3k      0 1:15:36   50:28   25:08 416.3k
 66  1.17G  66 802.9M   0      0 271.3k      0 1:15:35   50:29   25:06 420.4k
 66  1.17G  66 803.3M   0      0 271.3k      0 1:15:35   50:31   25:04 393.2k
 66  1.17G  66 803.5M   0      0 271.3k      0 1:15:36   50:32   25:04 350.2k
 66  1.17G  66 803.7M   0      0 271.3k      0 1:15:36   50:33   25:03 315.3k
 66  1.17G  66 804.0M   0      0 271.3k      0 1:15:36   50:34   25:02 289.1k
 66  1.17G  66 804.3M   0      0 271.3k      0 1:15:36   50:35   25:01 254.7k
 66  1.17G  66 804.7M   0      0 271.3k      0 1:15:35   50:36   24:59 266.5k
 66  1.17G  66 805.0M   0      0 271.3k      0 1:15:35   50:37   24:58 300.7k
 67  1.17G  67 805.4M   0      0 271.3k      0 1:15:35   50:39   24:56 309.4k
 67  1.17G  67 805.8M   0      0 271.4k      0 1:15:34   50:40   24:54 316.5k
 67  1.17G  67 806.2M   0      0 271.4k      0 1:15:33   50:41   24:52 345.9k
 67  1.17G  67 806.7M   0      0 271.5k      0 1:15:32   50:42   24:50 375.4k
 67  1.17G  67 807.1M   0      0 271.6k      0 1:15:31   50:43   24:48 404.8k
 67  1.17G  67 807.5M   0      0 271.5k      0 1:15:32   50:44   24:48 359.5k
 67  1.17G  67 807.5M   0      0 271.4k      0 1:15:33   50:45   24:48 297.5k
 67  1.17G  67 807.5M   0      0 271.3k      0 1:15:35   50:46   24:49 220.5k
 67  1.17G  67 807.5M   0      0 271.2k      0 1:15:36   50:47   24:49 138.5k
 67  1.17G  67 807.5M   0      0 271.2k      0 1:15:38   50:48   24:50  57693
 67  1.17G  67 807.8M   0      0 271.2k      0 1:15:38   50:50   24:48  67895
 67  1.17G  67 808.1M   0      0 271.2k      0 1:15:37   50:51   24:46 130.8k
 67  1.17G  67 808.5M   0      0 271.2k      0 1:15:37   50:52   24:45 197.4k
 67  1.17G  67 808.9M   0      0 271.2k      0 1:15:36   50:53   24:43 269.0k
 67  1.17G  67 809.2M   0      0 271.3k      0 1:15:36   50:54   24:42 339.3k
 67  1.17G  67 809.6M   0      0 271.3k      0 1:15:35   50:55   24:40 349.0k
 67  1.17G  67 810.0M   0      0 271.3k      0 1:15:35   50:56   24:39 364.2k
 67  1.17G  67 810.5M   0      0 271.4k      0 1:15:34   50:57   24:37 391.3k
 67  1.17G  67 810.9M   0      0 271.5k      0 1:15:33   50:58   24:35 397.4k
 67  1.17G  67 811.2M   0      0 271.5k      0 1:15:32   50:59   24:33 393.0k
 67  1.17G  67 811.6M   0      0 271.5k      0 1:15:32   51:00   24:32 402.2k
 67  1.17G  67 812.0M   0      0 271.5k      0 1:15:32   51:01   24:31 361.7k
 67  1.17G  67 812.3M   0      0 271.5k      0 1:15:31   51:03   24:28 345.7k
 67  1.17G  67 812.7M   0      0 271.6k      0 1:15:31   51:04   24:27 336.7k
 67  1.17G  67 813.1M   0      0 271.6k      0 1:15:30   51:05   24:25 346.0k
 67  1.17G  67 813.5M   0      0 271.6k      0 1:15:30   51:06   24:24 343.9k
 67  1.17G  67 813.8M   0      0 271.7k      0 1:15:29   51:07   24:22 370.3k
 67  1.17G  67 814.2M   0      0 271.7k      0 1:15:29   51:08   24:21 368.6k
 67  1.17G  67 814.5M   0      0 271.7k      0 1:15:29   51:09   24:20 352.2k
 67  1.17G  67 814.9M   0      0 271.7k      0 1:15:28   51:10   24:18 342.1k
 67  1.17G  67 815.2M   0      0 271.8k      0 1:15:28   51:11   24:17 335.6k
 67  1.17G  67 815.6M   0      0 271.8k      0 1:15:27   51:12   24:15 343.7k
 67  1.17G  67 816.0M   0      0 271.8k      0 1:15:27   51:13   24:14 348.3k
 67  1.17G  67 816.4M   0      0 271.9k      0 1:15:26   51:14   24:12 376.9k
 67  1.17G  67 816.8M   0      0 271.9k      0 1:15:25   51:15   24:10 380.2k
 67  1.17G  67 817.2M   0      0 272.0k      0 1:15:24   51:16   24:08 390.9k
 68  1.17G  68 817.6M   0      0 272.0k      0 1:15:24   51:17   24:07 399.7k
 68  1.17G  68 818.0M   0      0 272.0k      0 1:15:23   51:18   24:05 397.9k
 68  1.17G  68 818.5M   0      0 272.1k      0 1:15:22   51:19   24:03 408.7k
 68  1.17G  68 819.0M   0      0 272.2k      0 1:15:21   51:20   24:01 432.1k
 68  1.17G  68 819.5M   0      0 272.3k      0 1:15:19   51:21   23:58 453.4k
 68  1.17G  68 819.9M   0      0 272.3k      0 1:15:19   51:22   23:57 451.9k
 68  1.17G  68 820.4M   0      0 272.4k      0 1:15:17   51:23   23:54 475.6k
 68  1.17G  68 820.9M   0      0 272.5k      0 1:15:16   51:24   23:52 484.2k
 68  1.17G  68 821.3M   0      0 272.5k      0 1:15:15   51:25   23:50 469.6k
 68  1.17G  68 821.8M   0      0 272.6k      0 1:15:14   51:26   23:48 463.0k
 68  1.17G  68 822.3M   0      0 272.7k      0 1:15:13   51:27   23:46 484.3k
 68  1.17G  68 822.8M   0      0 272.7k      0 1:15:11   51:28   23:43 485.3k
 68  1.17G  68 823.4M   0      0 272.8k      0 1:15:10   51:29   23:41 487.2k
 68  1.17G  68 823.9M   0      0 272.9k      0 1:15:08   51:30   23:38 517.7k
 68  1.17G  68 824.5M   0      0 273.0k      0 1:15:07   51:32   23:35 535.4k
 68  1.17G  68 825.1M   0      0 273.1k      0 1:15:05   51:33   23:32 543.3k
 68  1.17G  68 825.6M   0      0 273.2k      0 1:15:04   51:34   23:30 557.4k
 68  1.17G  68 826.2M   0      0 273.3k      0 1:15:02   51:35   23:27 559.6k
 68  1.17G  68 826.7M   0      0 273.4k      0 1:15:01   51:36   23:25 538.7k
 68  1.17G  68 827.2M   0      0 273.5k      0 1:15:00   51:37   23:23 535.2k
 68  1.17G  68 827.8M   0      0 273.6k      0 1:14:58   51:38   23:20 534.3k
 68  1.17G  68 828.3M   0      0 273.7k      0 1:14:56   51:39   23:17 532.8k
 68  1.17G  68 828.6M   0      0 273.7k      0 1:14:56   51:40   23:16 485.8k
 68  1.17G  68 829.2M   0      0 273.8k      0 1:14:55   51:41   23:14 503.1k
 69  1.17G  69 829.6M   0      0 273.8k      0 1:14:54   51:42   23:12 476.2k
 69  1.17G  69 830.0M   0      0 273.8k      0 1:14:53   51:43   23:10 442.4k
 69  1.17G  69 830.4M   0      0 273.9k      0 1:14:53   51:44   23:09 419.7k
 69  1.17G  69 830.9M   0      0 273.9k      0 1:14:52   51:45   23:07 445.1k
 69  1.17G  69 831.4M   0      0 274.0k      0 1:14:51   51:46   23:05 428.2k
 69  1.17G  69 831.8M   0      0 274.1k      0 1:14:49   51:47   23:02 440.4k
 69  1.17G  69 832.3M   0      0 274.1k      0 1:14:48   51:48   23:00 461.2k
 69  1.17G  69 832.8M   0      0 274.2k      0 1:14:47   51:49   22:58 459.2k
 69  1.17G  69 833.4M   0      0 274.3k      0 1:14:46   51:50   22:56 489.5k
 69  1.17G  69 833.7M   0      0 274.3k      0 1:14:45   51:51   22:54 466.6k
 69  1.17G  69 834.2M   0      0 274.4k      0 1:14:45   51:52   22:53 439.1k
 69  1.17G  69 834.6M   0      0 274.4k      0 1:14:44   51:54   22:50 423.7k
 69  1.17G  69 834.9M   0      0 274.4k      0 1:14:44   51:55   22:49 407.3k
 69  1.17G  69 835.2M   0      0 274.4k      0 1:14:44   51:56   22:48 347.8k
 69  1.17G  69 835.6M   0      0 274.5k      0 1:14:43   51:57   22:46 340.0k
 69  1.17G  69 835.9M   0      0 274.5k      0 1:14:43   51:58   22:45 340.2k
 69  1.17G  69 836.2M   0      0 274.5k      0 1:14:43   51:59   22:44 320.7k
 69  1.17G  69 836.6M   0      0 274.5k      0 1:14:42   52:00   22:42 321.8k
 69  1.17G  69 837.0M   0      0 274.6k      0 1:14:42   52:01   22:41 347.6k
 69  1.17G  69 837.4M   0      0 274.6k      0 1:14:41   52:02   22:39 371.1k
 69  1.17G  69 837.9M   0      0 274.7k      0 1:14:40   52:03   22:37 392.9k
 69  1.17G  69 838.3M   0      0 274.7k      0 1:14:39   52:04   22:35 419.1k
 69  1.17G  69 838.7M   0      0 274.8k      0 1:14:38   52:05   22:33 420.7k
 69  1.17G  69 839.2M   0      0 274.8k      0 1:14:37   52:06   22:31 430.0k
 69  1.17G  69 839.6M   0      0 274.9k      0 1:14:37   52:07   22:30 430.5k
 69  1.17G  69 840.0M   0      0 274.9k      0 1:14:36   52:08   22:28 419.9k
 69  1.17G  69 840.5M   0      0 275.0k      0 1:14:35   52:09   22:26 423.7k
 69  1.17G  69 840.8M   0      0 275.0k      0 1:14:34   52:10   22:24 421.4k
 69  1.17G  69 841.3M   0      0 275.0k      0 1:14:34   52:11   22:23 418.3k
 70  1.17G  70 841.8M   0      0 275.1k      0 1:14:33   52:12   22:21 410.8k
 70  1.17G  70 842.1M   0      0 275.1k      0 1:14:32   52:13   22:19 399.4k
 70  1.17G  70 842.5M   0      0 275.2k      0 1:14:32   52:15   22:17 378.7k
 70  1.17G  70 842.9M   0      0 275.2k      0 1:14:32   52:16   22:16 375.1k
 70  1.17G  70 843.2M   0      0 275.2k      0 1:14:31   52:17   22:14 361.6k
 70  1.17G  70 843.6M   0      0 275.2k      0 1:14:31   52:18   22:13 352.5k
 70  1.17G  70 843.9M   0      0 275.2k      0 1:14:30   52:19   22:11 343.9k
 70  1.17G  70 844.2M   0      0 275.3k      0 1:14:30   52:20   22:10 337.1k
 70  1.17G  70 844.4M   0      0 275.2k      0 1:14:31   52:21   22:10 307.0k
 70  1.17G  70 844.7M   0      0 275.2k      0 1:14:31   52:22   22:09 291.1k
 70  1.17G  70 844.9M   0      0 275.2k      0 1:14:31   52:23   22:08 269.4k
 70  1.17G  70 845.2M   0      0 275.2k      0 1:14:31   52:24   22:07 268.0k
 70  1.17G  70 845.5M   0      0 275.2k      0 1:14:30   52:25   22:05 267.6k
 70  1.17G  70 845.9M   0      0 275.3k      0 1:14:30   52:26   22:04 292.8k
 70  1.17G  70 846.2M   0      0 275.3k      0 1:14:30   52:27   22:03 305.3k
 70  1.17G  70 846.6M   0      0 275.3k      0 1:14:29   52:28   22:01 332.2k
 70  1.17G  70 847.1M   0      0 275.4k      0 1:14:28   52:29   21:59 368.7k
 70  1.17G  70 847.7M   0      0 275.5k      0 1:14:27   52:30   21:57 406.4k
 70  1.17G  70 848.2M   0      0 275.6k      0 1:14:25   52:31   21:54 454.7k
 70  1.17G  70 848.9M   0      0 275.7k      0 1:14:23   52:32   21:51 513.5k
 70  1.17G  70 849.4M   0      0 275.8k      0 1:14:22   52:33   21:49 545.4k
 70  1.17G  70 849.9M   0      0 275.8k      0 1:14:21   52:35   21:46 530.1k
 70  1.17G  70 850.0M   0      0 275.7k      0 1:14:22   52:36   21:46 436.3k
 70  1.17G  70 850.2M   0      0 275.7k      0 1:14:22   52:37   21:45 380.3k
 70  1.17G  70 850.6M   0      0 275.8k      0 1:14:22   52:38   21:44 322.9k
 70  1.17G  70 851.0M   0      0 275.8k      0 1:14:22   52:39   21:43 288.0k
 70  1.17G  70 851.4M   0      0 275.8k      0 1:14:21   52:40   21:41 279.9k
 70  1.17G  70 851.7M   0      0 275.9k      0 1:14:20   52:41   21:39 351.1k
 70  1.17G  70 852.1M   0      0 275.9k      0 1:14:20   52:42   21:38 355.3k
 70  1.17G  70 852.4M   0      0 275.9k      0 1:14:20   52:43   21:37 349.4k
 70  1.17G  70 852.8M   0      0 275.9k      0 1:14:20   52:44   21:36 349.9k
 70  1.17G  70 853.2M   0      0 276.0k      0 1:14:19   52:45   21:34 348.5k
 71  1.17G  71 853.6M   0      0 276.0k      0 1:14:18   52:46   21:32 353.7k
 71  1.17G  71 854.0M   0      0 276.0k      0 1:14:18   52:47   21:31 362.5k
 71  1.17G  71 854.3M   0      0 276.0k      0 1:14:18   52:48   21:30 365.2k
 71  1.17G  71 854.6M   0      0 276.0k      0 1:14:18   52:49   21:29 346.8k
 71  1.17G  71 854.9M   0      0 276.0k      0 1:14:18   52:50   21:28 326.8k
 71  1.17G  71 855.2M   0      0 276.0k      0 1:14:17   52:51   21:26 308.8k
 71  1.17G  71 855.5M   0      0 276.0k      0 1:14:17   52:53   21:24 292.6k
 71  1.17G  71 855.8M   0      0 276.0k      0 1:14:18   52:54   21:24 279.8k
 71  1.17G  71 856.1M   0      0 276.0k      0 1:14:17   52:55   21:22 284.2k
 71  1.17G  71 856.4M   0      0 276.1k      0 1:14:17   52:56   21:21 287.8k
 71  1.17G  71 856.7M   0      0 276.1k      0 1:14:17   52:57   21:20 291.5k
 71  1.17G  71 857.0M   0      0 276.1k      0 1:14:17   52:58   21:19 295.9k
 71  1.17G  71 857.3M   0      0 276.1k      0 1:14:17   52:59   21:18 312.3k
 71  1.17G  71 857.7M   0      0 276.1k      0 1:14:16   53:00   21:16 335.6k
 71  1.17G  71 858.1M   0      0 276.2k      0 1:14:15   53:01   21:14 350.7k
 71  1.17G  71 858.6M   0      0 276.2k      0 1:14:14   53:02   21:12 374.1k
 71  1.17G  71 859.1M   0      0 276.3k      0 1:14:13   53:03   21:10 421.1k
 71  1.17G  71 859.6M   0      0 276.4k      0 1:14:12   53:04   21:08 453.0k
 71  1.17G  71 860.1M   0      0 276.5k      0 1:14:11   53:05   21:06 477.6k
 71  1.17G  71 860.5M   0      0 276.5k      0 1:14:11   53:06   21:05 448.5k
 71  1.17G  71 861.0M   0      0 276.5k      0 1:14:10   53:07   21:03 449.5k
 71  1.17G  71 861.5M   0      0 276.6k      0 1:14:08   53:08   21:00 447.6k
 71  1.17G  71 862.0M   0      0 276.7k      0 1:14:08   53:09   20:59 435.4k
 71  1.17G  71 862.4M   0      0 276.7k      0 1:14:07   53:11   20:56 412.8k
 71  1.17G  71 862.8M   0      0 276.8k      0 1:14:06   53:12   20:54 453.9k
 71  1.17G  71 863.3M   0      0 276.8k      0 1:14:05   53:13   20:52 452.6k
 71  1.17G  71 863.7M   0      0 276.9k      0 1:14:04   53:14   20:50 429.6k
 71  1.17G  71 864.0M   0      0 276.9k      0 1:14:04   53:15   20:49 413.2k
 71  1.17G  71 864.5M   0      0 276.9k      0 1:14:03   53:16   20:47 415.7k
 71  1.17G  71 864.9M   0      0 277.0k      0 1:14:02   53:17   20:45 415.6k
 72  1.17G  72 865.4M   0      0 277.0k      0 1:14:01   53:18   20:43 416.9k
 72  1.17G  72 865.8M   0      0 277.1k      0 1:14:01   53:19   20:42 422.8k
 72  1.17G  72 866.4M   0      0 277.2k      0 1:13:59   53:20   20:39 459.1k
 72  1.17G  72 866.8M   0      0 277.2k      0 1:13:59   53:21   20:38 446.1k
 72  1.17G  72 867.4M   0      0 277.3k      0 1:13:57   53:22   20:35 452.8k
 72  1.17G  72 867.7M   0      0 277.3k      0 1:13:57   53:23   20:34 436.6k
 72  1.17G  72 868.1M   0      0 277.4k      0 1:13:56   53:24   20:32 435.5k
 72  1.17G  72 868.5M   0      0 277.4k      0 1:13:56   53:25   20:31 409.6k
 72  1.17G  72 869.0M   0      0 277.4k      0 1:13:55   53:26   20:29 416.6k
 72  1.17G  72 869.4M   0      0 277.5k      0 1:13:54   53:27   20:27 405.5k
 72  1.17G  72 869.8M   0      0 277.5k      0 1:13:54   53:29   20:25 404.7k
 72  1.17G  72 870.3M   0      0 277.6k      0 1:13:53   53:30   20:23 419.9k
 72  1.17G  72 870.8M   0      0 277.7k      0 1:13:52   53:31   20:21 432.3k
 72  1.17G  72 871.2M   0      0 277.7k      0 1:13:51   53:32   20:19 436.9k
 72  1.17G  72 871.5M   0      0 277.7k      0 1:13:51   53:33   20:18 409.0k
 72  1.17G  72 871.9M   0      0 277.7k      0 1:13:50   53:34   20:16 409.3k
 72  1.17G  72 872.2M   0      0 277.8k      0 1:13:50   53:35   20:15 382.0k
 72  1.17G  72 872.7M   0      0 277.8k      0 1:13:49   53:36   20:13 370.6k
 72  1.17G  72 873.1M   0      0 277.8k      0 1:13:49   53:37   20:12 363.5k
 72  1.17G  72 873.5M   0      0 277.9k      0 1:13:48   53:38   20:10 387.9k
 72  1.17G  72 873.9M   0      0 277.9k      0 1:13:47   53:39   20:08 401.0k
 72  1.17G  72 874.4M   0      0 278.0k      0 1:13:46   53:40   20:06 416.5k
 72  1.17G  72 874.9M   0      0 278.1k      0 1:13:45   53:41   20:04 438.4k
 72  1.17G  72 875.7M   0      0 278.2k      0 1:13:43   53:42   20:01 502.0k
 72  1.17G  72 876.1M   0      0 278.3k      0 1:13:42   53:43   19:59 498.4k
 72  1.17G  72 876.5M   0      0 278.3k      0 1:13:41   53:44   19:57 500.1k
 72  1.17G  72 876.8M   0      0 278.3k      0 1:13:41   53:45   19:56 482.2k
 72  1.17G  72 877.2M   0      0 278.3k      0 1:13:41   53:46   19:55 446.6k
 73  1.17G  73 877.6M   0      0 278.4k      0 1:13:40   53:47   19:53 377.7k
 73  1.17G  73 878.0M   0      0 278.4k      0 1:13:40   53:48   19:52 373.9k
 73  1.17G  73 878.3M   0      0 278.4k      0 1:13:39   53:49   19:50 350.2k
 73  1.17G  73 878.6M   0      0 278.4k      0 1:13:39   53:50   19:49 358.6k
 73  1.17G  73 879.0M   0      0 278.5k      0 1:13:38   53:51   19:47 363.9k
 73  1.17G  73 879.4M   0      0 278.5k      0 1:13:38   53:52   19:46 371.7k
 73  1.17G  73 879.8M   0      0 278.5k      0 1:13:38   53:53   19:45 355.9k
 73  1.17G  73 880.0M   0      0 278.5k      0 1:13:38   53:55   19:43 338.0k
 73  1.17G  73 880.3M   0      0 278.5k      0 1:13:38   53:56   19:42 314.3k
 73  1.17G  73 880.6M   0      0 278.5k      0 1:13:38   53:57   19:41 295.1k
 73  1.17G  73 880.8M   0      0 278.5k      0 1:13:38   53:58   19:40 271.6k
 73  1.17G  73 881.2M   0      0 278.5k      0 1:13:38   53:59   19:39 273.1k
 73  1.17G  73 881.5M   0      0 278.5k      0 1:13:37   54:00   19:37 296.3k
 73  1.17G  73 882.0M   0      0 278.6k      0 1:13:36   54:01   19:35 342.8k
 73  1.17G  73 882.6M   0      0 278.7k      0 1:13:35   54:02   19:33 399.1k
 73  1.17G  73 883.3M   0      0 278.8k      0 1:13:33   54:03   19:30 483.7k
 73  1.17G  73 883.9M   0      0 278.9k      0 1:13:32   54:04   19:28 492.8k
 73  1.17G  73 884.3M   0      0 278.9k      0 1:13:32   54:06   19:26 492.1k
 73  1.17G  73 884.6M   0      0 278.9k      0 1:13:31   54:07   19:24 464.9k
 73  1.17G  73 885.0M   0      0 279.0k      0 1:13:31   54:08   19:23 419.1k
 73  1.17G  73 885.3M   0      0 279.0k      0 1:13:31   54:09   19:22 349.8k
 73  1.17G  73 885.7M   0      0 279.0k      0 1:13:30   54:10   19:20 335.0k
 73  1.17G  73 886.1M   0      0 279.0k      0 1:13:30   54:11   19:19 334.0k
 73  1.17G  73 886.5M   0      0 279.1k      0 1:13:29   54:12   19:17 346.2k
 73  1.17G  73 886.9M   0      0 279.1k      0 1:13:28   54:13   19:15 379.5k
 73  1.17G  73 887.3M   0      0 279.2k      0 1:13:28   54:14   19:14 396.5k
 73  1.17G  73 887.7M   0      0 279.2k      0 1:13:27   54:15   19:12 406.8k
 73  1.17G  73 888.1M   0      0 279.2k      0 1:13:27   54:16   19:11 417.5k
 73  1.17G  73 888.4M   0      0 279.2k      0 1:13:27   54:17   19:10 396.8k
 73  1.17G  73 888.8M   0      0 279.3k      0 1:13:26   54:18   19:08 367.4k
 73  1.17G  73 889.2M   0      0 279.3k      0 1:13:26   54:19   19:07 371.8k
 74  1.17G  74 889.6M   0      0 279.3k      0 1:13:25   54:20   19:05 371.2k
 74  1.17G  74 890.0M   0      0 279.4k      0 1:13:24   54:21   19:03 374.7k
 74  1.17G  74 890.4M   0      0 279.4k      0 1:13:24   54:22   19:02 394.8k
 74  1.17G  74 890.9M   0      0 279.5k      0 1:13:23   54:23   19:00 404.0k
 74  1.17G  74 891.2M   0      0 279.5k      0 1:13:23   54:24   18:59 398.3k
 74  1.17G  74 891.7M   0      0 279.5k      0 1:13:22   54:26   18:56 403.6k
 74  1.17G  74 892.2M   0      0 279.6k      0 1:13:21   54:27   18:54 418.0k
 74  1.17G  74 892.7M   0      0 279.7k      0 1:13:20   54:28   18:52 433.4k
 74  1.17G  74 893.1M   0      0 279.7k      0 1:13:19   54:29   18:50 449.1k
 74  1.17G  74 893.6M   0      0 279.8k      0 1:13:18   54:30   18:48 465.6k
 74  1.17G  74 894.0M   0      0 279.8k      0 1:13:17   54:31   18:46 449.4k
 74  1.17G  74 894.5M   0      0 279.9k      0 1:13:16   54:32   18:44 449.7k
 74  1.17G  74 895.1M   0      0 280.0k      0 1:13:15   54:33   18:42 458.0k
 74  1.17G  74 895.6M   0      0 280.0k      0 1:13:14   54:34   18:40 471.4k
 74  1.17G  74 896.2M   0      0 280.1k      0 1:13:12   54:35   18:37 493.0k
 74  1.17G  74 896.7M   0      0 280.2k      0 1:13:11   54:36   18:35 541.0k
 74  1.17G  74 897.3M   0      0 280.3k      0 1:13:10   54:37   18:33 558.8k
 74  1.17G  74 897.9M   0      0 280.4k      0 1:13:08   54:38   18:30 565.1k
 74  1.17G  74 898.6M   0      0 280.5k      0 1:13:06   54:39   18:27 598.8k
 74  1.17G  74 899.3M   0      0 280.7k      0 1:13:04   54:40   18:24 616.5k
 74  1.17G  74 899.8M   0      0 280.7k      0 1:13:03   54:41   18:22 610.9k
 74  1.17G  74 900.2M   0      0 280.8k      0 1:13:02   54:42   18:20 567.4k
 74  1.17G  74 900.6M   0      0 280.8k      0 1:13:02   54:43   18:19 523.0k
 74  1.17G  74 901.0M   0      0 280.8k      0 1:13:02   54:44   18:18 462.2k
 74  1.17G  74 901.3M   0      0 280.9k      0 1:13:01   54:45   18:16 399.9k
 75  1.17G  75 901.7M   0      0 280.9k      0 1:13:01   54:46   18:15 362.1k
 75  1.17G  75 902.0M   0      0 280.9k      0 1:13:01   54:48   18:13 347.0k
 75  1.17G  75 902.2M   0      0 280.8k      0 1:13:02   54:49   18:13 291.1k
 75  1.17G  75 902.2M   0      0 280.7k      0 1:13:03   54:50   18:13 222.0k
 75  1.17G  75 902.2M   0      0 280.6k      0 1:13:04   54:51   18:13 153.3k
 75  1.17G  75 902.2M   0      0 280.6k      0 1:13:06   54:52   18:14  92818
 75  1.17G  75 902.5M   0      0 280.6k      0 1:13:06   54:53   18:13  88424
 75  1.17G  75 902.8M   0      0 280.6k      0 1:13:05   54:54   18:11 138.8k
 75  1.17G  75 903.2M   0      0 280.6k      0 1:13:05   54:55   18:10 207.4k
 75  1.17G  75 903.5M   0      0 280.6k      0 1:13:05   54:56   18:09 276.6k
 75  1.17G  75 903.9M   0      0 280.7k      0 1:13:04   54:57   18:07 339.5k
 75  1.17G  75 904.2M   0      0 280.7k      0 1:13:04   54:58   18:06 343.9k
 75  1.17G  75 904.6M   0      0 280.7k      0 1:13:03   54:59   18:04 353.4k
 75  1.17G  75 905.2M   0      0 280.8k      0 1:13:02   55:00   18:02 388.2k
 75  1.17G  75 905.8M   0      0 280.9k      0 1:13:01   55:01   18:00 440.3k
 75  1.17G  75 906.4M   0      0 281.0k      0 1:12:59   55:02   17:57 496.5k
 75  1.17G  75 907.1M   0      0 281.1k      0 1:12:57   55:03   17:54 568.8k
 75  1.17G  75 907.6M   0      0 281.2k      0 1:12:56   55:04   17:52 580.2k
 75  1.17G  75 908.0M   0      0 281.2k      0 1:12:56   55:05   17:51 548.6k
 75  1.17G  75 908.3M   0      0 281.2k      0 1:12:55   55:06   17:49 499.9k
 75  1.17G  75 908.6M   0      0 281.2k      0 1:12:55   55:08   17:47 421.8k
 75  1.17G  75 909.0M   0      0 281.2k      0 1:12:55   55:09   17:46 356.6k
 75  1.17G  75 909.3M   0      0 281.3k      0 1:12:55   55:10   17:45 330.5k
 75  1.17G  75 909.7M   0      0 281.3k      0 1:12:54   55:11   17:43 325.9k
 75  1.17G  75 910.1M   0      0 281.3k      0 1:12:54   55:12   17:42 323.0k
 75  1.17G  75 910.4M   0      0 281.3k      0 1:12:54   55:13   17:41 344.9k
 75  1.17G  75 910.7M   0      0 281.3k      0 1:12:54   55:14   17:40 339.2k
 75  1.17G  75 911.0M   0      0 281.3k      0 1:12:54   55:15   17:39 334.2k
 75  1.17G  75 911.4M   0      0 281.4k      0 1:12:53   55:16   17:37 336.2k
 75  1.17G  75 911.8M   0      0 281.4k      0 1:12:53   55:17   17:36 341.4k
 75  1.17G  75 912.1M   0      0 281.4k      0 1:12:53   55:18   17:35 326.9k
 75  1.17G  75 912.4M   0      0 281.4k      0 1:12:52   55:19   17:33 335.8k
 75  1.17G  75 912.8M   0      0 281.5k      0 1:12:52   55:20   17:32 351.4k
 75  1.17G  75 913.2M   0      0 281.5k      0 1:12:51   55:21   17:30 353.5k
 76  1.17G  76 913.6M   0      0 281.5k      0 1:12:51   55:22   17:29 353.2k
 76  1.17G  76 914.0M   0      0 281.5k      0 1:12:50   55:23   17:27 374.3k
 76  1.17G  76 914.4M   0      0 281.6k      0 1:12:50   55:24   17:26 388.3k
 76  1.17G  76 915.0M   0      0 281.7k      0 1:12:48   55:25   17:23 425.2k
 76  1.17G  76 915.5M   0      0 281.7k      0 1:12:47   55:26   17:21 454.6k
 76  1.17G  76 916.0M   0      0 281.8k      0 1:12:46   55:27   17:19 485.6k
 76  1.17G  76 916.4M   0      0 281.9k      0 1:12:46   55:29   17:17 473.0k
 76  1.17G  76 917.1M   0      0 282.0k      0 1:12:44   55:30   17:14 527.6k
 76  1.17G  76 917.6M   0      0 282.0k      0 1:12:43   55:31   17:12 502.7k
 76  1.17G  76 917.9M   0      0 282.1k      0 1:12:42   55:32   17:10 473.9k
 76  1.17G  76 918.3M   0      0 282.1k      0 1:12:42   55:33   17:09 443.5k
 76  1.17G  76 918.7M   0      0 282.1k      0 1:12:42   55:34   17:08 447.7k
 76  1.17G  76 919.0M   0      0 282.1k      0 1:12:41   55:35   17:06 374.4k
 76  1.17G  76 919.4M   0      0 282.1k      0 1:12:41   55:36   17:05 351.9k
 76  1.17G  76 919.7M   0      0 282.2k      0 1:12:41   55:37   17:04 352.1k
 76  1.17G  76 920.1M   0      0 282.2k      0 1:12:40   55:38   17:02 348.5k
 76  1.17G  76 920.5M   0      0 282.2k      0 1:12:40   55:39   17:01 361.6k
 76  1.17G  76 920.9M   0      0 282.3k      0 1:12:39   55:40   16:59 372.0k
 76  1.17G  76 921.3M   0      0 282.3k      0 1:12:39   55:41   16:58 390.9k
 76  1.17G  76 921.7M   0      0 282.3k      0 1:12:38   55:42   16:56 403.9k
 76  1.17G  76 922.2M   0      0 282.4k      0 1:12:37   55:43   16:54 429.9k
 76  1.17G  76 922.7M   0      0 282.5k      0 1:12:36   55:44   16:52 438.6k
 76  1.17G  76 923.2M   0      0 282.5k      0 1:12:35   55:45   16:50 455.1k
 76  1.17G  76 923.7M   0      0 282.6k      0 1:12:34   55:46   16:48 476.9k
 76  1.17G  76 924.4M   0      0 282.7k      0 1:12:33   55:47   16:46 501.1k
 76  1.17G  76 924.8M   0      0 282.7k      0 1:12:32   55:49   16:43 472.7k
 76  1.17G  76 925.3M   0      0 282.8k      0 1:12:31   55:50   16:41 483.0k
 77  1.17G  77 925.7M   0      0 282.8k      0 1:12:31   55:51   16:40 459.9k
 77  1.17G  77 926.1M   0      0 282.9k      0 1:12:30   55:52   16:38 437.7k
 77  1.17G  77 926.5M   0      0 282.9k      0 1:12:30   55:53   16:37 396.6k
 77  1.17G  77 926.8M   0      0 282.9k      0 1:12:30   55:54   16:36 381.3k
 77  1.17G  77 927.0M   0      0 282.9k      0 1:12:30   55:55   16:35 320.7k
 77  1.17G  77 927.3M   0      0 282.9k      0 1:12:30   55:56   16:34 305.0k
 77  1.17G  77 927.6M   0      0 282.9k      0 1:12:30   55:57   16:33 279.2k
 77  1.17G  77 927.8M   0      0 282.8k      0 1:12:30   55:58   16:32 259.0k
 77  1.17G  77 928.1M   0      0 282.9k      0 1:12:30   55:59   16:31 265.4k
 77  1.17G  77 928.5M   0      0 282.9k      0 1:12:30   56:00   16:30 293.3k
 77  1.17G  77 929.0M   0      0 283.0k      0 1:12:29   56:01   16:28 341.3k
 77  1.17G  77 929.5M   0      0 283.0k      0 1:12:28   56:02   16:26 375.6k
 77  1.17G  77 929.9M   0      0 283.0k      0 1:12:28   56:04   16:24 358.1k
 77  1.17G  77 929.9M   0      0 282.9k      0 1:12:29   56:05   16:24 305.7k
 77  1.17G  77 929.9M   0      0 282.8k      0 1:12:31   56:06   16:25 245.0k
 77  1.17G  77 930.0M   0      0 282.7k      0 1:12:32   56:07   16:25 163.8k
 77  1.17G  77 930.3M   0      0 282.8k      0 1:12:32   56:08   16:24 146.5k
 77  1.17G  77 930.8M   0      0 282.8k      0 1:12:31   56:09   16:22 166.0k
 77  1.17G  77 931.2M   0      0 282.8k      0 1:12:31   56:10   16:21 236.0k
 77  1.17G  77 931.6M   0      0 282.9k      0 1:12:30   56:12   16:18 309.7k
 77  1.17G  77 932.0M   0      0 282.9k      0 1:12:30   56:13   16:17 376.5k
 77  1.17G  77 932.4M   0      0 282.9k      0 1:12:29   56:14   16:15 392.2k
 77  1.17G  77 932.7M   0      0 282.9k      0 1:12:29   56:15   16:14 376.1k
 77  1.17G  77 933.1M   0      0 283.0k      0 1:12:28   56:16   16:12 387.0k
 77  1.17G  77 933.6M   0      0 283.0k      0 1:12:28   56:17   16:11 391.1k
 77  1.17G  77 934.0M   0      0 283.1k      0 1:12:27   56:18   16:09 405.6k
 77  1.17G  77 934.5M   0      0 283.1k      0 1:12:26   56:19   16:07 407.4k
 77  1.17G  77 934.9M   0      0 283.2k      0 1:12:25   56:20   16:05 420.5k
 77  1.17G  77 935.2M   0      0 283.2k      0 1:12:25   56:21   16:04 405.3k
 77  1.17G  77 935.6M   0      0 283.2k      0 1:12:25   56:22   16:03 396.0k
 77  1.17G  77 936.0M   0      0 283.2k      0 1:12:24   56:23   16:01 377.0k
 77  1.17G  77 936.3M   0      0 283.3k      0 1:12:24   56:24   16:00 368.8k
 77  1.17G  77 936.7M   0      0 283.3k      0 1:12:24   56:25   15:59 362.5k
 77  1.17G  77 937.2M   0      0 283.3k      0 1:12:23   56:26   15:57 374.2k
 78  1.17G  78 937.6M   0      0 283.4k      0 1:12:22   56:27   15:55 395.4k
 78  1.17G  78 938.2M   0      0 283.5k      0 1:12:21   56:28   15:53 441.5k
 78  1.17G  78 938.9M   0      0 283.6k      0 1:12:19   56:29   15:50 489.2k
 78  1.17G  78 939.4M   0      0 283.7k      0 1:12:18   56:30   15:48 528.7k
 78  1.17G  78 939.9M   0      0 283.7k      0 1:12:17   56:32   15:45 523.6k
 78  1.17G  78 940.3M   0      0 283.7k      0 1:12:17   56:33   15:44 514.1k
 78  1.17G  78 940.7M   0      0 283.8k      0 1:12:16   56:34   15:42 478.2k
 78  1.17G  78 941.1M   0      0 283.8k      0 1:12:16   56:35   15:41 409.7k
 78  1.17G  78 941.4M   0      0 283.8k      0 1:12:16   56:36   15:40 371.7k
 78  1.17G  78 941.8M   0      0 283.8k      0 1:12:15   56:37   15:38 376.2k
 78  1.17G  78 942.2M   0      0 283.9k      0 1:12:15   56:38   15:37 360.1k
 78  1.17G  78 942.5M   0      0 283.9k      0 1:12:15   56:39   15:36 343.5k
 78  1.17G  78 942.9M   0      0 283.9k      0 1:12:14   56:40   15:34 364.6k
 78  1.17G  78 943.3M   0      0 283.9k      0 1:12:13   56:41   15:32 374.4k
 78  1.17G  78 943.7M   0      0 284.0k      0 1:12:13   56:42   15:31 365.2k
 78  1.17G  78 944.1M   0      0 284.0k      0 1:12:13   56:43   15:30 381.7k
 78  1.17G  78 944.5M   0      0 284.0k      0 1:12:12   56:44   15:28 389.4k
 78  1.17G  78 944.9M   0      0 284.1k      0 1:12:11   56:45   15:26 402.9k
 78  1.17G  78 945.3M   0      0 284.1k      0 1:12:11   56:46   15:25 400.5k
 78  1.17G  78 945.7M   0      0 284.1k      0 1:12:11   56:47   15:24 400.1k
 78  1.17G  78 946.1M   0      0 284.2k      0 1:12:10   56:48   15:22 394.0k
 78  1.17G  78 946.5M   0      0 284.2k      0 1:12:09   56:49   15:20 404.8k
 78  1.17G  78 947.0M   0      0 284.3k      0 1:12:09   56:50   15:19 403.1k
 78  1.17G  78 947.4M   0      0 284.3k      0 1:12:08   56:51   15:17 412.2k
 78  1.17G  78 947.7M   0      0 284.3k      0 1:12:08   56:52   15:16 397.4k
 78  1.17G  78 948.1M   0      0 284.3k      0 1:12:07   56:54   15:13 391.5k
 78  1.17G  78 948.5M   0      0 284.4k      0 1:12:07   56:55   15:12 380.0k
 78  1.17G  78 948.8M   0      0 284.4k      0 1:12:07   56:56   15:11 361.9k
 78  1.17G  78 949.1M   0      0 284.4k      0 1:12:07   56:57   15:10 329.4k
 78  1.17G  78 949.5M   0      0 284.4k      0 1:12:07   56:58   15:09 341.0k
 79  1.17G  79 949.8M   0      0 284.4k      0 1:12:06   56:59   15:07 341.7k
 79  1.17G  79 950.2M   0      0 284.5k      0 1:12:06   57:00   15:06 345.5k
 79  1.17G  79 950.7M   0      0 284.5k      0 1:12:05   57:01   15:04 362.5k
 79  1.17G  79 951.0M   0      0 284.5k      0 1:12:05   57:02   15:03 370.5k
 79  1.17G  79 951.3M   0      0 284.5k      0 1:12:05   57:03   15:02 361.0k
 79  1.17G  79 951.7M   0      0 284.5k      0 1:12:04   57:04   15:00 357.1k
 79  1.17G  79 952.0M   0      0 284.6k      0 1:12:04   57:05   14:59 347.3k
 79  1.17G  79 952.4M   0      0 284.6k      0 1:12:04   57:06   14:58 338.7k
 79  1.17G  79 952.8M   0      0 284.6k      0 1:12:03   57:07   14:56 347.0k
 79  1.17G  79 953.2M   0      0 284.7k      0 1:12:03   57:08   14:55 381.4k
 79  1.17G  79 953.8M   0      0 284.7k      0 1:12:01   57:09   14:52 421.5k
 79  1.17G  79 954.5M   0      0 284.8k      0 1:12:00   57:10   14:50 474.0k
 79  1.17G  79 955.1M   0      0 284.9k      0 1:11:58   57:11   14:47 515.0k
 79  1.17G  79 955.4M   0      0 285.0k      0 1:11:58   57:12   14:46 510.6k
 79  1.17G  79 955.9M   0      0 285.0k      0 1:11:57   57:13   14:44 513.9k
 79  1.17G  79 956.3M   0      0 285.0k      0 1:11:57   57:14   14:43 480.9k
 79  1.17G  79 956.7M   0      0 285.1k      0 1:11:56   57:15   14:41 442.7k
 79  1.17G  79 957.1M   0      0 285.1k      0 1:11:56   57:17   14:39 397.5k
 79  1.17G  79 957.4M   0      0 285.1k      0 1:11:55   57:18   14:37 395.6k
 79  1.17G  79 957.8M   0      0 285.2k      0 1:11:55   57:19   14:36 375.9k
 79  1.17G  79 958.3M   0      0 285.2k      0 1:11:54   57:20   14:34 385.9k
 79  1.17G  79 958.6M   0      0 285.2k      0 1:11:54   57:21   14:33 382.9k
 79  1.17G  79 959.1M   0      0 285.3k      0 1:11:53   57:22   14:31 391.4k
 79  1.17G  79 959.4M   0      0 285.3k      0 1:11:53   57:23   14:30 395.2k
 79  1.17G  79 959.8M   0      0 285.3k      0 1:11:52   57:24   14:28 402.9k
 79  1.17G  79 960.2M   0      0 285.4k      0 1:11:52   57:25   14:27 392.1k
 79  1.17G  79 960.6M   0      0 285.4k      0 1:11:52   57:26   14:26 385.9k
 79  1.17G  79 961.0M   0      0 285.4k      0 1:11:51   57:27   14:24 384.8k
 79  1.17G  79 961.4M   0      0 285.5k      0 1:11:50   57:28   14:22 399.9k
 80  1.17G  80 961.9M   0      0 285.5k      0 1:11:50   57:29   14:21 398.5k
 80  1.17G  80 962.2M   0      0 285.5k      0 1:11:50   57:30   14:20 395.8k
 80  1.17G  80 962.6M   0      0 285.6k      0 1:11:49   57:31   14:18 401.1k
 80  1.17G  80 963.0M   0      0 285.6k      0 1:11:48   57:32   14:16 403.0k
 80  1.17G  80 963.5M   0      0 285.6k      0 1:11:48   57:33   14:15 400.5k
 80  1.17G  80 963.9M   0      0 285.7k      0 1:11:47   57:34   14:13 391.2k
 80  1.17G  80 964.2M   0      0 285.7k      0 1:11:47   57:35   14:12 389.4k
 80  1.17G  80 964.6M   0      0 285.7k      0 1:11:47   57:36   14:11 375.0k
 80  1.17G  80 965.0M   0      0 285.7k      0 1:11:46   57:37   14:09 376.9k
 80  1.17G  80 965.4M   0      0 285.8k      0 1:11:46   57:38   14:08 373.2k
 80  1.17G  80 965.9M   0      0 285.8k      0 1:11:45   57:39   14:06 389.5k
 80  1.17G  80 966.1M   0      0 285.8k      0 1:11:45   57:40   14:05 372.9k
 80  1.17G  80 966.5M   0      0 285.8k      0 1:11:45   57:42   14:03 379.7k
 80  1.17G  80 966.9M   0      0 285.9k      0 1:11:44   57:43   14:01 380.7k
 80  1.17G  80 967.2M   0      0 285.9k      0 1:11:44   57:44   14:00 360.0k
 80  1.17G  80 967.6M   0      0 285.9k      0 1:11:44   57:45   13:59 354.4k
 80  1.17G  80 968.1M   0      0 285.9k      0 1:11:43   57:46   13:57 376.7k
 80  1.17G  80 968.5M   0      0 286.0k      0 1:11:43   57:47   13:56 383.7k
 80  1.17G  80 968.8M   0      0 286.0k      0 1:11:42   57:48   13:54 364.3k
 80  1.17G  80 969.2M   0      0 286.0k      0 1:11:42   57:49   13:53 374.7k
 80  1.17G  80 969.5M   0      0 286.0k      0 1:11:42   57:50   13:52 363.3k
 80  1.17G  80 969.9M   0      0 286.1k      0 1:11:41   57:51   13:50 361.6k
 80  1.17G  80 970.3M   0      0 286.1k      0 1:11:41   57:52   13:49 364.0k
 80  1.17G  80 970.6M   0      0 286.1k      0 1:11:41   57:53   13:48 349.4k
 80  1.17G  80 971.0M   0      0 286.1k      0 1:11:41   57:54   13:47 349.9k
 80  1.17G  80 971.3M   0      0 286.1k      0 1:11:40   57:55   13:45 346.3k
 80  1.17G  80 971.7M   0      0 286.1k      0 1:11:40   57:56   13:44 336.1k
 80  1.17G  80 972.0M   0      0 286.1k      0 1:11:40   57:58   13:42 317.2k
 80  1.17G  80 972.3M   0      0 286.1k      0 1:11:40   57:59   13:41 318.2k
 80  1.17G  80 972.6M   0      0 286.2k      0 1:11:40   58:00   13:40 313.7k
 80  1.17G  80 972.9M   0      0 286.2k      0 1:11:40   58:01   13:39 303.4k
 80  1.17G  80 973.3M   0      0 286.2k      0 1:11:40   58:02   13:38 314.7k
 81  1.17G  81 973.7M   0      0 286.2k      0 1:11:39   58:03   13:36 326.6k
 81  1.17G  81 974.0M   0      0 286.2k      0 1:11:39   58:04   13:35 347.5k
 81  1.17G  81 974.4M   0      0 286.3k      0 1:11:38   58:05   13:33 358.8k
 81  1.17G  81 974.8M   0      0 286.3k      0 1:11:38   58:06   13:32 377.7k
 81  1.17G  81 975.3M   0      0 286.4k      0 1:11:37   58:07   13:30 410.4k
 81  1.17G  81 976.0M   0      0 286.5k      0 1:11:35   58:08   13:27 475.1k
 81  1.17G  81 976.7M   0      0 286.6k      0 1:11:33   58:09   13:24 547.6k
 81  1.17G  81 977.3M   0      0 286.7k      0 1:11:32   58:10   13:22 590.7k
 81  1.17G  81 977.9M   0      0 286.8k      0 1:11:30   58:11   13:19 630.8k
 81  1.17G  81 978.5M   0      0 286.9k      0 1:11:29   58:12   13:17 647.3k
 81  1.17G  81 979.2M   0      0 287.0k      0 1:11:27   58:13   13:14 636.9k
 81  1.17G  81 979.7M   0      0 287.0k      0 1:11:27   58:14   13:13 547.5k
 81  1.17G  81 980.3M   0      0 287.1k      0 1:11:26   58:15   13:11 550.7k
 81  1.17G  81 980.7M   0      0 287.2k      0 1:11:25   58:16   13:09 514.6k
 81  1.17G  81 981.1M   0      0 287.2k      0 1:11:25   58:17   13:08 469.9k
 81  1.17G  81 981.5M   0      0 287.2k      0 1:11:24   58:18   13:06 415.8k
 81  1.17G  81 981.9M   0      0 287.2k      0 1:11:24   58:19   13:05 426.0k
 81  1.17G  81 982.2M   0      0 287.3k      0 1:11:23   58:20   13:03 377.4k
 81  1.17G  81 982.6M   0      0 287.3k      0 1:11:23   58:22   13:01 362.6k
 81  1.17G  81 982.9M   0      0 287.3k      0 1:11:23   58:23   13:00 356.2k
 81  1.17G  81 983.3M   0      0 287.3k      0 1:11:23   58:24   12:59 356.8k
 81  1.17G  81 983.7M   0      0 287.3k      0 1:11:22   58:25   12:57 358.1k
 81  1.17G  81 984.1M   0      0 287.4k      0 1:11:22   58:26   12:56 359.6k
 81  1.17G  81 984.5M   0      0 287.4k      0 1:11:21   58:27   12:54 376.0k
 81  1.17G  81 984.9M   0      0 287.4k      0 1:11:21   58:28   12:53 395.3k
 81  1.17G  81 985.3M   0      0 287.5k      0 1:11:20   58:29   12:51 400.0k
 82  1.17G  82 985.7M   0      0 287.5k      0 1:11:20   58:30   12:50 401.9k
 82  1.17G  82 985.9M   0      0 287.5k      0 1:11:20   58:31   12:49 369.6k
 82  1.17G  82 986.1M   0      0 287.5k      0 1:11:20   58:32   12:48 329.7k
 82  1.17G  82 986.4M   0      0 287.5k      0 1:11:21   58:33   12:48 294.6k
 82  1.17G  82 986.7M   0      0 287.5k      0 1:11:21   58:34   12:47 278.7k
 82  1.17G  82 986.9M   0      0 287.4k      0 1:11:21   58:35   12:46 247.1k
 82  1.17G  82 987.2M   0      0 287.4k      0 1:11:21   58:36   12:45 243.0k
 82  1.17G  82 987.4M   0      0 287.4k      0 1:11:22   58:37   12:45 236.6k
 82  1.17G  82 987.6M   0      0 287.4k      0 1:11:22   58:38   12:44 228.9k
 82  1.17G  82 987.9M   0      0 287.4k      0 1:11:22   58:40   12:42 230.5k
 82  1.17G  82 988.3M   0      0 287.4k      0 1:11:22   58:41   12:41 247.9k
 82  1.17G  82 988.7M   0      0 287.4k      0 1:11:21   58:42   12:39 278.7k
 82  1.17G  82 989.0M   0      0 287.4k      0 1:11:21   58:43   12:38 317.1k
 82  1.17G  82 989.5M   0      0 287.5k      0 1:11:21   58:44   12:37 351.2k
 82  1.17G  82 989.9M   0      0 287.5k      0 1:11:20   58:45   12:35 372.9k
 82  1.17G  82 990.3M   0      0 287.5k      0 1:11:20   58:46   12:34 377.1k
 82  1.17G  82 990.6M   0      0 287.5k      0 1:11:19   58:47   12:32 382.0k
 82  1.17G  82 991.0M   0      0 287.6k      0 1:11:19   58:48   12:31 381.9k
 82  1.17G  82 991.4M   0      0 287.6k      0 1:11:19   58:49   12:30 377.6k
 82  1.17G  82 991.8M   0      0 287.6k      0 1:11:18   58:50   12:28 363.2k
 82  1.17G  82 992.2M   0      0 287.6k      0 1:11:18   58:51   12:27 367.4k
 82  1.17G  82 992.6M   0      0 287.7k      0 1:11:17   58:52   12:25 359.8k
 82  1.17G  82 993.0M   0      0 287.7k      0 1:11:17   58:54   12:23 368.6k
 82  1.17G  82 993.4M   0      0 287.7k      0 1:11:16   58:55   12:21 379.5k
 82  1.17G  82 993.8M   0      0 287.8k      0 1:11:16   58:56   12:20 391.3k
 82  1.17G  82 994.2M   0      0 287.8k      0 1:11:16   58:57   12:19 382.9k
 82  1.17G  82 994.6M   0      0 287.8k      0 1:11:15   58:58   12:17 393.5k
 82  1.17G  82 995.0M   0      0 287.8k      0 1:11:15   58:59   12:16 384.3k
 82  1.17G  82 995.3M   0      0 287.9k      0 1:11:15   59:00   12:15 370.7k
 82  1.17G  82 995.7M   0      0 287.9k      0 1:11:14   59:01   12:13 376.5k
 82  1.17G  82 996.2M   0      0 287.9k      0 1:11:13   59:02   12:11 391.9k
 82  1.17G  82 996.6M   0      0 288.0k      0 1:11:13   59:03   12:10 395.8k
 82  1.17G  82 996.9M   0      0 288.0k      0 1:11:13   59:04   12:09 387.2k
 82  1.17G  82 997.3M   0      0 288.0k      0 1:11:12   59:05   12:07 387.5k
 83  1.17G  83 997.7M   0      0 288.0k      0 1:11:12   59:06   12:06 382.0k
 83  1.17G  83 998.1M   0      0 288.1k      0 1:11:11   59:07   12:04 388.2k
 83  1.17G  83 998.4M   0      0 288.1k      0 1:11:11   59:08   12:03 363.9k
 83  1.17G  83 998.8M   0      0 288.1k      0 1:11:11   59:09   12:02 379.6k
 83  1.17G  83 999.2M   0      0 288.1k      0 1:11:10   59:10   12:00 382.9k
 83  1.17G  83 999.5M   0      0 288.1k      0 1:11:10   59:11   11:59 369.0k
 83  1.17G  83 999.9M   0      0 288.2k      0 1:11:10   59:12   11:58 347.5k
 83  1.17G  83  0.97G   0      0 288.2k      0 1:11:10   59:13   11:57 359.1k
 83  1.17G  83  0.97G   0      0 288.2k      0 1:11:09   59:14   11:55 351.5k
 83  1.17G  83  0.97G   0      0 288.2k      0 1:11:09   59:15   11:54 357.9k
 83  1.17G  83  0.97G   0      0 288.3k      0 1:11:08   59:16   11:52 380.6k
 83  1.17G  83  0.97G   0      0 288.3k      0 1:11:07   59:17   11:50 410.9k
 83  1.17G  83  0.97G   0      0 288.5k      0 1:11:05   59:18   11:47 482.9k
 83  1.17G  83  0.97G   0      0 288.6k      0 1:11:03   59:20   11:43 576.2k
 83  1.17G  83  0.98G   0      0 288.7k      0 1:11:01   59:21   11:40 626.5k
 83  1.17G  83  0.98G   0      0 288.8k      0 1:11:00   59:22   11:38 648.5k
 83  1.17G  83  0.98G   0      0 288.9k      0 1:10:59   59:23   11:36 660.5k
 83  1.17G  83  0.98G   0      0 289.0k      0 1:10:58   59:24   11:34 616.0k
 83  1.17G  83  0.98G   0      0 289.0k      0 1:10:57   59:25   11:32 560.4k
 83  1.17G  83  0.98G   0      0 289.1k      0 1:10:56   59:26   11:30 546.0k
 83  1.17G  83  0.98G   0      0 289.2k      0 1:10:55   59:27   11:28 544.5k
 83  1.17G  83  0.98G   0      0 289.2k      0 1:10:54   59:28   11:26 492.9k
 83  1.17G  83  0.98G   0      0 289.2k      0 1:10:54   59:29   11:25 457.1k
 83  1.17G  83  0.98G   0      0 289.3k      0 1:10:54   59:30   11:24 425.9k
 83  1.17G  83  0.98G   0      0 289.3k      0 1:10:54   59:31   11:23 383.5k
 83  1.17G  83  0.98G   0      0 289.3k      0 1:10:53   59:32   11:21 346.3k
 84  1.17G  84  0.98G   0      0 289.3k      0 1:10:53   59:33   11:20 357.2k
 84  1.17G  84  0.98G   0      0 289.4k      0 1:10:52   59:35   11:17 372.9k
 84  1.17G  84  0.98G   0      0 289.4k      0 1:10:52   59:36   11:16 393.2k
 84  1.17G  84  0.98G   0      0 289.4k      0 1:10:51   59:37   11:14 406.7k
 84  1.17G  84  0.98G   0      0 289.4k      0 1:10:52   59:38   11:14 358.4k
 84  1.17G  84  0.98G   0      0 289.3k      0 1:10:53   59:39   11:14 288.2k
 84  1.17G  84  0.98G   0      0 289.2k      0 1:10:54   59:40   11:14 216.9k
 84  1.17G  84  0.98G   0      0 289.2k      0 1:10:55   59:41   11:14 131.8k
 84  1.17G  84  0.98G   0      0 289.1k      0 1:10:57   59:42   11:15  48889
 84  1.17G  84  0.98G   0      0 289.0k      0 1:10:57   59:43   11:14  34704
 84  1.17G  84  0.98G   0      0 289.1k      0 1:10:57   59:45   11:12 115.9k
 84  1.17G  84  0.98G   0      0 289.1k      0 1:10:56   59:46   11:10 187.5k
 84  1.17G  84  0.98G   0      0 289.1k      0 1:10:56   59:47   11:09 250.7k
 84  1.17G  84  0.98G   0      0 289.1k      0 1:10:56   59:48   11:08 310.8k
 84  1.17G  84  0.98G   0      0 289.1k      0 1:10:55   59:49   11:06 373.8k
 84  1.17G  84  0.99G   0      0 289.2k      0 1:10:55   59:50   11:05 350.0k
 84  1.17G  84  0.99G   0      0 289.2k      0 1:10:55   59:51   11:04 350.3k
 84  1.17G  84  0.99G   0      0 289.2k      0 1:10:55   59:52   11:03 351.9k
 84  1.17G  84  0.99G   0      0 289.2k      0 1:10:54   59:53   11:01 369.0k
 84  1.17G  84  0.99G   0      0 289.2k      0 1:10:54   59:54   11:00 337.2k
 84  1.17G  84  0.99G   0      0 289.2k      0 1:10:54   59:55   10:59 344.6k
 84  1.17G  84  0.99G   0      0 289.3k      0 1:10:54   59:56   10:58 348.1k
 84  1.17G  84  0.99G   0      0 289.3k      0 1:10:53   59:57   10:56 358.5k
 84  1.17G  84  0.99G   0      0 289.3k      0 1:10:53   59:58   10:55 354.7k
 84  1.17G  84  0.99G   0      0 289.4k      0 1:10:52   59:59   10:53 385.6k
 84  1.17G  84  0.99G   0      0 289.4k      0 1:10:52 1:00:00   10:52 396.0k
 84  1.17G  84  0.99G   0      0 289.4k      0 1:10:52 1:00:01   10:51 394.8k
 84  1.17G  84  0.99G   0      0 289.4k      0 1:10:51 1:00:02   10:49 395.5k
 84  1.17G  84  0.99G   0      0 289.5k      0 1:10:51 1:00:03   10:48 384.7k
 84  1.17G  84  0.99G   0      0 289.5k      0 1:10:51 1:00:04   10:47 376.0k
 84  1.17G  84  0.99G   0      0 289.5k      0 1:10:50 1:00:06   10:44 362.6k
 84  1.17G  84  0.99G   0      0 289.5k      0 1:10:50 1:00:07   10:43 345.2k
 84  1.17G  84  0.99G   0      0 289.5k      0 1:10:50 1:00:08   10:42 336.9k
 84  1.17G  84  0.99G   0      0 289.5k      0 1:10:50 1:00:09   10:41 332.3k
 84  1.17G  84  0.99G   0      0 289.5k      0 1:10:50 1:00:10   10:40 318.7k
 84  1.17G  84  0.99G   0      0 289.5k      0 1:10:50 1:00:11   10:39 314.2k
 84  1.17G  84  0.99G   0      0 289.5k      0 1:10:50 1:00:12   10:38 324.0k
 85  1.17G  85  0.99G   0      0 289.6k      0 1:10:49 1:00:13   10:36 324.0k
 85  1.17G  85  0.99G   0      0 289.6k      0 1:10:49 1:00:14   10:35 328.3k
 85  1.17G  85  0.99G   0      0 289.6k      0 1:10:49 1:00:15   10:34 343.8k
 85  1.17G  85  0.99G   0      0 289.6k      0 1:10:49 1:00:16   10:33 352.1k
 85  1.17G  85  0.99G   0      0 289.6k      0 1:10:48 1:00:17   10:31 357.4k
 85  1.17G  85  0.99G   0      0 289.7k      0 1:10:48 1:00:18   10:30 359.8k
 85  1.17G  85  1.00G   0      0 289.7k      0 1:10:48 1:00:19   10:29 348.7k
 85  1.17G  85  1.00G   0      0 289.7k      0 1:10:48 1:00:20   10:28 325.5k
 85  1.17G  85  1.00G   0      0 289.7k      0 1:10:48 1:00:21   10:27 334.7k
 85  1.17G  85  1.00G   0      0 289.7k      0 1:10:48 1:00:22   10:26 316.7k
 85  1.17G  85  1.00G   0      0 289.7k      0 1:10:47 1:00:23   10:24 318.3k
 85  1.17G  85  1.00G   0      0 289.7k      0 1:10:47 1:00:24   10:23 335.5k
 85  1.17G  85  1.00G   0      0 289.7k      0 1:10:47 1:00:25   10:22 349.7k
 85  1.17G  85  1.00G   0      0 289.8k      0 1:10:47 1:00:26   10:21 337.2k
 85  1.17G  85  1.00G   0      0 289.8k      0 1:10:46 1:00:27   10:19 353.7k
 85  1.17G  85  1.00G   0      0 289.8k      0 1:10:46 1:00:29   10:17 357.2k
 85  1.17G  85  1.00G   0      0 289.8k      0 1:10:45 1:00:30   10:15 366.5k
 85  1.17G  85  1.00G   0      0 289.9k      0 1:10:45 1:00:31   10:14 386.1k
 85  1.17G  85  1.00G   0      0 289.9k      0 1:10:44 1:00:32   10:12 416.3k
 85  1.17G  85  1.00G   0      0 290.0k      0 1:10:43 1:00:33   10:10 426.0k
 85  1.17G  85  1.00G   0      0 290.0k      0 1:10:43 1:00:34   10:09 432.7k
 85  1.17G  85  1.00G   0      0 290.1k      0 1:10:42 1:00:35   10:07 451.5k
 85  1.17G  85  1.00G   0      0 290.1k      0 1:10:41 1:00:36   10:05 446.4k
 85  1.17G  85  1.00G   0      0 290.1k      0 1:10:41 1:00:37   10:04 434.8k
 85  1.17G  85  1.00G   0      0 290.1k      0 1:10:42 1:00:38   10:04 372.1k
 85  1.17G  85  1.00G   0      0 290.1k      0 1:10:41 1:00:39   10:02 357.9k
 85  1.17G  85  1.00G   0      0 290.2k      0 1:10:41 1:00:40   10:01 349.0k
 85  1.17G  85  1.00G   0      0 290.2k      0 1:10:40 1:00:41   09:59 350.5k
 85  1.17G  85  1.00G   0      0 290.2k      0 1:10:39 1:00:42   09:57 357.2k
 85  1.17G  85  1.00G   0      0 290.3k      0 1:10:39 1:00:43   09:56 430.5k
 86  1.17G  86  1.00G   0      0 290.4k      0 1:10:38 1:00:44   09:54 465.8k
 86  1.17G  86  1.00G   0      0 290.4k      0 1:10:37 1:00:45   09:52 479.1k
 86  1.17G  86  1.00G   0      0 290.5k      0 1:10:36 1:00:47   09:49 481.3k
 86  1.17G  86  1.01G   0      0 290.5k      0 1:10:35 1:00:48   09:47 480.6k
 86  1.17G  86  1.01G   0      0 290.5k      0 1:10:36 1:00:49   09:47 439.8k
 86  1.17G  86  1.01G   0      0 290.5k      0 1:10:35 1:00:50   09:45 407.4k
 86  1.17G  86  1.01G   0      0 290.6k      0 1:10:35 1:00:51   09:44 377.3k
 86  1.17G  86  1.01G   0      0 290.6k      0 1:10:35 1:00:52   09:43 358.1k
 86  1.17G  86  1.01G   0      0 290.6k      0 1:10:35 1:00:53   09:42 331.3k
 86  1.17G  86  1.01G   0      0 290.6k      0 1:10:35 1:00:54   09:41 331.4k
 86  1.17G  86  1.01G   0      0 290.6k      0 1:10:34 1:00:55   09:39 345.1k
 86  1.17G  86  1.01G   0      0 290.6k      0 1:10:34 1:00:56   09:38 351.6k
 86  1.17G  86  1.01G   0      0 290.7k      0 1:10:33 1:00:57   09:36 353.7k
 86  1.17G  86  1.01G   0      0 290.7k      0 1:10:33 1:00:58   09:35 368.6k
 86  1.17G  86  1.01G   0      0 290.7k      0 1:10:33 1:00:59   09:34 378.9k
 86  1.17G  86  1.01G   0      0 290.7k      0 1:10:33 1:01:00   09:33 361.6k
 86  1.17G  86  1.01G   0      0 290.7k      0 1:10:32 1:01:01   09:31 345.5k
 86  1.17G  86  1.01G   0      0 290.7k      0 1:10:32 1:01:02   09:30 341.5k
 86  1.17G  86  1.01G   0      0 290.7k      0 1:10:32 1:01:03   09:29 321.2k
 86  1.17G  86  1.01G   0      0 290.7k      0 1:10:32 1:01:04   09:28 323.9k
 86  1.17G  86  1.01G   0      0 290.8k      0 1:10:32 1:01:05   09:27 320.7k
 86  1.17G  86  1.01G   0      0 290.8k      0 1:10:32 1:01:07   09:25 323.6k
 86  1.17G  86  1.01G   0      0 290.8k      0 1:10:31 1:01:08   09:23 336.3k
 86  1.17G  86  1.01G   0      0 290.8k      0 1:10:31 1:01:09   09:22 341.9k
 86  1.17G  86  1.01G   0      0 290.8k      0 1:10:31 1:01:10   09:21 348.1k
 86  1.17G  86  1.01G   0      0 290.8k      0 1:10:31 1:01:11   09:20 346.6k
 86  1.17G  86  1.01G   0      0 290.9k      0 1:10:30 1:01:12   09:18 352.4k
 86  1.17G  86  1.01G   0      0 290.9k      0 1:10:30 1:01:13   09:17 349.3k
 86  1.17G  86  1.01G   0      0 290.9k      0 1:10:30 1:01:14   09:16 358.0k
 86  1.17G  86  1.01G   0      0 290.9k      0 1:10:29 1:01:15   09:14 360.6k
 86  1.17G  86  1.01G   0      0 291.0k      0 1:10:29 1:01:16   09:13 385.4k
 86  1.17G  86  1.02G   0      0 291.0k      0 1:10:28 1:01:17   09:11 419.0k
 87  1.17G  87  1.02G   0      0 291.1k      0 1:10:26 1:01:18   09:08 480.8k
 87  1.17G  87  1.02G   0      0 291.2k      0 1:10:25 1:01:19   09:06 516.1k
 87  1.17G  87  1.02G   0      0 291.3k      0 1:10:24 1:01:20   09:04 531.9k
 87  1.17G  87  1.02G   0      0 291.3k      0 1:10:24 1:01:21   09:03 522.8k
 87  1.17G  87  1.02G   0      0 291.3k      0 1:10:24 1:01:22   09:02 497.9k
 87  1.17G  87  1.02G   0      0 291.4k      0 1:10:23 1:01:23   09:00 432.0k
 87  1.17G  87  1.02G   0      0 291.4k      0 1:10:23 1:01:24   08:59 410.3k
 87  1.17G  87  1.02G   0      0 291.4k      0 1:10:22 1:01:26   08:56 396.6k
 87  1.17G  87  1.02G   0      0 291.5k      0 1:10:22 1:01:27   08:55 402.4k
 87  1.17G  87  1.02G   0      0 291.5k      0 1:10:21 1:01:28   08:53 414.6k
 87  1.17G  87  1.02G   0      0 291.6k      0 1:10:20 1:01:29   08:51 434.6k
 87  1.17G  87  1.02G   0      0 291.6k      0 1:10:20 1:01:30   08:50 450.0k
 87  1.17G  87  1.02G   0      0 291.7k      0 1:10:19 1:01:31   08:48 465.4k
 87  1.17G  87  1.02G   0      0 291.8k      0 1:10:17 1:01:32   08:45 506.2k
 87  1.17G  87  1.02G   0      0 291.9k      0 1:10:16 1:01:33   08:43 550.3k
 87  1.17G  87  1.02G   0      0 291.9k      0 1:10:15 1:01:34   08:41 547.9k
 87  1.17G  87  1.02G   0      0 292.0k      0 1:10:13 1:01:35   08:38 602.0k
 87  1.17G  87  1.02G   0      0 292.1k      0 1:10:12 1:01:36   08:36 617.9k
 87  1.17G  87  1.03G   0      0 292.2k      0 1:10:12 1:01:37   08:35 568.5k
 87  1.17G  87  1.03G   0      0 292.2k      0 1:10:11 1:01:38   08:33 528.7k
 87  1.17G  87  1.03G   0      0 292.2k      0 1:10:10 1:01:39   08:31 525.2k
 87  1.17G  87  1.03G   0      0 292.3k      0 1:10:10 1:01:40   08:30 445.6k
 87  1.17G  87  1.03G   0      0 292.3k      0 1:10:10 1:01:41   08:29 422.2k
 87  1.17G  87  1.03G   0      0 292.4k      0 1:10:09 1:01:42   08:27 433.1k
 87  1.17G  87  1.03G   0      0 292.4k      0 1:10:08 1:01:43   08:25 426.1k
 88  1.17G  88  1.03G   0      0 292.5k      0 1:10:07 1:01:44   08:23 448.4k
 88  1.17G  88  1.03G   0      0 292.6k      0 1:10:06 1:01:45   08:21 506.3k
 88  1.17G  88  1.03G   0      0 292.5k      0 1:10:07 1:01:46   08:21 431.5k
 88  1.17G  88  1.03G   0      0 292.5k      0 1:10:07 1:01:47   08:20 394.8k
 88  1.17G  88  1.03G   0      0 292.6k      0 1:10:06 1:01:48   08:18 417.8k
 88  1.17G  88  1.03G   0      0 292.6k      0 1:10:05 1:01:49   08:16 419.6k
 88  1.17G  88  1.03G   0      0 292.7k      0 1:10:03 1:01:50   08:13 409.7k
 88  1.17G  88  1.03G   0      0 292.8k      0 1:10:02 1:01:51   08:11 512.1k
 88  1.17G  88  1.03G   0      0 292.9k      0 1:10:01 1:01:52   08:09 566.9k
 88  1.17G  88  1.03G   0      0 292.9k      0 1:10:01 1:01:53   08:08 546.6k
 88  1.17G  88  1.03G   0      0 293.0k      0 1:10:00 1:01:55   08:05 520.6k
 88  1.17G  88  1.03G   0      0 293.0k      0 1:09:59 1:01:56   08:03 514.2k
 88  1.17G  88  1.03G   0      0 293.1k      0 1:09:58 1:01:57   08:01 514.7k
 88  1.17G  88  1.03G   0      0 293.2k      0 1:09:57 1:01:58   07:59 523.4k
 88  1.17G  88  1.04G   0      0 293.2k      0 1:09:56 1:01:59   07:57 523.0k
 88  1.17G  88  1.04G   0      0 293.3k      0 1:09:55 1:02:00   07:55 550.8k
 88  1.17G  88  1.04G   0      0 293.4k      0 1:09:54 1:02:01   07:53 538.0k
 88  1.17G  88  1.04G   0      0 293.4k      0 1:09:53 1:02:02   07:51 529.1k
 88  1.17G  88  1.04G   0      0 293.5k      0 1:09:52 1:02:03   07:49 532.9k
 88  1.17G  88  1.04G   0      0 293.6k      0 1:09:51 1:02:04   07:47 557.6k
 88  1.17G  88  1.04G   0      0 293.6k      0 1:09:51 1:02:05   07:46 522.8k
 88  1.17G  88  1.04G   0      0 293.7k      0 1:09:50 1:02:06   07:44 527.5k
 88  1.17G  88  1.04G   0      0 293.7k      0 1:09:50 1:02:07   07:43 489.6k
 88  1.17G  88  1.04G   0      0 293.7k      0 1:09:49 1:02:08   07:41 447.4k
 89  1.17G  89  1.04G   0      0 293.8k      0 1:09:49 1:02:09   07:40 404.0k
 89  1.17G  89  1.04G   0      0 293.8k      0 1:09:48 1:02:10   07:38 422.0k
 89  1.17G  89  1.04G   0      0 293.8k      0 1:09:48 1:02:11   07:37 400.1k
 89  1.17G  89  1.04G   0      0 293.9k      0 1:09:47 1:02:12   07:35 423.7k
 89  1.17G  89  1.04G   0      0 293.9k      0 1:09:46 1:02:13   07:33 429.0k
 89  1.17G  89  1.04G   0      0 294.0k      0 1:09:46 1:02:14   07:32 457.8k
 89  1.17G  89  1.04G   0      0 294.0k      0 1:09:45 1:02:15   07:30 456.9k
 89  1.17G  89  1.04G   0      0 294.1k      0 1:09:44 1:02:16   07:28 467.2k
 89  1.17G  89  1.04G   0      0 294.1k      0 1:09:44 1:02:17   07:27 456.2k
 89  1.17G  89  1.04G   0      0 294.2k      0 1:09:43 1:02:18   07:25 467.5k
 89  1.17G  89  1.04G   0      0 294.2k      0 1:09:42 1:02:19   07:23 451.0k
 89  1.17G  89  1.04G   0      0 294.2k      0 1:09:42 1:02:20   07:22 428.2k
 89  1.17G  89  1.04G   0      0 294.2k      0 1:09:42 1:02:21   07:21 404.8k
 89  1.17G  89  1.04G   0      0 294.2k      0 1:09:42 1:02:22   07:20 394.0k
 89  1.17G  89  1.05G   0      0 294.3k      0 1:09:42 1:02:23   07:19 365.9k
 89  1.17G  89  1.05G   0      0 294.3k      0 1:09:41 1:02:24   07:17 355.7k
 89  1.17G  89  1.05G   0      0 294.3k      0 1:09:41 1:02:26   07:15 350.2k
 89  1.17G  89  1.05G   0      0 294.3k      0 1:09:41 1:02:27   07:14 338.9k
 89  1.17G  89  1.05G   0      0 294.3k      0 1:09:41 1:02:28   07:13 320.4k
 89  1.17G  89  1.05G   0      0 294.3k      0 1:09:41 1:02:29   07:12 324.1k
 89  1.17G  89  1.05G   0      0 294.3k      0 1:09:41 1:02:30   07:11 314.6k
 89  1.17G  89  1.05G   0      0 294.3k      0 1:09:41 1:02:31   07:10 278.2k
 89  1.17G  89  1.05G   0      0 294.2k      0 1:09:42 1:02:32   07:10 265.7k
 89  1.17G  89  1.05G   0      0 294.3k      0 1:09:42 1:02:33   07:09 276.2k
 89  1.17G  89  1.05G   0      0 294.3k      0 1:09:41 1:02:34   07:07 271.6k
 89  1.17G  89  1.05G   0      0 294.3k      0 1:09:41 1:02:35   07:06 279.8k
 89  1.17G  89  1.05G   0      0 294.3k      0 1:09:41 1:02:36   07:05 326.6k
 89  1.17G  89  1.05G   0      0 294.3k      0 1:09:40 1:02:37   07:03 364.3k
 89  1.17G  89  1.05G   0      0 294.4k      0 1:09:40 1:02:38   07:02 379.0k
 89  1.17G  89  1.05G   0      0 294.4k      0 1:09:39 1:02:39   07:00 415.8k
 90  1.17G  90  1.05G   0      0 294.5k      0 1:09:38 1:02:41   06:57 460.4k
 90  1.17G  90  1.05G   0      0 294.5k      0 1:09:38 1:02:42   06:56 430.3k
 90  1.17G  90  1.05G   0      0 294.4k      0 1:09:39 1:02:43   06:56 354.0k
 90  1.17G  90  1.05G   0      0 294.3k      0 1:09:40 1:02:44   06:56 279.0k
 90  1.17G  90  1.05G   0      0 294.3k      0 1:09:41 1:02:45   06:56 181.0k
 90  1.17G  90  1.05G   0      0 294.3k      0 1:09:41 1:02:46   06:55 158.4k
 90  1.17G  90  1.05G   0      0 294.4k      0 1:09:40 1:02:47   06:53 209.9k
 90  1.17G  90  1.05G   0      0 294.4k      0 1:09:40 1:02:48   06:52 259.5k
 90  1.17G  90  1.05G   0      0 294.4k      0 1:09:40 1:02:49   06:51 330.7k
 90  1.17G  90  1.05G   0      0 294.4k      0 1:09:39 1:02:50   06:49 393.1k
 90  1.17G  90  1.05G   0      0 294.4k      0 1:09:39 1:02:51   06:48 362.9k
 90  1.17G  90  1.05G   0      0 294.4k      0 1:09:39 1:02:52   06:47 331.9k
 90  1.17G  90  1.05G   0      0 294.5k      0 1:09:39 1:02:53   06:46 348.4k
 90  1.17G  90  1.05G   0      0 294.5k      0 1:09:39 1:02:54   06:45 347.6k
 90  1.17G  90  1.06G   0      0 294.5k      0 1:09:38 1:02:55   06:43 352.2k
 90  1.17G  90  1.06G   0      0 294.5k      0 1:09:38 1:02:56   06:42 357.7k
 90  1.17G  90  1.06G   0      0 294.5k      0 1:09:38 1:02:58   06:40 345.1k
 90  1.17G  90  1.06G   0      0 294.6k      0 1:09:37 1:02:59   06:38 362.0k
 90  1.17G  90  1.06G   0      0 294.6k      0 1:09:37 1:03:00   06:37 372.6k
 90  1.17G  90  1.06G   0      0 294.6k      0 1:09:36 1:03:01   06:35 393.0k
 90  1.17G  90  1.06G   0      0 294.7k      0 1:09:36 1:03:02   06:34 404.0k
 90  1.17G  90  1.06G   0      0 294.7k      0 1:09:35 1:03:03   06:32 437.2k
 90  1.17G  90  1.06G   0      0 294.8k      0 1:09:35 1:03:04   06:31 444.8k
 90  1.17G  90  1.06G   0      0 294.8k      0 1:09:34 1:03:05   06:29 427.0k
 90  1.17G  90  1.06G   0      0 294.8k      0 1:09:34 1:03:06   06:28 412.3k
 90  1.17G  90  1.06G   0      0 294.8k      0 1:09:34 1:03:07   06:27 397.1k
 90  1.17G  90  1.06G   0      0 294.7k      0 1:09:35 1:03:08   06:27 315.6k
 90  1.17G  90  1.06G   0      0 294.7k      0 1:09:36 1:03:09   06:27 225.2k
 90  1.17G  90  1.06G   0      0 294.6k      0 1:09:37 1:03:10   06:27 167.5k
 90  1.17G  90  1.06G   0      0 294.6k      0 1:09:37 1:03:11   06:26 159.9k
 90  1.17G  90  1.06G   0      0 294.6k      0 1:09:36 1:03:12   06:24 163.5k
 90  1.17G  90  1.06G   0      0 294.7k      0 1:09:36 1:03:13   06:23 235.2k
 90  1.17G  90  1.06G   0      0 294.7k      0 1:09:36 1:03:14   06:22 302.0k
 90  1.17G  90  1.06G   0      0 294.7k      0 1:09:35 1:03:15   06:20 380.8k
 90  1.17G  90  1.06G   0      0 294.7k      0 1:09:35 1:03:16   06:19 392.9k
 90  1.17G  90  1.06G   0      0 294.8k      0 1:09:34 1:03:18   06:16 397.6k
 91  1.17G  91  1.06G   0      0 294.8k      0 1:09:34 1:03:19   06:15 406.4k
 91  1.17G  91  1.06G   0      0 294.8k      0 1:09:33 1:03:20   06:13 419.9k
 91  1.17G  91  1.06G   0      0 294.9k      0 1:09:33 1:03:21   06:12 409.7k
 91  1.17G  91  1.06G   0      0 294.9k      0 1:09:32 1:03:22   06:10 414.6k
 91  1.17G  91  1.06G   0      0 295.0k      0 1:09:32 1:03:23   06:09 427.2k
 91  1.17G  91  1.07G   0      0 295.0k      0 1:09:31 1:03:24   06:07 437.3k
 91  1.17G  91  1.07G   0      0 294.9k      0 1:09:32 1:03:25   06:07 356.6k
 91  1.17G  91  1.07G   0      0 294.8k      0 1:09:33 1:03:26   06:07 275.6k
 91  1.17G  91  1.07G   0      0 294.8k      0 1:09:34 1:03:27   06:07 216.6k
 91  1.17G  91  1.07G   0      0 294.8k      0 1:09:33 1:03:28   06:05 216.4k
 91  1.17G  91  1.07G   0      0 294.9k      0 1:09:33 1:03:29   06:04 197.3k
 91  1.17G  91  1.07G   0      0 294.9k      0 1:09:33 1:03:30   06:03 271.9k
 91  1.17G  91  1.07G   0      0 294.9k      0 1:09:32 1:03:31   06:01 354.4k
 91  1.17G  91  1.07G   0      0 295.0k      0 1:09:31 1:03:32   05:59 422.5k
 91  1.17G  91  1.07G   0      0 295.0k      0 1:09:31 1:03:33   05:58 415.8k
 91  1.17G  91  1.07G   0      0 295.1k      0 1:09:30 1:03:34   05:56 430.1k
 91  1.17G  91  1.07G   0      0 295.1k      0 1:09:30 1:03:35   05:55 451.8k
 91  1.17G  91  1.07G   0      0 295.2k      0 1:09:28 1:03:36   05:52 480.4k
 91  1.17G  91  1.07G   0      0 295.2k      0 1:09:28 1:03:38   05:50 436.3k
 91  1.17G  91  1.07G   0      0 295.1k      0 1:09:29 1:03:39   05:50 367.5k
 91  1.17G  91  1.07G   0      0 295.0k      0 1:09:30 1:03:40   05:50 291.3k
 91  1.17G  91  1.07G   0      0 295.0k      0 1:09:32 1:03:41   05:51 204.7k
 91  1.17G  91  1.07G   0      0 294.9k      0 1:09:33 1:03:42   05:51 107.4k
 91  1.17G  91  1.07G   0      0 294.9k      0 1:09:32 1:03:43   05:49  93600
 91  1.17G  91  1.07G   0      0 295.0k      0 1:09:31 1:03:44   05:47 232.3k
 91  1.17G  91  1.07G   0      0 295.2k      0 1:09:29 1:03:45   05:44 384.0k
 91  1.17G  91  1.07G   0      0 295.2k      0 1:09:28 1:03:46   05:42 465.9k
 91  1.17G  91  1.07G   0      0 295.2k      0 1:09:28 1:03:47   05:41 552.5k
 91  1.17G  91  1.07G   0      0 295.3k      0 1:09:27 1:03:49   05:38 532.0k
 91  1.17G  91  1.07G   0      0 295.3k      0 1:09:27 1:03:50   05:37 474.2k
 91  1.17G  91  1.07G   0      0 295.3k      0 1:09:26 1:03:51   05:35 407.7k
 91  1.17G  91  1.07G   0      0 295.4k      0 1:09:26 1:03:52   05:34 418.2k
 92  1.17G  92  1.08G   0      0 295.4k      0 1:09:25 1:03:53   05:32 410.3k
 92  1.17G  92  1.08G   0      0 295.4k      0 1:09:25 1:03:54   05:31 411.0k
 92  1.17G  92  1.08G   0      0 295.5k      0 1:09:25 1:03:55   05:30 409.8k
 92  1.17G  92  1.08G   0      0 295.5k      0 1:09:24 1:03:56   05:28 420.2k
 92  1.17G  92  1.08G   0      0 295.5k      0 1:09:24 1:03:57   05:27 389.1k
 92  1.17G  92  1.08G   0      0 295.5k      0 1:09:24 1:03:58   05:26 358.8k
 92  1.17G  92  1.08G   0      0 295.5k      0 1:09:24 1:03:59   05:25 372.8k
 92  1.17G  92  1.08G   0      0 295.6k      0 1:09:23 1:04:00   05:23 387.1k
 92  1.17G  92  1.08G   0      0 295.6k      0 1:09:22 1:04:01   05:21 389.9k
 92  1.17G  92  1.08G   0      0 295.7k      0 1:09:22 1:04:02   05:20 415.9k
 92  1.17G  92  1.08G   0      0 295.7k      0 1:09:21 1:04:03   05:18 451.2k
 92  1.17G  92  1.08G   0      0 295.7k      0 1:09:21 1:04:04   05:17 439.5k
 92  1.17G  92  1.08G   0      0 295.7k      0 1:09:21 1:04:06   05:15 411.9k
 92  1.17G  92  1.08G   0      0 295.8k      0 1:09:20 1:04:07   05:13 389.9k
 92  1.17G  92  1.08G   0      0 295.8k      0 1:09:20 1:04:08   05:12 369.2k
 92  1.17G  92  1.08G   0      0 295.8k      0 1:09:20 1:04:09   05:11 343.9k
 92  1.17G  92  1.08G   0      0 295.8k      0 1:09:20 1:04:10   05:10 341.9k
 92  1.17G  92  1.08G   0      0 295.8k      0 1:09:20 1:04:11   05:09 344.9k
 92  1.17G  92  1.08G   0      0 295.8k      0 1:09:20 1:04:12   05:08 338.4k
 92  1.17G  92  1.08G   0      0 295.8k      0 1:09:19 1:04:13   05:06 353.7k
 92  1.17G  92  1.08G   0      0 295.9k      0 1:09:19 1:04:14   05:05 360.2k
 92  1.17G  92  1.08G   0      0 295.9k      0 1:09:19 1:04:15   05:04 355.3k
 92  1.17G  92  1.08G   0      0 295.9k      0 1:09:19 1:04:16   05:03 349.8k
 92  1.17G  92  1.08G   0      0 295.9k      0 1:09:19 1:04:17   05:02 352.2k
 92  1.17G  92  1.08G   0      0 295.8k      0 1:09:19 1:04:18   05:01 286.3k
 92  1.17G  92  1.08G   0      0 295.8k      0 1:09:20 1:04:19   05:01 219.5k
 92  1.17G  92  1.08G   0      0 295.7k      0 1:09:22 1:04:20   05:02 151.2k
 92  1.17G  92  1.08G   0      0 295.6k      0 1:09:23 1:04:21   05:02  97227
 92  1.17G  92  1.08G   0      0 295.6k      0 1:09:22 1:04:22   05:00 101.2k
 92  1.17G  92  1.08G   0      0 295.6k      0 1:09:23 1:04:23   05:00 131.0k
 92  1.17G  92  1.08G   0      0 295.6k      0 1:09:22 1:04:24   04:58 198.5k
 92  1.17G  92  1.08G   0      0 295.6k      0 1:09:22 1:04:26   04:56 270.1k
 92  1.17G  92  1.08G   0      0 295.6k      0 1:09:22 1:04:27   04:55 310.1k
 92  1.17G  92  1.09G   0      0 295.6k      0 1:09:22 1:04:28   04:54 312.5k
 92  1.17G  92  1.09G   0      0 295.7k      0 1:09:22 1:04:29   04:53 334.4k
 92  1.17G  92  1.09G   0      0 295.7k      0 1:09:21 1:04:30   04:51 347.9k
 93  1.17G  93  1.09G   0      0 295.7k      0 1:09:22 1:04:31   04:51 319.9k
 93  1.17G  93  1.09G   0      0 295.7k      0 1:09:22 1:04:32   04:50 331.0k
 93  1.17G  93  1.09G   0      0 295.7k      0 1:09:22 1:04:33   04:49 310.2k
 93  1.17G  93  1.09G   0      0 295.7k      0 1:09:21 1:04:34   04:47 315.3k
 93  1.17G  93  1.09G   0      0 295.7k      0 1:09:21 1:04:35   04:46 296.4k
 93  1.17G  93  1.09G   0      0 295.7k      0 1:09:21 1:04:36   04:45 316.4k
 93  1.17G  93  1.09G   0      0 295.7k      0 1:09:21 1:04:37   04:44 328.3k
 93  1.17G  93  1.09G   0      0 295.7k      0 1:09:21 1:04:38   04:43 358.3k
 93  1.17G  93  1.09G   0      0 295.8k      0 1:09:20 1:04:39   04:41 348.1k
 93  1.17G  93  1.09G   0      0 295.8k      0 1:09:20 1:04:40   04:40 358.5k
 93  1.17G  93  1.09G   0      0 295.8k      0 1:09:20 1:04:41   04:39 367.0k
 93  1.17G  93  1.09G   0      0 295.8k      0 1:09:20 1:04:42   04:38 370.4k
 93  1.17G  93  1.09G   0      0 295.8k      0 1:09:19 1:04:43   04:36 367.6k
 93  1.17G  93  1.09G   0      0 295.9k      0 1:09:19 1:04:44   04:35 386.8k
 93  1.17G  93  1.09G   0      0 295.8k      0 1:09:19 1:04:46   04:33 328.9k
 93  1.17G  93  1.09G   0      0 295.7k      0 1:09:21 1:04:47   04:34 263.3k
 93  1.17G  93  1.09G   0      0 295.7k      0 1:09:22 1:04:48   04:34 199.4k
 93  1.17G  93  1.09G   0      0 295.7k      0 1:09:22 1:04:49   04:33 184.5k
 93  1.17G  93  1.09G   0      0 295.7k      0 1:09:22 1:04:50   04:32 161.4k
 93  1.17G  93  1.09G   0      0 295.7k      0 1:09:21 1:04:51   04:30 191.7k
 93  1.17G  93  1.09G   0      0 295.7k      0 1:09:21 1:04:52   04:29 260.7k
 93  1.17G  93  1.09G   0      0 295.7k      0 1:09:22 1:04:53   04:29 303.2k
 93  1.17G  93  1.09G   0      0 295.7k      0 1:09:21 1:04:54   04:27 302.1k
 93  1.17G  93  1.09G   0      0 295.7k      0 1:09:22 1:04:55   04:27 293.0k
 93  1.17G  93  1.09G   0      0 295.6k      0 1:09:22 1:04:56   04:26 263.7k
 93  1.17G  93  1.09G   0      0 295.6k      0 1:09:22 1:04:57   04:25 252.3k
 93  1.17G  93  1.09G   0      0 295.6k      0 1:09:22 1:04:58   04:24 270.4k
 93  1.17G  93  1.09G   0      0 295.6k      0 1:09:22 1:05:00   04:22 258.7k
 93  1.17G  93  1.09G   0      0 295.6k      0 1:09:22 1:05:01   04:21 267.7k
 93  1.17G  93  1.09G   0      0 295.6k      0 1:09:22 1:05:02   04:20 297.5k
 93  1.17G  93  1.10G   0      0 295.7k      0 1:09:22 1:05:03   04:19 308.6k
 93  1.17G  93  1.10G   0      0 295.7k      0 1:09:21 1:05:04   04:17 326.2k
 93  1.17G  93  1.10G   0      0 295.7k      0 1:09:21 1:05:05   04:16 358.8k
 93  1.17G  93  1.10G   0      0 295.8k      0 1:09:20 1:05:06   04:14 388.5k
 93  1.17G  93  1.10G   0      0 295.8k      0 1:09:20 1:05:07   04:13 397.3k
 93  1.17G  93  1.10G   0      0 295.8k      0 1:09:19 1:05:08   04:11 418.3k
 93  1.17G  93  1.10G   0      0 295.9k      0 1:09:19 1:05:09   04:10 435.6k
 94  1.17G  94  1.10G   0      0 295.9k      0 1:09:18 1:05:10   04:08 459.6k
 94  1.17G  94  1.10G   0      0 296.0k      0 1:09:17 1:05:11   04:06 505.3k
 94  1.17G  94  1.10G   0      0 296.1k      0 1:09:15 1:05:12   04:03 576.5k
 94  1.17G  94  1.10G   0      0 296.1k      0 1:09:15 1:05:13   04:02 500.3k
 94  1.17G  94  1.10G   0      0 296.0k      0 1:09:16 1:05:14   04:02 414.6k
 94  1.17G  94  1.10G   0      0 296.0k      0 1:09:18 1:05:15   04:03 314.0k
 94  1.17G  94  1.10G   0      0 295.9k      0 1:09:19 1:05:16   04:03 191.6k
 94  1.17G  94  1.10G   0      0 295.8k      0 1:09:20 1:05:17   04:03  53899
 94  1.17G  94  1.10G   0      0 295.8k      0 1:09:20 1:05:19   04:01  34972
 94  1.17G  94  1.10G   0      0 295.8k      0 1:09:20 1:05:20   04:00 113.5k
 94  1.17G  94  1.10G   0      0 295.8k      0 1:09:19 1:05:21   03:58 209.7k
 94  1.17G  94  1.10G   0      0 295.9k      0 1:09:18 1:05:22   03:56 307.7k
 94  1.17G  94  1.10G   0      0 295.9k      0 1:09:18 1:05:23   03:55 396.5k
 94  1.17G  94  1.10G   0      0 296.0k      0 1:09:17 1:05:24   03:53 457.3k
 94  1.17G  94  1.10G   0      0 296.0k      0 1:09:17 1:05:25   03:52 456.1k
 94  1.17G  94  1.10G   0      0 296.0k      0 1:09:16 1:05:26   03:50 453.6k
 94  1.17G  94  1.10G   0      0 296.1k      0 1:09:16 1:05:27   03:49 446.6k
 94  1.17G  94  1.10G   0      0 296.1k      0 1:09:15 1:05:28   03:47 438.1k
 94  1.17G  94  1.10G   0      0 296.2k      0 1:09:15 1:05:29   03:46 442.9k
 94  1.17G  94  1.11G   0      0 296.2k      0 1:09:14 1:05:30   03:44 452.3k
 94  1.17G  94  1.11G   0      0 296.2k      0 1:09:14 1:05:31   03:43 443.1k
 94  1.17G  94  1.11G   0      0 296.2k      0 1:09:14 1:05:32   03:42 403.3k
 94  1.17G  94  1.11G   0      0 296.2k      0 1:09:13 1:05:33   03:40 387.5k
 94  1.17G  94  1.11G   0      0 296.2k      0 1:09:14 1:05:34   03:40 302.5k
 94  1.17G  94  1.11G   0      0 296.2k      0 1:09:15 1:05:35   03:40 270.1k
 94  1.17G  94  1.11G   0      0 296.2k      0 1:09:14 1:05:36   03:38 255.2k
 94  1.17G  94  1.11G   0      0 296.2k      0 1:09:14 1:05:37   03:37 265.4k
 94  1.17G  94  1.11G   0      0 296.2k      0 1:09:14 1:05:38   03:36 268.5k
 94  1.17G  94  1.11G   0      0 296.1k      0 1:09:15 1:05:40   03:35 273.8k
 94  1.17G  94  1.11G   0      0 296.1k      0 1:09:15 1:05:41   03:34 265.8k
 94  1.17G  94  1.11G   0      0 296.1k      0 1:09:15 1:05:42   03:33 243.3k
 94  1.17G  94  1.11G   0      0 296.1k      0 1:09:15 1:05:43   03:32 246.7k
 94  1.17G  94  1.11G   0      0 296.1k      0 1:09:15 1:05:44   03:31 230.3k
 94  1.17G  94  1.11G   0      0 296.1k      0 1:09:16 1:05:45   03:31 254.2k
 94  1.17G  94  1.11G   0      0 296.1k      0 1:09:16 1:05:46   03:30 255.6k
 94  1.17G  94  1.11G   0      0 296.1k      0 1:09:16 1:05:47   03:29 255.8k
 94  1.17G  94  1.11G   0      0 296.0k      0 1:09:16 1:05:48   03:28 234.0k
 95  1.17G  95  1.11G   0      0 296.0k      0 1:09:17 1:05:50   03:27 207.1k
 95  1.17G  95  1.11G   0      0 296.0k      0 1:09:18 1:05:51   03:27 197.3k
 95  1.17G  95  1.11G   0      0 295.9k      0 1:09:18 1:05:52   03:26 185.3k
 95  1.17G  95  1.11G   0      0 295.9k      0 1:09:19 1:05:53   03:26 177.0k
 95  1.17G  95  1.11G   0      0 295.8k      0 1:09:19 1:05:54   03:25 161.9k
 95  1.17G  95  1.11G   0      0 295.8k      0 1:09:20 1:05:55   03:25 151.3k
 95  1.17G  95  1.11G   0      0 295.8k      0 1:09:20 1:05:56   03:24 153.4k
 95  1.17G  95  1.11G   0      0 295.7k      0 1:09:21 1:05:57   03:24 157.8k
 95  1.17G  95  1.11G   0      0 295.7k      0 1:09:21 1:05:58   03:23 159.9k
 95  1.17G  95  1.11G   0      0 295.7k      0 1:09:22 1:05:59   03:23 171.4k
 95  1.17G  95  1.11G   0      0 295.7k      0 1:09:22 1:06:01   03:21 202.5k
 95  1.17G  95  1.11G   0      0 295.7k      0 1:09:22 1:06:02   03:20 229.3k
 95  1.17G  95  1.11G   0      0 295.7k      0 1:09:22 1:06:03   03:19 251.4k
 95  1.17G  95  1.11G   0      0 295.7k      0 1:09:22 1:06:04   03:18 276.5k
 95  1.17G  95  1.11G   0      0 295.7k      0 1:09:21 1:06:05   03:16 323.5k
 95  1.17G  95  1.11G   0      0 295.8k      0 1:09:20 1:06:06   03:14 375.7k
 95  1.17G  95  1.11G   0      0 295.7k      0 1:09:21 1:06:07   03:14 336.6k
 95  1.17G  95  1.11G   0      0 295.7k      0 1:09:22 1:06:08   03:14 303.0k
 95  1.17G  95  1.11G   0      0 295.7k      0 1:09:22 1:06:09   03:13 281.9k
 95  1.17G  95  1.11G   0      0 295.6k      0 1:09:22 1:06:11   03:11 234.2k
 95  1.17G  95  1.11G   0      0 295.6k      0 1:09:23 1:06:12   03:11 156.8k
 95  1.17G  95  1.11G   0      0 295.5k      0 1:09:23 1:06:13   03:10 163.2k
 95  1.17G  95  1.12G   0      0 295.5k      0 1:09:24 1:06:14   03:10 178.7k
 95  1.17G  95  1.12G   0      0 295.5k      0 1:09:24 1:06:15   03:09 169.5k
 95  1.17G  95  1.12G   0      0 295.5k      0 1:09:24 1:06:16   03:08 171.3k
 95  1.17G  95  1.12G   0      0 295.4k      0 1:09:25 1:06:17   03:08 187.7k
 95  1.17G  95  1.12G   0      0 295.4k      0 1:09:25 1:06:18   03:07 200.2k
 95  1.17G  95  1.12G   0      0 295.4k      0 1:09:25 1:06:19   03:06 224.6k
 95  1.17G  95  1.12G   0      0 295.5k      0 1:09:25 1:06:20   03:05 269.8k
 95  1.17G  95  1.12G   0      0 295.5k      0 1:09:24 1:06:21   03:03 313.1k
 95  1.17G  95  1.12G   0      0 295.5k      0 1:09:24 1:06:22   03:02 322.1k
 95  1.17G  95  1.12G   0      0 295.5k      0 1:09:24 1:06:23   03:01 335.1k
 95  1.17G  95  1.12G   0      0 295.5k      0 1:09:25 1:06:24   03:01 320.7k
 95  1.17G  95  1.12G   0      0 295.5k      0 1:09:25 1:06:25   03:00 293.2k
 95  1.17G  95  1.12G   0      0 295.5k      0 1:09:25 1:06:26   02:59 269.0k
 95  1.17G  95  1.12G   0      0 295.5k      0 1:09:25 1:06:28   02:57 285.7k
 95  1.17G  95  1.12G   0      0 295.5k      0 1:09:24 1:06:29   02:55 307.1k
 95  1.17G  95  1.12G   0      0 295.5k      0 1:09:23 1:06:30   02:53 357.9k
 95  1.17G  95  1.12G   0      0 295.6k      0 1:09:23 1:06:31   02:52 391.0k
 95  1.17G  95  1.12G   0      0 295.7k      0 1:09:22 1:06:32   02:50 454.3k
 95  1.17G  95  1.12G   0      0 295.7k      0 1:09:21 1:06:33   02:48 484.8k
 95  1.17G  95  1.12G   0      0 295.8k      0 1:09:20 1:06:34   02:46 501.8k
 96  1.17G  96  1.12G   0      0 295.8k      0 1:09:20 1:06:35   02:45 470.1k
 96  1.17G  96  1.12G   0      0 295.8k      0 1:09:20 1:06:36   02:44 469.2k
 96  1.17G  96  1.12G   0      0 295.9k      0 1:09:19 1:06:37   02:42 437.2k
 96  1.17G  96  1.12G   0      0 295.9k      0 1:09:19 1:06:38   02:41 430.8k
 96  1.17G  96  1.12G   0      0 295.9k      0 1:09:18 1:06:39   02:39 413.1k
 96  1.17G  96  1.12G   0      0 295.9k      0 1:09:18 1:06:40   02:38 425.4k
 96  1.17G  96  1.12G   0      0 296.0k      0 1:09:18 1:06:41   02:37 409.4k
 96  1.17G  96  1.12G   0      0 296.0k      0 1:09:17 1:06:42   02:35 384.6k
 96  1.17G  96  1.12G   0      0 296.0k      0 1:09:18 1:06:44   02:34 348.6k
 96  1.17G  96  1.12G   0      0 296.0k      0 1:09:18 1:06:45   02:33 324.1k
 96  1.17G  96  1.13G   0      0 296.0k      0 1:09:17 1:06:46   02:31 311.7k
 96  1.17G  96  1.13G   0      0 296.0k      0 1:09:18 1:06:47   02:31 291.6k
 96  1.17G  96  1.13G   0      0 296.0k      0 1:09:17 1:06:48   02:29 288.2k
 96  1.17G  96  1.13G   0      0 296.0k      0 1:09:17 1:06:49   02:28 313.8k
 96  1.17G  96  1.13G   0      0 295.9k      0 1:09:18 1:06:50   02:28 272.0k
 96  1.17G  96  1.13G   0      0 295.9k      0 1:09:18 1:06:51   02:27 263.8k
 96  1.17G  96  1.13G   0      0 296.0k      0 1:09:18 1:06:52   02:26 292.3k
 96  1.17G  96  1.13G   0      0 296.0k      0 1:09:17 1:06:53   02:24 314.6k
 96  1.17G  96  1.13G   0      0 296.0k      0 1:09:17 1:06:54   02:23 318.6k
 96  1.17G  96  1.13G   0      0 296.0k      0 1:09:16 1:06:55   02:21 393.7k
 96  1.17G  96  1.13G   0      0 296.1k      0 1:09:16 1:06:56   02:20 407.4k
 96  1.17G  96  1.13G   0      0 296.1k      0 1:09:16 1:06:57   02:19 407.3k
 96  1.17G  96  1.13G   0      0 296.1k      0 1:09:16 1:06:58   02:18 386.7k
 96  1.17G  96  1.13G   0      0 296.1k      0 1:09:16 1:06:59   02:17 365.6k
 96  1.17G  96  1.13G   0      0 296.1k      0 1:09:15 1:07:00   02:15 353.2k
 96  1.17G  96  1.13G   0      0 296.1k      0 1:09:15 1:07:01   02:14 357.8k
 96  1.17G  96  1.13G   0      0 296.2k      0 1:09:15 1:07:02   02:13 344.1k
 96  1.17G  96  1.13G   0      0 296.2k      0 1:09:15 1:07:03   02:12 347.0k
 96  1.17G  96  1.13G   0      0 296.2k      0 1:09:15 1:07:04   02:11 341.8k
 96  1.17G  96  1.13G   0      0 296.2k      0 1:09:15 1:07:05   02:10 325.4k
 96  1.17G  96  1.13G   0      0 296.2k      0 1:09:15 1:07:06   02:09 320.2k
 96  1.17G  96  1.13G   0      0 296.2k      0 1:09:14 1:07:07   02:07 321.5k
 96  1.17G  96  1.13G   0      0 296.2k      0 1:09:14 1:07:08   02:06 319.1k
 97  1.17G  97  1.13G   0      0 296.2k      0 1:09:14 1:07:09   02:05 344.7k
 97  1.17G  97  1.13G   0      0 296.3k      0 1:09:13 1:07:10   02:03 371.1k
 97  1.17G  97  1.13G   0      0 296.2k      0 1:09:13 1:07:12   02:01 351.2k
 97  1.17G  97  1.13G   0      0 296.2k      0 1:09:14 1:07:13   02:01 332.3k
 97  1.17G  97  1.13G   0      0 296.2k      0 1:09:14 1:07:14   02:00 325.3k
 97  1.17G  97  1.13G   0      0 296.2k      0 1:09:14 1:07:15   01:59 305.8k
 97  1.17G  97  1.13G   0      0 296.2k      0 1:09:14 1:07:16   01:58 275.9k
 97  1.17G  97  1.14G   0      0 296.2k      0 1:09:14 1:07:17   01:57 282.9k
 97  1.17G  97  1.14G   0      0 296.2k      0 1:09:13 1:07:18   01:55 309.1k
 97  1.17G  97  1.14G   0      0 296.3k      0 1:09:13 1:07:19   01:54 330.0k
 97  1.17G  97  1.14G   0      0 296.3k      0 1:09:12 1:07:20   01:52 385.9k
 97  1.17G  97  1.14G   0      0 296.4k      0 1:09:11 1:07:21   01:50 439.4k
 97  1.17G  97  1.14G   0      0 296.5k      0 1:09:10 1:07:22   01:48 500.9k
 97  1.17G  97  1.14G   0      0 296.5k      0 1:09:10 1:07:23   01:47 503.0k
 97  1.17G  97  1.14G   0      0 296.5k      0 1:09:10 1:07:24   01:46 476.2k
 97  1.17G  97  1.14G   0      0 296.5k      0 1:09:10 1:07:25   01:45 409.5k
 97  1.17G  97  1.14G   0      0 296.5k      0 1:09:10 1:07:26   01:44 359.0k
 97  1.17G  97  1.14G   0      0 296.5k      0 1:09:10 1:07:27   01:43 291.2k
 97  1.17G  97  1.14G   0      0 296.5k      0 1:09:10 1:07:28   01:42 274.6k
 97  1.17G  97  1.14G   0      0 296.5k      0 1:09:10 1:07:29   01:41 281.6k
 97  1.17G  97  1.14G   0      0 296.5k      0 1:09:10 1:07:30   01:40 305.0k
 97  1.17G  97  1.14G   0      0 296.5k      0 1:09:10 1:07:31   01:39 316.7k
 97  1.17G  97  1.14G   0      0 296.5k      0 1:09:10 1:07:32   01:38 326.0k
 97  1.17G  97  1.14G   0      0 296.5k      0 1:09:10 1:07:33   01:37 325.8k
 97  1.17G  97  1.14G   0      0 296.5k      0 1:09:10 1:07:34   01:36 314.0k
 97  1.17G  97  1.14G   0      0 296.5k      0 1:09:10 1:07:36   01:34 297.3k
 97  1.17G  97  1.14G   0      0 296.5k      0 1:09:10 1:07:37   01:33 290.5k
 97  1.17G  97  1.14G   0      0 296.5k      0 1:09:10 1:07:38   01:32 292.2k
 97  1.17G  97  1.14G   0      0 296.5k      0 1:09:10 1:07:39   01:31 297.7k
 97  1.17G  97  1.14G   0      0 296.5k      0 1:09:10 1:07:40   01:30 292.2k
 97  1.17G  97  1.14G   0      0 296.5k      0 1:09:10 1:07:41   01:29 308.0k
 97  1.17G  97  1.14G   0      0 296.6k      0 1:09:09 1:07:42   01:27 334.3k
 97  1.17G  97  1.14G   0      0 296.6k      0 1:09:08 1:07:43   01:25 371.1k
 97  1.17G  97  1.14G   0      0 296.7k      0 1:09:07 1:07:44   01:23 443.0k
 98  1.17G  98  1.15G   0      0 296.8k      0 1:09:06 1:07:45   01:21 505.3k
 98  1.17G  98  1.15G   0      0 296.7k      0 1:09:07 1:07:46   01:21 441.1k
 98  1.17G  98  1.15G   0      0 296.7k      0 1:09:08 1:07:47   01:21 383.6k
 98  1.17G  98  1.15G   0      0 296.7k      0 1:09:07 1:07:48   01:19 358.3k
 98  1.17G  98  1.15G   0      0 296.7k      0 1:09:07 1:07:49   01:18 300.7k
 98  1.17G  98  1.15G   0      0 296.7k      0 1:09:07 1:07:50   01:17 264.7k
 98  1.17G  98  1.15G   0      0 296.7k      0 1:09:07 1:07:51   01:16 316.6k
 98  1.17G  98  1.15G   0      0 296.8k      0 1:09:06 1:07:52   01:14 356.2k
 98  1.17G  98  1.15G   0      0 296.8k      0 1:09:06 1:07:54   01:12 343.6k
 98  1.17G  98  1.15G   0      0 296.7k      0 1:09:07 1:07:55   01:12 309.1k
 98  1.17G  98  1.15G   0      0 296.7k      0 1:09:07 1:07:56   01:11 287.6k
 98  1.17G  98  1.15G   0      0 296.7k      0 1:09:07 1:07:57   01:10 261.4k
 98  1.17G  98  1.15G   0      0 296.7k      0 1:09:07 1:07:58   01:09 248.5k
 98  1.17G  98  1.15G   0      0 296.7k      0 1:09:07 1:07:59   01:08 243.1k
 98  1.17G  98  1.15G   0      0 296.7k      0 1:09:07 1:08:00   01:07 254.8k
 98  1.17G  98  1.15G   0      0 296.7k      0 1:09:08 1:08:01   01:07 257.8k
 98  1.17G  98  1.15G   0      0 296.7k      0 1:09:08 1:08:02   01:06 267.7k
 98  1.17G  98  1.15G   0      0 296.7k      0 1:09:08 1:08:03   01:05 278.1k
 98  1.17G  98  1.15G   0      0 296.7k      0 1:09:07 1:08:04   01:03 294.4k
 98  1.17G  98  1.15G   0      0 296.7k      0 1:09:08 1:08:05   01:03 291.2k
 98  1.17G  98  1.15G   0      0 296.7k      0 1:09:07 1:08:06   01:01 308.6k
 98  1.17G  98  1.15G   0      0 296.7k      0 1:09:07 1:08:07   01:00 328.9k
 98  1.17G  98  1.15G   0      0 296.7k      0 1:09:07 1:08:08   00:59 332.6k
 98  1.17G  98  1.15G   0      0 296.7k      0 1:09:07 1:08:09   00:58 336.4k
 98  1.17G  98  1.15G   0      0 296.8k      0 1:09:06 1:08:10   00:56 363.1k
 98  1.17G  98  1.15G   0      0 296.8k      0 1:09:06 1:08:12   00:54 370.2k
 98  1.17G  98  1.15G   0      0 296.8k      0 1:09:06 1:08:13   00:53 364.6k
 98  1.17G  98  1.15G   0      0 296.8k      0 1:09:06 1:08:14   00:52 374.6k
 98  1.17G  98  1.15G   0      0 296.8k      0 1:09:05 1:08:15   00:50 371.0k
 98  1.17G  98  1.15G   0      0 296.9k      0 1:09:05 1:08:16   00:49 381.7k
 98  1.17G  98  1.15G   0      0 296.8k      0 1:09:06 1:08:17   00:49 325.0k
 98  1.17G  98  1.15G   0      0 296.7k      0 1:09:07 1:08:18   00:49 260.7k
 98  1.17G  98  1.16G   0      0 296.7k      0 1:09:07 1:08:19   00:48 218.5k
 98  1.17G  98  1.16G   0      0 296.7k      0 1:09:07 1:08:21   00:46 207.4k
 98  1.17G  98  1.16G   0      0 296.7k      0 1:09:07 1:08:22   00:45 195.5k
 98  1.17G  98  1.16G   0      0 296.7k      0 1:09:07 1:08:23   00:44 223.7k
 98  1.17G  98  1.16G   0      0 296.7k      0 1:09:07 1:08:24   00:43 281.4k
 98  1.17G  98  1.16G   0      0 296.7k      0 1:09:07 1:08:25   00:42 304.1k
 99  1.17G  99  1.16G   0      0 296.7k      0 1:09:07 1:08:26   00:41 317.2k
 99  1.17G  99  1.16G   0      0 296.7k      0 1:09:07 1:08:27   00:40 313.5k
 99  1.17G  99  1.16G   0      0 296.7k      0 1:09:07 1:08:28   00:39 314.1k
 99  1.17G  99  1.16G   0      0 296.8k      0 1:09:06 1:08:29   00:37 331.8k
 99  1.17G  99  1.16G   0      0 296.8k      0 1:09:06 1:08:30   00:36 364.6k
 99  1.17G  99  1.16G   0      0 296.8k      0 1:09:06 1:08:32   00:34 368.9k
 99  1.17G  99  1.16G   0      0 296.8k      0 1:09:06 1:08:33   00:33 365.0k
 99  1.17G  99  1.16G   0      0 296.9k      0 1:09:05 1:08:34   00:31 389.2k
 99  1.17G  99  1.16G   0      0 296.9k      0 1:09:05 1:08:35   00:30 388.3k
 99  1.17G  99  1.16G   0      0 296.9k      0 1:09:04 1:08:36   00:28 370.7k
 99  1.17G  99  1.16G   0      0 296.9k      0 1:09:04 1:08:37   00:27 380.2k
 99  1.17G  99  1.16G   0      0 296.9k      0 1:09:04 1:08:38   00:26 394.1k
 99  1.17G  99  1.16G   0      0 297.0k      0 1:09:03 1:08:39   00:24 403.1k
 99  1.17G  99  1.16G   0      0 297.0k      0 1:09:03 1:08:40   00:23 406.7k
 99  1.17G  99  1.16G   0      0 297.1k      0 1:09:02 1:08:41   00:21 432.3k
 99  1.17G  99  1.16G   0      0 297.1k      0 1:09:01 1:08:42   00:19 450.6k
 99  1.17G  99  1.16G   0      0 297.2k      0 1:09:01 1:08:43   00:18 480.6k
 99  1.17G  99  1.16G   0      0 297.2k      0 1:09:00 1:08:44   00:16 504.0k
 99  1.17G  99  1.16G   0      0 297.3k      0 1:08:59 1:08:45   00:14 515.3k
 99  1.17G  99  1.16G   0      0 297.3k      0 1:08:59 1:08:46   00:13 492.3k
 99  1.17G  99  1.16G   0      0 297.4k      0 1:08:58 1:08:47   00:11 486.7k
 99  1.17G  99  1.17G   0      0 297.4k      0 1:08:58 1:08:48   00:10 450.0k
 99  1.17G  99  1.17G   0      0 297.4k      0 1:08:58 1:08:49   00:09 387.9k
 99  1.17G  99  1.17G   0      0 297.4k      0 1:08:58 1:08:50   00:08 358.3k
 99  1.17G  99  1.17G   0      0 297.4k      0 1:08:58 1:08:52   00:06 328.6k
 99  1.17G  99  1.17G   0      0 297.4k      0 1:08:58 1:08:53   00:05 298.7k
 99  1.17G  99  1.17G   0      0 297.4k      0 1:08:58 1:08:54   00:04 289.3k
 99  1.17G  99  1.17G   0      0 297.4k      0 1:08:58 1:08:55   00:03 296.4k
 99  1.17G  99  1.17G   0      0 297.4k      0 1:08:58 1:08:56   00:02 287.3k
 99  1.17G  99  1.17G   0      0 297.4k      0 1:08:58 1:08:57   00:01 313.4k
100  1.17G 100  1.17G   0      0 297.4k      0 1:08:57 1:08:57         313.4k
100  1.17G 100  1.17G   0      0 297.4k      0 1:08:57 1:08:57         313.4k
100  1.17G 100  1.17G   0      0 297.4k      0 1:08:57 1:08:57         313.4k
Attempt 3 exit code: 0
FINAL RESULT: success=True after 3 attempts
