Test started: org.java_websocket.util.ByteBufferUtilsTest.testTransferByteBufferBigToSmall
Test finished: org.java_websocket.util.ByteBufferUtilsTest.testTransferByteBufferBigToSmall
Test started: org.java_websocket.util.ByteBufferUtilsTest.testTransferByteBufferSmallToBig
Test finished: org.java_websocket.util.ByteBufferUtilsTest.testTransferByteBufferSmallToBig
Test started: org.java_websocket.util.ByteBufferUtilsTest.testTransferByteBufferSmallToEmpty
Test finished: org.java_websocket.util.ByteBufferUtilsTest.testTransferByteBufferSmallToEmpty
Test started: org.java_websocket.util.ByteBufferUtilsTest.testEmptyByteBufferCapacity
Test finished: org.java_websocket.util.ByteBufferUtilsTest.testEmptyByteBufferCapacity
Test started: org.java_websocket.util.ByteBufferUtilsTest.testTransferByteBufferCheckNullSource
Test finished: org.java_websocket.util.ByteBufferUtilsTest.testTransferByteBufferCheckNullSource
Test started: org.java_websocket.util.ByteBufferUtilsTest.testEmptyByteBufferNewObject
Test finished: org.java_websocket.util.ByteBufferUtilsTest.testEmptyByteBufferNewObject
Test started: org.java_websocket.util.ByteBufferUtilsTest.testTransferByteBufferCheckNullBoth
Test finished: org.java_websocket.util.ByteBufferUtilsTest.testTransferByteBufferCheckNullBoth
Test started: org.java_websocket.util.ByteBufferUtilsTest.testTransferByteBufferCheckNullDest
Test finished: org.java_websocket.util.ByteBufferUtilsTest.testTransferByteBufferCheckNullDest
Test started: org.java_websocket.util.Base64Test.testEncodeBytes2
Test finished: org.java_websocket.util.Base64Test.testEncodeBytes2
Test started: org.java_websocket.util.Base64Test.testEncodeBytes3
Test finished: org.java_websocket.util.Base64Test.testEncodeBytes3
Test started: org.java_websocket.util.Base64Test.testEncodeBytes4
Test finished: org.java_websocket.util.Base64Test.testEncodeBytes4
Test started: org.java_websocket.util.Base64Test.testEncodeBytes5
Test finished: org.java_websocket.util.Base64Test.testEncodeBytes5
Test started: org.java_websocket.util.Base64Test.testEncodeBytes
Test finished: org.java_websocket.util.Base64Test.testEncodeBytes
Test started: org.java_websocket.util.Base64Test.testEncodeBytesToBytes1
Test finished: org.java_websocket.util.Base64Test.testEncodeBytesToBytes1
Test started: org.java_websocket.util.Base64Test.testEncodeBytesToBytes2
Test finished: org.java_websocket.util.Base64Test.testEncodeBytesToBytes2
Test started: org.java_websocket.util.Base64Test.testEncodeBytesToBytes3
Test finished: org.java_websocket.util.Base64Test.testEncodeBytesToBytes3
Test started: org.java_websocket.client.AttachmentTest.testDefaultValue
Test finished: org.java_websocket.client.AttachmentTest.testDefaultValue
Test started: org.java_websocket.client.AttachmentTest.testSetter
Test finished: org.java_websocket.client.AttachmentTest.testSetter
Test started: org.java_websocket.client.SchemaCheckTest.testSchemaCheck
Test finished: org.java_websocket.client.SchemaCheckTest.testSchemaCheck
Test started: org.java_websocket.client.HeadersTest.testHttpHeaders
Test finished: org.java_websocket.client.HeadersTest.testHttpHeaders
Test started: org.java_websocket.client.HeadersTest.test_Add_RemoveHeaders
Test finished: org.java_websocket.client.HeadersTest.test_Add_RemoveHeaders
Test started: org.java_websocket.client.HeadersTest.testGetURI
Test finished: org.java_websocket.client.HeadersTest.testGetURI
Test started: org.java_websocket.drafts.Draft_6455Test.testReset
Test finished: org.java_websocket.drafts.Draft_6455Test.testReset
Test started: org.java_websocket.drafts.Draft_6455Test.createFramesBinary
Test finished: org.java_websocket.drafts.Draft_6455Test.createFramesBinary
Test started: org.java_websocket.drafts.Draft_6455Test.testToString
Test finished: org.java_websocket.drafts.Draft_6455Test.testToString
Test started: org.java_websocket.drafts.Draft_6455Test.testCopyInstance
Test finished: org.java_websocket.drafts.Draft_6455Test.testCopyInstance
Test started: org.java_websocket.drafts.Draft_6455Test.postProcessHandshakeRequestAsClient
Test finished: org.java_websocket.drafts.Draft_6455Test.postProcessHandshakeRequestAsClient
Test started: org.java_websocket.drafts.Draft_6455Test.testGetExtension
Test finished: org.java_websocket.drafts.Draft_6455Test.testGetExtension
Test started: org.java_websocket.drafts.Draft_6455Test.testGetProtocol
Test finished: org.java_websocket.drafts.Draft_6455Test.testGetProtocol
Test started: org.java_websocket.drafts.Draft_6455Test.testGetKnownExtensions
Test finished: org.java_websocket.drafts.Draft_6455Test.testGetKnownExtensions
Test started: org.java_websocket.drafts.Draft_6455Test.testGetKnownProtocols
Test finished: org.java_websocket.drafts.Draft_6455Test.testGetKnownProtocols
Test started: org.java_websocket.drafts.Draft_6455Test.testHashCode
Test finished: org.java_websocket.drafts.Draft_6455Test.testHashCode
Test started: org.java_websocket.drafts.Draft_6455Test.postProcessHandshakeResponseAsServer
Test finished: org.java_websocket.drafts.Draft_6455Test.postProcessHandshakeResponseAsServer
Test started: org.java_websocket.drafts.Draft_6455Test.testEquals
Test finished: org.java_websocket.drafts.Draft_6455Test.testEquals
Test started: org.java_websocket.drafts.Draft_6455Test.acceptHandshakeAsClient
Test finished: org.java_websocket.drafts.Draft_6455Test.acceptHandshakeAsClient
Test started: org.java_websocket.drafts.Draft_6455Test.createFramesText
Test finished: org.java_websocket.drafts.Draft_6455Test.createFramesText
Test started: org.java_websocket.drafts.Draft_6455Test.testGetCloseHandshakeType
Test finished: org.java_websocket.drafts.Draft_6455Test.testGetCloseHandshakeType
Test started: org.java_websocket.drafts.Draft_6455Test.acceptHandshakeAsServer
Test finished: org.java_websocket.drafts.Draft_6455Test.acceptHandshakeAsServer
Test started: org.java_websocket.drafts.Draft_6455Test.testConstructor
Test finished: org.java_websocket.drafts.Draft_6455Test.testConstructor
Test started: org.java_websocket.issues.Issue609Test.testIssue
Test finished: org.java_websocket.issues.Issue609Test.testIssue
Test started: org.java_websocket.issues.Issue621Test.testIssue
Test finished: org.java_websocket.issues.Issue621Test.testIssue
Test started: org.java_websocket.issues.Issue580Test.runCloseBlockingTestScenario[0]
Test finished: org.java_websocket.issues.Issue580Test.runCloseBlockingTestScenario[0]
Test started: org.java_websocket.issues.Issue580Test.runNoCloseBlockingTestScenario[0]
Test finished: org.java_websocket.issues.Issue580Test.runNoCloseBlockingTestScenario[0]
Test started: org.java_websocket.issues.Issue580Test.runCloseBlockingTestScenario[1]
Test finished: org.java_websocket.issues.Issue580Test.runCloseBlockingTestScenario[1]
Test started: org.java_websocket.issues.Issue580Test.runNoCloseBlockingTestScenario[1]
Test finished: org.java_websocket.issues.Issue580Test.runNoCloseBlockingTestScenario[1]
Test started: org.java_websocket.issues.Issue580Test.runCloseBlockingTestScenario[2]
Test finished: org.java_websocket.issues.Issue580Test.runCloseBlockingTestScenario[2]
Test started: org.java_websocket.issues.Issue580Test.runNoCloseBlockingTestScenario[2]
Test finished: org.java_websocket.issues.Issue580Test.runNoCloseBlockingTestScenario[2]
Test started: org.java_websocket.issues.Issue580Test.runCloseBlockingTestScenario[3]
Test finished: org.java_websocket.issues.Issue580Test.runCloseBlockingTestScenario[3]
Test started: org.java_websocket.issues.Issue580Test.runNoCloseBlockingTestScenario[3]
Test finished: org.java_websocket.issues.Issue580Test.runNoCloseBlockingTestScenario[3]
Test started: org.java_websocket.issues.Issue580Test.runCloseBlockingTestScenario[4]
Test finished: org.java_websocket.issues.Issue580Test.runCloseBlockingTestScenario[4]
Test started: org.java_websocket.issues.Issue580Test.runNoCloseBlockingTestScenario[4]
Test finished: org.java_websocket.issues.Issue580Test.runNoCloseBlockingTestScenario[4]
Test started: org.java_websocket.issues.Issue580Test.runCloseBlockingTestScenario[5]
Test finished: org.java_websocket.issues.Issue580Test.runCloseBlockingTestScenario[5]
Test started: org.java_websocket.issues.Issue580Test.runNoCloseBlockingTestScenario[5]
Test finished: org.java_websocket.issues.Issue580Test.runNoCloseBlockingTestScenario[5]
Test started: org.java_websocket.issues.Issue580Test.runCloseBlockingTestScenario[6]
Test finished: org.java_websocket.issues.Issue580Test.runCloseBlockingTestScenario[6]
Test started: org.java_websocket.issues.Issue580Test.runNoCloseBlockingTestScenario[6]
Test finished: org.java_websocket.issues.Issue580Test.runNoCloseBlockingTestScenario[6]
Test started: org.java_websocket.issues.Issue580Test.runCloseBlockingTestScenario[7]
Test finished: org.java_websocket.issues.Issue580Test.runCloseBlockingTestScenario[7]
Test started: org.java_websocket.issues.Issue580Test.runNoCloseBlockingTestScenario[7]
Test finished: org.java_websocket.issues.Issue580Test.runNoCloseBlockingTestScenario[7]
Test started: org.java_websocket.issues.Issue580Test.runCloseBlockingTestScenario[8]
Test finished: org.java_websocket.issues.Issue580Test.runCloseBlockingTestScenario[8]
Test started: org.java_websocket.issues.Issue580Test.runNoCloseBlockingTestScenario[8]
Test finished: org.java_websocket.issues.Issue580Test.runNoCloseBlockingTestScenario[8]
Test started: org.java_websocket.issues.Issue580Test.runCloseBlockingTestScenario[9]
Test finished: org.java_websocket.issues.Issue580Test.runCloseBlockingTestScenario[9]
Test started: org.java_websocket.issues.Issue580Test.runNoCloseBlockingTestScenario[9]
Test finished: org.java_websocket.issues.Issue580Test.runNoCloseBlockingTestScenario[9]
Test started: org.java_websocket.issues.Issue598Test.runBelowLimitString
Test finished: org.java_websocket.issues.Issue598Test.runBelowLimitString
Test started: org.java_websocket.issues.Issue598Test.runBelowSplitLimitBytebuffer
Test finished: org.java_websocket.issues.Issue598Test.runBelowSplitLimitBytebuffer
Test started: org.java_websocket.issues.Issue598Test.runBelowLimitBytebuffer
Test finished: org.java_websocket.issues.Issue598Test.runBelowLimitBytebuffer
Test started: org.java_websocket.issues.Issue598Test.runBelowSplitLimitString
Test finished: org.java_websocket.issues.Issue598Test.runBelowSplitLimitString
Test started: org.java_websocket.issues.Issue598Test.runAboveSplitLimitBytebuffer
Test finished: org.java_websocket.issues.Issue598Test.runAboveSplitLimitBytebuffer
Test started: org.java_websocket.issues.Issue598Test.runAboveLimitBytebuffer
Test finished: org.java_websocket.issues.Issue598Test.runAboveLimitBytebuffer
Test started: org.java_websocket.issues.Issue598Test.runAboveSplitLimitString
Test finished: org.java_websocket.issues.Issue598Test.runAboveSplitLimitString
Test started: org.java_websocket.issues.Issue598Test.runAboveLimitString
Test finished: org.java_websocket.issues.Issue598Test.runAboveLimitString
Test started: org.java_websocket.issues.Issue256Test.runReconnectSocketClose[0]
Test finished: org.java_websocket.issues.Issue256Test.runReconnectSocketClose[0]
org/java_websocket/client/WebSocketClient|345:org/java_websocket/client/WebSocketClient|75
org/java_websocket/issues/Issue621Test$TestPrintStream|58:org/java_websocket/issues/Issue621Test$TestPrintStream|58
org/java_websocket/client/WebSocketClient|344:org/java_websocket/client/WebSocketClient|75
org/java_websocket/client/WebSocketClient|346:org/java_websocket/client/WebSocketClient|75
Test started: org.java_websocket.issues.Issue256Test.runReconnectCloseBlocking[0]
Test finished: org.java_websocket.issues.Issue256Test.runReconnectCloseBlocking[0]
org/java_websocket/WebSocketImpl|615:org/java_websocket/WebSocketImpl|596
Test started: org.java_websocket.issues.Issue256Test.runReconnectSocketClose[1]
Test finished: org.java_websocket.issues.Issue256Test.runReconnectSocketClose[1]
org/java_websocket/client/WebSocketClient|375:org/java_websocket/client/WebSocketClient|526
org/java_websocket/client/WebSocketClient|348:org/java_websocket/client/WebSocketClient|526
org/java_websocket/client/WebSocketClient|349:org/java_websocket/client/WebSocketClient|526
org/java_websocket/client/WebSocketClient|371:org/java_websocket/client/WebSocketClient|526
org/java_websocket/client/WebSocketClient|350:org/java_websocket/client/WebSocketClient|526
org/java_websocket/client/WebSocketClient|374:org/java_websocket/client/WebSocketClient|526
org/java_websocket/client/WebSocketClient|376:org/java_websocket/client/WebSocketClient|526
Test started: org.java_websocket.issues.Issue256Test.runReconnectCloseBlocking[1]
Test finished: org.java_websocket.issues.Issue256Test.runReconnectCloseBlocking[1]
Test started: org.java_websocket.issues.Issue256Test.runReconnectSocketClose[2]
Test finished: org.java_websocket.issues.Issue256Test.runReconnectSocketClose[2]
Test started: org.java_websocket.issues.Issue256Test.runReconnectCloseBlocking[2]
Test finished: org.java_websocket.issues.Issue256Test.runReconnectCloseBlocking[2]
Test started: org.java_websocket.issues.Issue256Test.runReconnectSocketClose[3]
Test finished: org.java_websocket.issues.Issue256Test.runReconnectSocketClose[3]
Test started: org.java_websocket.issues.Issue256Test.runReconnectCloseBlocking[3]
Test finished: org.java_websocket.issues.Issue256Test.runReconnectCloseBlocking[3]
Test started: org.java_websocket.issues.Issue256Test.runReconnectSocketClose[4]
Test finished: org.java_websocket.issues.Issue256Test.runReconnectSocketClose[4]
Test started: org.java_websocket.issues.Issue256Test.runReconnectCloseBlocking[4]
Test finished: org.java_websocket.issues.Issue256Test.runReconnectCloseBlocking[4]
Test started: org.java_websocket.issues.Issue256Test.runReconnectSocketClose[5]
Test finished: org.java_websocket.issues.Issue256Test.runReconnectSocketClose[5]
Test started: org.java_websocket.issues.Issue256Test.runReconnectCloseBlocking[5]
Test finished: org.java_websocket.issues.Issue256Test.runReconnectCloseBlocking[5]
Test started: org.java_websocket.issues.Issue256Test.runReconnectSocketClose[6]
Test finished: org.java_websocket.issues.Issue256Test.runReconnectSocketClose[6]
Test started: org.java_websocket.issues.Issue256Test.runReconnectCloseBlocking[6]
Test finished: org.java_websocket.issues.Issue256Test.runReconnectCloseBlocking[6]
Test started: org.java_websocket.issues.Issue256Test.runReconnectSocketClose[7]
Test finished: org.java_websocket.issues.Issue256Test.runReconnectSocketClose[7]
Test started: org.java_websocket.issues.Issue256Test.runReconnectCloseBlocking[7]
Test finished: org.java_websocket.issues.Issue256Test.runReconnectCloseBlocking[7]
Test started: org.java_websocket.issues.Issue256Test.runReconnectSocketClose[8]
Test finished: org.java_websocket.issues.Issue256Test.runReconnectSocketClose[8]
Test started: org.java_websocket.issues.Issue256Test.runReconnectCloseBlocking[8]
Test finished: org.java_websocket.issues.Issue256Test.runReconnectCloseBlocking[8]
Test started: org.java_websocket.issues.Issue256Test.runReconnectSocketClose[9]
Test finished: org.java_websocket.issues.Issue256Test.runReconnectSocketClose[9]
Test started: org.java_websocket.issues.Issue256Test.runReconnectCloseBlocking[9]
Test finished: org.java_websocket.issues.Issue256Test.runReconnectCloseBlocking[9]
Test started: org.java_websocket.issues.Issue661Test.testIssue
Test finished: org.java_websocket.issues.Issue661Test.testIssue
Test started: org.java_websocket.issues.Issue666Test.testClient
Test finished: org.java_websocket.issues.Issue666Test.testClient
Test started: org.java_websocket.issues.Issue666Test.testServer
Test finished: org.java_websocket.issues.Issue666Test.testServer
Test started: org.java_websocket.issues.Issue677Test.testIssue
Test finished: org.java_websocket.issues.Issue677Test.testIssue
Test started: org.java_websocket.issues.Issue732Test.testIssue
Test finished: org.java_websocket.issues.Issue732Test.testIssue
Test started: org.java_websocket.issues.Issue764Test.testIssue
Test finished: org.java_websocket.issues.Issue764Test.testIssue
Test started: org.java_websocket.issues.Issue765Test.testIssue
Test finished: org.java_websocket.issues.Issue765Test.testIssue
Test started: org.java_websocket.issues.Issue825Test.testIssue
Test finished: org.java_websocket.issues.Issue825Test.testIssue
Test started: org.java_websocket.issues.Issue834Test.testNoNewThreads
Test finished: org.java_websocket.issues.Issue834Test.testNoNewThreads
Test started: org.java_websocket.issues.Issue962Test.testIssue
Test finished: org.java_websocket.issues.Issue962Test.testIssue
Test started: org.java_websocket.exceptions.IncompleteExceptionTest.testConstructor
Test finished: org.java_websocket.exceptions.IncompleteExceptionTest.testConstructor
Test started: org.java_websocket.exceptions.IncompleteHandshakeExceptionTest.testConstructor
Test finished: org.java_websocket.exceptions.IncompleteHandshakeExceptionTest.testConstructor
Test started: org.java_websocket.exceptions.InvalidDataExceptionTest.testConstructor
Test finished: org.java_websocket.exceptions.InvalidDataExceptionTest.testConstructor
Test started: org.java_websocket.exceptions.InvalidEncodingExceptionTest.testConstructor
Test finished: org.java_websocket.exceptions.InvalidEncodingExceptionTest.testConstructor
Test started: org.java_websocket.exceptions.InvalidFrameExceptionTest.testExtends
Test finished: org.java_websocket.exceptions.InvalidFrameExceptionTest.testExtends
Test started: org.java_websocket.exceptions.InvalidFrameExceptionTest.testConstructor
Test finished: org.java_websocket.exceptions.InvalidFrameExceptionTest.testConstructor
Test started: org.java_websocket.exceptions.InvalidHandshakeExceptionTest.testExtends
Test finished: org.java_websocket.exceptions.InvalidHandshakeExceptionTest.testExtends
Test started: org.java_websocket.exceptions.InvalidHandshakeExceptionTest.testConstructor
Test finished: org.java_websocket.exceptions.InvalidHandshakeExceptionTest.testConstructor
Test started: org.java_websocket.exceptions.LimitExceededExceptionTest.testExtends
Test finished: org.java_websocket.exceptions.LimitExceededExceptionTest.testExtends
Test started: org.java_websocket.exceptions.LimitExceededExceptionTest.testConstructor
Test finished: org.java_websocket.exceptions.LimitExceededExceptionTest.testConstructor
Test started: org.java_websocket.exceptions.NotSendableExceptionTest.testConstructor
Test finished: org.java_websocket.exceptions.NotSendableExceptionTest.testConstructor
Test started: org.java_websocket.exceptions.WebsocketNotConnectedExceptionTest.testConstructor
Test finished: org.java_websocket.exceptions.WebsocketNotConnectedExceptionTest.testConstructor
Test started: org.java_websocket.misc.OpeningHandshakeRejectionTest.testHandshakeRejectionTestCase10
Test finished: org.java_websocket.misc.OpeningHandshakeRejectionTest.testHandshakeRejectionTestCase10
Test started: org.java_websocket.misc.OpeningHandshakeRejectionTest.testHandshakeRejectionTestCase11
Test finished: org.java_websocket.misc.OpeningHandshakeRejectionTest.testHandshakeRejectionTestCase11
Test started: org.java_websocket.misc.OpeningHandshakeRejectionTest.testHandshakeRejectionTestCase0
Test finished: org.java_websocket.misc.OpeningHandshakeRejectionTest.testHandshakeRejectionTestCase0
Test started: org.java_websocket.misc.OpeningHandshakeRejectionTest.testHandshakeRejectionTestCase1
Test finished: org.java_websocket.misc.OpeningHandshakeRejectionTest.testHandshakeRejectionTestCase1
Test started: org.java_websocket.misc.OpeningHandshakeRejectionTest.testHandshakeRejectionTestCase2
Test finished: org.java_websocket.misc.OpeningHandshakeRejectionTest.testHandshakeRejectionTestCase2
Test started: org.java_websocket.misc.OpeningHandshakeRejectionTest.testHandshakeRejectionTestCase3
Test finished: org.java_websocket.misc.OpeningHandshakeRejectionTest.testHandshakeRejectionTestCase3
Test started: org.java_websocket.misc.OpeningHandshakeRejectionTest.testHandshakeRejectionTestCase4
Test finished: org.java_websocket.misc.OpeningHandshakeRejectionTest.testHandshakeRejectionTestCase4
Test started: org.java_websocket.misc.OpeningHandshakeRejectionTest.testHandshakeRejectionTestCase5
Test finished: org.java_websocket.misc.OpeningHandshakeRejectionTest.testHandshakeRejectionTestCase5
Test started: org.java_websocket.misc.OpeningHandshakeRejectionTest.testHandshakeRejectionTestCase6
Test finished: org.java_websocket.misc.OpeningHandshakeRejectionTest.testHandshakeRejectionTestCase6
Test started: org.java_websocket.misc.OpeningHandshakeRejectionTest.testHandshakeRejectionTestCase7
Test finished: org.java_websocket.misc.OpeningHandshakeRejectionTest.testHandshakeRejectionTestCase7
Test started: org.java_websocket.misc.OpeningHandshakeRejectionTest.testHandshakeRejectionTestCase8
Test finished: org.java_websocket.misc.OpeningHandshakeRejectionTest.testHandshakeRejectionTestCase8
Test started: org.java_websocket.misc.OpeningHandshakeRejectionTest.testHandshakeRejectionTestCase9
Test finished: org.java_websocket.misc.OpeningHandshakeRejectionTest.testHandshakeRejectionTestCase9
Test started: org.java_websocket.protocols.ProtocolTest.testToString
Test finished: org.java_websocket.protocols.ProtocolTest.testToString
Test started: org.java_websocket.protocols.ProtocolTest.testCopyInstance
Test finished: org.java_websocket.protocols.ProtocolTest.testCopyInstance
Test started: org.java_websocket.protocols.ProtocolTest.testAcceptProvidedProtocol
Test finished: org.java_websocket.protocols.ProtocolTest.testAcceptProvidedProtocol
Test started: org.java_websocket.protocols.ProtocolTest.testHashCode
Test finished: org.java_websocket.protocols.ProtocolTest.testHashCode
Test started: org.java_websocket.protocols.ProtocolTest.testGetProvidedProtocol
Test finished: org.java_websocket.protocols.ProtocolTest.testGetProvidedProtocol
Test started: org.java_websocket.protocols.ProtocolTest.testEquals
Test finished: org.java_websocket.protocols.ProtocolTest.testEquals
Test started: org.java_websocket.protocols.ProtocolTest.testConstructor
Test finished: org.java_websocket.protocols.ProtocolTest.testConstructor
Test started: org.java_websocket.protocols.ProtocolHandshakeRejectionTest.testHandshakeRejectionTestCase10
Test finished: org.java_websocket.protocols.ProtocolHandshakeRejectionTest.testHandshakeRejectionTestCase10
Test started: org.java_websocket.protocols.ProtocolHandshakeRejectionTest.testHandshakeRejectionTestCase11
Test finished: org.java_websocket.protocols.ProtocolHandshakeRejectionTest.testHandshakeRejectionTestCase11
Test started: org.java_websocket.protocols.ProtocolHandshakeRejectionTest.testHandshakeRejectionTestCase12
Test finished: org.java_websocket.protocols.ProtocolHandshakeRejectionTest.testHandshakeRejectionTestCase12
Test started: org.java_websocket.protocols.ProtocolHandshakeRejectionTest.testHandshakeRejectionTestCase13
Test finished: org.java_websocket.protocols.ProtocolHandshakeRejectionTest.testHandshakeRejectionTestCase13
Test started: org.java_websocket.protocols.ProtocolHandshakeRejectionTest.testHandshakeRejectionTestCase14
Test finished: org.java_websocket.protocols.ProtocolHandshakeRejectionTest.testHandshakeRejectionTestCase14
Test started: org.java_websocket.protocols.ProtocolHandshakeRejectionTest.testHandshakeRejectionTestCase15
Test finished: org.java_websocket.protocols.ProtocolHandshakeRejectionTest.testHandshakeRejectionTestCase15
Test started: org.java_websocket.protocols.ProtocolHandshakeRejectionTest.testHandshakeRejectionTestCase16
Test finished: org.java_websocket.protocols.ProtocolHandshakeRejectionTest.testHandshakeRejectionTestCase16
Test started: org.java_websocket.protocols.ProtocolHandshakeRejectionTest.testHandshakeRejectionTestCase17
Test finished: org.java_websocket.protocols.ProtocolHandshakeRejectionTest.testHandshakeRejectionTestCase17
Test started: org.java_websocket.protocols.ProtocolHandshakeRejectionTest.testHandshakeRejectionTestCase18
Test finished: org.java_websocket.protocols.ProtocolHandshakeRejectionTest.testHandshakeRejectionTestCase18
Test started: org.java_websocket.protocols.ProtocolHandshakeRejectionTest.testHandshakeRejectionTestCase19
Test finished: org.java_websocket.protocols.ProtocolHandshakeRejectionTest.testHandshakeRejectionTestCase19
Test started: org.java_websocket.protocols.ProtocolHandshakeRejectionTest.testHandshakeRejectionTestCase20
Test finished: org.java_websocket.protocols.ProtocolHandshakeRejectionTest.testHandshakeRejectionTestCase20
Test started: org.java_websocket.protocols.ProtocolHandshakeRejectionTest.testHandshakeRejectionTestCase21
Test finished: org.java_websocket.protocols.ProtocolHandshakeRejectionTest.testHandshakeRejectionTestCase21
Test started: org.java_websocket.protocols.ProtocolHandshakeRejectionTest.testHandshakeRejectionTestCase22
Test finished: org.java_websocket.protocols.ProtocolHandshakeRejectionTest.testHandshakeRejectionTestCase22
Test started: org.java_websocket.protocols.ProtocolHandshakeRejectionTest.testHandshakeRejectionTestCase23
Test finished: org.java_websocket.protocols.ProtocolHandshakeRejectionTest.testHandshakeRejectionTestCase23
Test started: org.java_websocket.protocols.ProtocolHandshakeRejectionTest.testHandshakeRejectionTestCase24
Test finished: org.java_websocket.protocols.ProtocolHandshakeRejectionTest.testHandshakeRejectionTestCase24
Test started: org.java_websocket.protocols.ProtocolHandshakeRejectionTest.testHandshakeRejectionTestCase25
Test finished: org.java_websocket.protocols.ProtocolHandshakeRejectionTest.testHandshakeRejectionTestCase25
Test started: org.java_websocket.protocols.ProtocolHandshakeRejectionTest.testHandshakeRejectionTestCase26
Test finished: org.java_websocket.protocols.ProtocolHandshakeRejectionTest.testHandshakeRejectionTestCase26
Test started: org.java_websocket.protocols.ProtocolHandshakeRejectionTest.testHandshakeRejectionTestCase27
Test finished: org.java_websocket.protocols.ProtocolHandshakeRejectionTest.testHandshakeRejectionTestCase27
Test started: org.java_websocket.protocols.ProtocolHandshakeRejectionTest.testHandshakeRejectionTestCase28
Test finished: org.java_websocket.protocols.ProtocolHandshakeRejectionTest.testHandshakeRejectionTestCase28
Test started: org.java_websocket.protocols.ProtocolHandshakeRejectionTest.testHandshakeRejectionTestCase29
Test finished: org.java_websocket.protocols.ProtocolHandshakeRejectionTest.testHandshakeRejectionTestCase29
Test started: org.java_websocket.protocols.ProtocolHandshakeRejectionTest.testHandshakeRejectionTestCase1
Test finished: org.java_websocket.protocols.ProtocolHandshakeRejectionTest.testHandshakeRejectionTestCase1
Test started: org.java_websocket.protocols.ProtocolHandshakeRejectionTest.testHandshakeRejectionTestCase2
Test finished: org.java_websocket.protocols.ProtocolHandshakeRejectionTest.testHandshakeRejectionTestCase2
Test started: org.java_websocket.protocols.ProtocolHandshakeRejectionTest.testHandshakeRejectionTestCase3
Test finished: org.java_websocket.protocols.ProtocolHandshakeRejectionTest.testHandshakeRejectionTestCase3
Test started: org.java_websocket.protocols.ProtocolHandshakeRejectionTest.testHandshakeRejectionTestCase4
Test finished: org.java_websocket.protocols.ProtocolHandshakeRejectionTest.testHandshakeRejectionTestCase4
Test started: org.java_websocket.protocols.ProtocolHandshakeRejectionTest.testHandshakeRejectionTestCase5
Test finished: org.java_websocket.protocols.ProtocolHandshakeRejectionTest.testHandshakeRejectionTestCase5
Test started: org.java_websocket.protocols.ProtocolHandshakeRejectionTest.testHandshakeRejectionTestCase6
Test finished: org.java_websocket.protocols.ProtocolHandshakeRejectionTest.testHandshakeRejectionTestCase6
Test started: org.java_websocket.protocols.ProtocolHandshakeRejectionTest.testHandshakeRejectionTestCase7
Test finished: org.java_websocket.protocols.ProtocolHandshakeRejectionTest.testHandshakeRejectionTestCase7
Test started: org.java_websocket.protocols.ProtocolHandshakeRejectionTest.testHandshakeRejectionTestCase8
Test finished: org.java_websocket.protocols.ProtocolHandshakeRejectionTest.testHandshakeRejectionTestCase8
Test started: org.java_websocket.protocols.ProtocolHandshakeRejectionTest.testHandshakeRejectionTestCase9
Test finished: org.java_websocket.protocols.ProtocolHandshakeRejectionTest.testHandshakeRejectionTestCase9
Test started: org.java_websocket.protocols.ProtocolHandshakeRejectionTest.testProtocolRejectionTestCase0
Test finished: org.java_websocket.protocols.ProtocolHandshakeRejectionTest.testProtocolRejectionTestCase0
Test started: org.java_websocket.framing.BinaryFrameTest.testExtends
Test finished: org.java_websocket.framing.BinaryFrameTest.testExtends
Test started: org.java_websocket.framing.BinaryFrameTest.testIsValid
Test finished: org.java_websocket.framing.BinaryFrameTest.testIsValid
Test started: org.java_websocket.framing.BinaryFrameTest.testConstructor
Test finished: org.java_websocket.framing.BinaryFrameTest.testConstructor
Test started: org.java_websocket.framing.PingFrameTest.testExtends
Test finished: org.java_websocket.framing.PingFrameTest.testExtends
Test started: org.java_websocket.framing.PingFrameTest.testIsValid
Test finished: org.java_websocket.framing.PingFrameTest.testIsValid
Test started: org.java_websocket.framing.PingFrameTest.testConstructor
Test finished: org.java_websocket.framing.PingFrameTest.testConstructor
Test started: org.java_websocket.framing.PongFrameTest.testExtends
Test finished: org.java_websocket.framing.PongFrameTest.testExtends
Test started: org.java_websocket.framing.PongFrameTest.testCopyConstructor
Test finished: org.java_websocket.framing.PongFrameTest.testCopyConstructor
Test started: org.java_websocket.framing.PongFrameTest.testIsValid
Test finished: org.java_websocket.framing.PongFrameTest.testIsValid
Test started: org.java_websocket.framing.PongFrameTest.testConstructor
Test finished: org.java_websocket.framing.PongFrameTest.testConstructor
Test started: org.java_websocket.framing.CloseFrameTest.testExtends
Test finished: org.java_websocket.framing.CloseFrameTest.testExtends
Test started: org.java_websocket.framing.CloseFrameTest.testToString
Test finished: org.java_websocket.framing.CloseFrameTest.testToString
Test started: org.java_websocket.framing.CloseFrameTest.testIsValid
Test finished: org.java_websocket.framing.CloseFrameTest.testIsValid
Test started: org.java_websocket.framing.CloseFrameTest.testConstructor
Test finished: org.java_websocket.framing.CloseFrameTest.testConstructor
Test started: org.java_websocket.framing.TextFrameTest.testExtends
Test finished: org.java_websocket.framing.TextFrameTest.testExtends
Test started: org.java_websocket.framing.TextFrameTest.testIsValid
Test finished: org.java_websocket.framing.TextFrameTest.testIsValid
Test started: org.java_websocket.framing.TextFrameTest.testConstructor
Test finished: org.java_websocket.framing.TextFrameTest.testConstructor
Test started: org.java_websocket.framing.ContinuousFrameTest.testExtends
Test finished: org.java_websocket.framing.ContinuousFrameTest.testExtends
Test started: org.java_websocket.framing.ContinuousFrameTest.testIsValid
Test finished: org.java_websocket.framing.ContinuousFrameTest.testIsValid
Test started: org.java_websocket.framing.ContinuousFrameTest.testConstructor
Test finished: org.java_websocket.framing.ContinuousFrameTest.testConstructor
Test started: org.java_websocket.framing.FramedataImpl1Test.testGet
Test finished: org.java_websocket.framing.FramedataImpl1Test.testGet
Test started: org.java_websocket.framing.FramedataImpl1Test.testDefaultValues
Test finished: org.java_websocket.framing.FramedataImpl1Test.testDefaultValues
Test started: org.java_websocket.framing.FramedataImpl1Test.testAppend
Test finished: org.java_websocket.framing.FramedataImpl1Test.testAppend
Test started: org.java_websocket.framing.FramedataImpl1Test.testSetters
Test finished: org.java_websocket.framing.FramedataImpl1Test.testSetters
Test started: org.java_websocket.client.AttachmentTest.testDefaultValue
Test finished: org.java_websocket.client.AttachmentTest.testDefaultValue
Test started: org.java_websocket.client.AttachmentTest.testSetter
Test finished: org.java_websocket.client.AttachmentTest.testSetter
Test started: org.java_websocket.client.SchemaCheckTest.testSchemaCheck
Test finished: org.java_websocket.client.SchemaCheckTest.testSchemaCheck
Test started: org.java_websocket.client.HeadersTest.testHttpHeaders
Test finished: org.java_websocket.client.HeadersTest.testHttpHeaders
Test started: org.java_websocket.client.HeadersTest.test_Add_RemoveHeaders
Test finished: org.java_websocket.client.HeadersTest.test_Add_RemoveHeaders
Test started: org.java_websocket.client.HeadersTest.testGetURI
Test finished: org.java_websocket.client.HeadersTest.testGetURI
Test started: org.java_websocket.client.AttachmentTest.testDefaultValue
Test finished: org.java_websocket.client.AttachmentTest.testDefaultValue
Test started: org.java_websocket.client.AttachmentTest.testSetter
Test finished: org.java_websocket.client.AttachmentTest.testSetter
Test started: org.java_websocket.client.HeadersTest.testHttpHeaders
Test finished: org.java_websocket.client.HeadersTest.testHttpHeaders
Test started: org.java_websocket.client.HeadersTest.test_Add_RemoveHeaders
Test finished: org.java_websocket.client.HeadersTest.test_Add_RemoveHeaders
Test started: org.java_websocket.client.HeadersTest.testGetURI
Test finished: org.java_websocket.client.HeadersTest.testGetURI
Test started: org.java_websocket.client.SchemaCheckTest.testSchemaCheck
Test finished: org.java_websocket.client.SchemaCheckTest.testSchemaCheck
Test started: org.java_websocket.drafts.Draft_6455Test.testReset
Test finished: org.java_websocket.drafts.Draft_6455Test.testReset
Test started: org.java_websocket.drafts.Draft_6455Test.createFramesBinary
Test finished: org.java_websocket.drafts.Draft_6455Test.createFramesBinary
Test started: org.java_websocket.drafts.Draft_6455Test.testToString
Test finished: org.java_websocket.drafts.Draft_6455Test.testToString
Test started: org.java_websocket.drafts.Draft_6455Test.testCopyInstance
Test finished: org.java_websocket.drafts.Draft_6455Test.testCopyInstance
Test started: org.java_websocket.drafts.Draft_6455Test.postProcessHandshakeRequestAsClient
Test finished: org.java_websocket.drafts.Draft_6455Test.postProcessHandshakeRequestAsClient
Test started: org.java_websocket.drafts.Draft_6455Test.testGetExtension
Test finished: org.java_websocket.drafts.Draft_6455Test.testGetExtension
Test started: org.java_websocket.drafts.Draft_6455Test.testGetProtocol
Test finished: org.java_websocket.drafts.Draft_6455Test.testGetProtocol
Test started: org.java_websocket.drafts.Draft_6455Test.testGetKnownExtensions
Test finished: org.java_websocket.drafts.Draft_6455Test.testGetKnownExtensions
Test started: org.java_websocket.drafts.Draft_6455Test.testGetKnownProtocols
Test finished: org.java_websocket.drafts.Draft_6455Test.testGetKnownProtocols
Test started: org.java_websocket.drafts.Draft_6455Test.testHashCode
Test finished: org.java_websocket.drafts.Draft_6455Test.testHashCode
Test started: org.java_websocket.drafts.Draft_6455Test.postProcessHandshakeResponseAsServer
Test finished: org.java_websocket.drafts.Draft_6455Test.postProcessHandshakeResponseAsServer
Test started: org.java_websocket.drafts.Draft_6455Test.testEquals
Test finished: org.java_websocket.drafts.Draft_6455Test.testEquals
Test started: org.java_websocket.drafts.Draft_6455Test.acceptHandshakeAsClient
Test finished: org.java_websocket.drafts.Draft_6455Test.acceptHandshakeAsClient
Test started: org.java_websocket.drafts.Draft_6455Test.createFramesText
Test finished: org.java_websocket.drafts.Draft_6455Test.createFramesText
Test started: org.java_websocket.drafts.Draft_6455Test.testGetCloseHandshakeType
Test finished: org.java_websocket.drafts.Draft_6455Test.testGetCloseHandshakeType
Test started: org.java_websocket.drafts.Draft_6455Test.acceptHandshakeAsServer
Test finished: org.java_websocket.drafts.Draft_6455Test.acceptHandshakeAsServer
Test started: org.java_websocket.drafts.Draft_6455Test.testConstructor
Test finished: org.java_websocket.drafts.Draft_6455Test.testConstructor
Test started: org.java_websocket.drafts.Draft_6455Test.testReset
Test finished: org.java_websocket.drafts.Draft_6455Test.testReset
Test started: org.java_websocket.drafts.Draft_6455Test.createFramesBinary
Test finished: org.java_websocket.drafts.Draft_6455Test.createFramesBinary
Test started: org.java_websocket.drafts.Draft_6455Test.testToString
Test finished: org.java_websocket.drafts.Draft_6455Test.testToString
Test started: org.java_websocket.drafts.Draft_6455Test.testCopyInstance
Test finished: org.java_websocket.drafts.Draft_6455Test.testCopyInstance
Test started: org.java_websocket.drafts.Draft_6455Test.postProcessHandshakeRequestAsClient
Test finished: org.java_websocket.drafts.Draft_6455Test.postProcessHandshakeRequestAsClient
Test started: org.java_websocket.drafts.Draft_6455Test.testGetExtension
Test finished: org.java_websocket.drafts.Draft_6455Test.testGetExtension
Test started: org.java_websocket.drafts.Draft_6455Test.testGetProtocol
Test finished: org.java_websocket.drafts.Draft_6455Test.testGetProtocol
Test started: org.java_websocket.drafts.Draft_6455Test.testGetKnownExtensions
Test finished: org.java_websocket.drafts.Draft_6455Test.testGetKnownExtensions
Test started: org.java_websocket.drafts.Draft_6455Test.testGetKnownProtocols
Test finished: org.java_websocket.drafts.Draft_6455Test.testGetKnownProtocols
Test started: org.java_websocket.drafts.Draft_6455Test.testHashCode
Test finished: org.java_websocket.drafts.Draft_6455Test.testHashCode
Test started: org.java_websocket.drafts.Draft_6455Test.postProcessHandshakeResponseAsServer
Test finished: org.java_websocket.drafts.Draft_6455Test.postProcessHandshakeResponseAsServer
Test started: org.java_websocket.drafts.Draft_6455Test.testEquals
Test finished: org.java_websocket.drafts.Draft_6455Test.testEquals
Test started: org.java_websocket.drafts.Draft_6455Test.acceptHandshakeAsClient
Test finished: org.java_websocket.drafts.Draft_6455Test.acceptHandshakeAsClient
Test started: org.java_websocket.drafts.Draft_6455Test.createFramesText
Test finished: org.java_websocket.drafts.Draft_6455Test.createFramesText
Test started: org.java_websocket.drafts.Draft_6455Test.testGetCloseHandshakeType
Test finished: org.java_websocket.drafts.Draft_6455Test.testGetCloseHandshakeType
Test started: org.java_websocket.drafts.Draft_6455Test.acceptHandshakeAsServer
Test finished: org.java_websocket.drafts.Draft_6455Test.acceptHandshakeAsServer
Test started: org.java_websocket.drafts.Draft_6455Test.testConstructor
Test finished: org.java_websocket.drafts.Draft_6455Test.testConstructor
Test started: org.java_websocket.exceptions.IncompleteExceptionTest.testConstructor
Test finished: org.java_websocket.exceptions.IncompleteExceptionTest.testConstructor
Test started: org.java_websocket.exceptions.IncompleteHandshakeExceptionTest.testConstructor
Test finished: org.java_websocket.exceptions.IncompleteHandshakeExceptionTest.testConstructor
Test started: org.java_websocket.exceptions.InvalidDataExceptionTest.testConstructor
Test finished: org.java_websocket.exceptions.InvalidDataExceptionTest.testConstructor
Test started: org.java_websocket.exceptions.InvalidEncodingExceptionTest.testConstructor
Test finished: org.java_websocket.exceptions.InvalidEncodingExceptionTest.testConstructor
Test started: org.java_websocket.exceptions.InvalidFrameExceptionTest.testExtends
Test finished: org.java_websocket.exceptions.InvalidFrameExceptionTest.testExtends
Test started: org.java_websocket.exceptions.InvalidFrameExceptionTest.testConstructor
Test finished: org.java_websocket.exceptions.InvalidFrameExceptionTest.testConstructor
Test started: org.java_websocket.exceptions.InvalidHandshakeExceptionTest.testExtends
Test finished: org.java_websocket.exceptions.InvalidHandshakeExceptionTest.testExtends
Test started: org.java_websocket.exceptions.InvalidHandshakeExceptionTest.testConstructor
Test finished: org.java_websocket.exceptions.InvalidHandshakeExceptionTest.testConstructor
Test started: org.java_websocket.exceptions.LimitExceededExceptionTest.testExtends
Test finished: org.java_websocket.exceptions.LimitExceededExceptionTest.testExtends
Test started: org.java_websocket.exceptions.LimitExceededExceptionTest.testConstructor
Test finished: org.java_websocket.exceptions.LimitExceededExceptionTest.testConstructor
Test started: org.java_websocket.exceptions.NotSendableExceptionTest.testConstructor
Test finished: org.java_websocket.exceptions.NotSendableExceptionTest.testConstructor
Test started: org.java_websocket.exceptions.WebsocketNotConnectedExceptionTest.testConstructor
Test finished: org.java_websocket.exceptions.WebsocketNotConnectedExceptionTest.testConstructor
Test started: org.java_websocket.exceptions.IncompleteExceptionTest.testConstructor
Test finished: org.java_websocket.exceptions.IncompleteExceptionTest.testConstructor
Test started: org.java_websocket.exceptions.IncompleteHandshakeExceptionTest.testConstructor
Test finished: org.java_websocket.exceptions.IncompleteHandshakeExceptionTest.testConstructor
Test started: org.java_websocket.exceptions.InvalidDataExceptionTest.testConstructor
Test finished: org.java_websocket.exceptions.InvalidDataExceptionTest.testConstructor
Test started: org.java_websocket.exceptions.InvalidEncodingExceptionTest.testConstructor
Test finished: org.java_websocket.exceptions.InvalidEncodingExceptionTest.testConstructor
Test started: org.java_websocket.exceptions.InvalidFrameExceptionTest.testExtends
Test finished: org.java_websocket.exceptions.InvalidFrameExceptionTest.testExtends
Test started: org.java_websocket.exceptions.InvalidFrameExceptionTest.testConstructor
Test finished: org.java_websocket.exceptions.InvalidFrameExceptionTest.testConstructor
Test started: org.java_websocket.exceptions.InvalidHandshakeExceptionTest.testExtends
Test finished: org.java_websocket.exceptions.InvalidHandshakeExceptionTest.testExtends
Test started: org.java_websocket.exceptions.InvalidHandshakeExceptionTest.testConstructor
Test finished: org.java_websocket.exceptions.InvalidHandshakeExceptionTest.testConstructor
Test started: org.java_websocket.exceptions.LimitExceededExceptionTest.testExtends
Test finished: org.java_websocket.exceptions.LimitExceededExceptionTest.testExtends
Test started: org.java_websocket.exceptions.LimitExceededExceptionTest.testConstructor
Test finished: org.java_websocket.exceptions.LimitExceededExceptionTest.testConstructor
Test started: org.java_websocket.exceptions.NotSendableExceptionTest.testConstructor
Test finished: org.java_websocket.exceptions.NotSendableExceptionTest.testConstructor
Test started: org.java_websocket.exceptions.WebsocketNotConnectedExceptionTest.testConstructor
Test finished: org.java_websocket.exceptions.WebsocketNotConnectedExceptionTest.testConstructor
Test started: org.java_websocket.extensions.DefaultExtensionTest.testIsFrameValid
Test finished: org.java_websocket.extensions.DefaultExtensionTest.testIsFrameValid
Test started: org.java_websocket.extensions.DefaultExtensionTest.testToString
Test finished: org.java_websocket.extensions.DefaultExtensionTest.testToString
Test started: org.java_websocket.extensions.DefaultExtensionTest.testCopyInstance
Test finished: org.java_websocket.extensions.DefaultExtensionTest.testCopyInstance
Test started: org.java_websocket.extensions.DefaultExtensionTest.testGetProvidedExtensionAsClient
Test finished: org.java_websocket.extensions.DefaultExtensionTest.testGetProvidedExtensionAsClient
Test started: org.java_websocket.extensions.DefaultExtensionTest.testDecodeFrame
Test finished: org.java_websocket.extensions.DefaultExtensionTest.testDecodeFrame
Test started: org.java_websocket.extensions.DefaultExtensionTest.testGetProvidedExtensionAsServer
Test finished: org.java_websocket.extensions.DefaultExtensionTest.testGetProvidedExtensionAsServer
Test started: org.java_websocket.extensions.DefaultExtensionTest.testHashCode
Test finished: org.java_websocket.extensions.DefaultExtensionTest.testHashCode
Test started: org.java_websocket.extensions.DefaultExtensionTest.testAcceptProvidedExtensionAsClient
Test finished: org.java_websocket.extensions.DefaultExtensionTest.testAcceptProvidedExtensionAsClient
Test started: org.java_websocket.extensions.DefaultExtensionTest.testEncodeFrame
Test finished: org.java_websocket.extensions.DefaultExtensionTest.testEncodeFrame
Test started: org.java_websocket.extensions.DefaultExtensionTest.testEquals
Test finished: org.java_websocket.extensions.DefaultExtensionTest.testEquals
Test started: org.java_websocket.extensions.DefaultExtensionTest.testAcceptProvidedExtensionAsServer
Test finished: org.java_websocket.extensions.DefaultExtensionTest.testAcceptProvidedExtensionAsServer
Test started: org.java_websocket.extensions.CompressionExtensionTest.testIsFrameValid
Test finished: org.java_websocket.extensions.CompressionExtensionTest.testIsFrameValid
Test started: org.java_websocket.extensions.CompressionExtensionTest.testIsFrameValid
Test finished: org.java_websocket.extensions.CompressionExtensionTest.testIsFrameValid
Test started: org.java_websocket.extensions.DefaultExtensionTest.testIsFrameValid
Test finished: org.java_websocket.extensions.DefaultExtensionTest.testIsFrameValid
Test started: org.java_websocket.extensions.DefaultExtensionTest.testToString
Test finished: org.java_websocket.extensions.DefaultExtensionTest.testToString
Test started: org.java_websocket.extensions.DefaultExtensionTest.testCopyInstance
Test finished: org.java_websocket.extensions.DefaultExtensionTest.testCopyInstance
Test started: org.java_websocket.extensions.DefaultExtensionTest.testGetProvidedExtensionAsClient
Test finished: org.java_websocket.extensions.DefaultExtensionTest.testGetProvidedExtensionAsClient
Test started: org.java_websocket.extensions.DefaultExtensionTest.testDecodeFrame
Test finished: org.java_websocket.extensions.DefaultExtensionTest.testDecodeFrame
Test started: org.java_websocket.extensions.DefaultExtensionTest.testGetProvidedExtensionAsServer
Test finished: org.java_websocket.extensions.DefaultExtensionTest.testGetProvidedExtensionAsServer
Test started: org.java_websocket.extensions.DefaultExtensionTest.testHashCode
Test finished: org.java_websocket.extensions.DefaultExtensionTest.testHashCode
Test started: org.java_websocket.extensions.DefaultExtensionTest.testAcceptProvidedExtensionAsClient
Test finished: org.java_websocket.extensions.DefaultExtensionTest.testAcceptProvidedExtensionAsClient
Test started: org.java_websocket.extensions.DefaultExtensionTest.testEncodeFrame
Test finished: org.java_websocket.extensions.DefaultExtensionTest.testEncodeFrame
Test started: org.java_websocket.extensions.DefaultExtensionTest.testEquals
Test finished: org.java_websocket.extensions.DefaultExtensionTest.testEquals
Test started: org.java_websocket.extensions.DefaultExtensionTest.testAcceptProvidedExtensionAsServer
Test finished: org.java_websocket.extensions.DefaultExtensionTest.testAcceptProvidedExtensionAsServer
Test started: org.java_websocket.extensions.PerMessageDeflateExtensionTest.testIsServerNoContextTakeover
Test finished: org.java_websocket.extensions.PerMessageDeflateExtensionTest.testIsServerNoContextTakeover
Test started: org.java_websocket.extensions.PerMessageDeflateExtensionTest.testIsFrameValid
Test finished: org.java_websocket.extensions.PerMessageDeflateExtensionTest.testIsFrameValid
Test started: org.java_websocket.extensions.PerMessageDeflateExtensionTest.testToString
Test finished: org.java_websocket.extensions.PerMessageDeflateExtensionTest.testToString
Test started: org.java_websocket.extensions.PerMessageDeflateExtensionTest.testCopyInstance
Test finished: org.java_websocket.extensions.PerMessageDeflateExtensionTest.testCopyInstance
Test started: org.java_websocket.extensions.PerMessageDeflateExtensionTest.testSetClientNoContextTakeover
Test finished: org.java_websocket.extensions.PerMessageDeflateExtensionTest.testSetClientNoContextTakeover
Test started: org.java_websocket.extensions.PerMessageDeflateExtensionTest.testSetServerNoContextTakeover
Test finished: org.java_websocket.extensions.PerMessageDeflateExtensionTest.testSetServerNoContextTakeover
Test started: org.java_websocket.extensions.PerMessageDeflateExtensionTest.testDecodeFrameIfRSVIsNotSet
Test finished: org.java_websocket.extensions.PerMessageDeflateExtensionTest.testDecodeFrameIfRSVIsNotSet
Test started: org.java_websocket.extensions.PerMessageDeflateExtensionTest.testGetProvidedExtensionAsClient
Test finished: org.java_websocket.extensions.PerMessageDeflateExtensionTest.testGetProvidedExtensionAsClient
Test started: org.java_websocket.extensions.PerMessageDeflateExtensionTest.testDecodeFrame
Test finished: org.java_websocket.extensions.PerMessageDeflateExtensionTest.testDecodeFrame
Test started: org.java_websocket.extensions.PerMessageDeflateExtensionTest.testGetProvidedExtensionAsServer
Test finished: org.java_websocket.extensions.PerMessageDeflateExtensionTest.testGetProvidedExtensionAsServer
Test started: org.java_websocket.extensions.PerMessageDeflateExtensionTest.testEncodeFrameBelowThreshold
Test finished: org.java_websocket.extensions.PerMessageDeflateExtensionTest.testEncodeFrameBelowThreshold
Test started: org.java_websocket.extensions.PerMessageDeflateExtensionTest.testAcceptProvidedExtensionAsClient
Test finished: org.java_websocket.extensions.PerMessageDeflateExtensionTest.testAcceptProvidedExtensionAsClient
Test started: org.java_websocket.extensions.PerMessageDeflateExtensionTest.testEncodeFrame
Test finished: org.java_websocket.extensions.PerMessageDeflateExtensionTest.testEncodeFrame
Test started: org.java_websocket.extensions.PerMessageDeflateExtensionTest.testSetInflater
Test finished: org.java_websocket.extensions.PerMessageDeflateExtensionTest.testSetInflater
Test started: org.java_websocket.extensions.PerMessageDeflateExtensionTest.testGetInflater
Test finished: org.java_websocket.extensions.PerMessageDeflateExtensionTest.testGetInflater
Test started: org.java_websocket.extensions.PerMessageDeflateExtensionTest.testAcceptProvidedExtensionAsServer
Test finished: org.java_websocket.extensions.PerMessageDeflateExtensionTest.testAcceptProvidedExtensionAsServer
Test started: org.java_websocket.extensions.PerMessageDeflateExtensionTest.testSetDeflater
Test finished: org.java_websocket.extensions.PerMessageDeflateExtensionTest.testSetDeflater
Test started: org.java_websocket.extensions.PerMessageDeflateExtensionTest.testGetDeflater
Test finished: org.java_websocket.extensions.PerMessageDeflateExtensionTest.testGetDeflater
Test started: org.java_websocket.extensions.PerMessageDeflateExtensionTest.testIsClientNoContextTakeover
Test finished: org.java_websocket.extensions.PerMessageDeflateExtensionTest.testIsClientNoContextTakeover
Test started: org.java_websocket.framing.BinaryFrameTest.testExtends
Test finished: org.java_websocket.framing.BinaryFrameTest.testExtends
Test started: org.java_websocket.framing.BinaryFrameTest.testIsValid
Test finished: org.java_websocket.framing.BinaryFrameTest.testIsValid
Test started: org.java_websocket.framing.BinaryFrameTest.testConstructor
Test finished: org.java_websocket.framing.BinaryFrameTest.testConstructor
Test started: org.java_websocket.framing.PingFrameTest.testExtends
Test finished: org.java_websocket.framing.PingFrameTest.testExtends
Test started: org.java_websocket.framing.PingFrameTest.testIsValid
Test finished: org.java_websocket.framing.PingFrameTest.testIsValid
Test started: org.java_websocket.framing.PingFrameTest.testConstructor
Test finished: org.java_websocket.framing.PingFrameTest.testConstructor
Test started: org.java_websocket.framing.PongFrameTest.testExtends
Test finished: org.java_websocket.framing.PongFrameTest.testExtends
Test started: org.java_websocket.framing.PongFrameTest.testCopyConstructor
Test finished: org.java_websocket.framing.PongFrameTest.testCopyConstructor
Test started: org.java_websocket.framing.PongFrameTest.testIsValid
Test finished: org.java_websocket.framing.PongFrameTest.testIsValid
Test started: org.java_websocket.framing.PongFrameTest.testConstructor
Test finished: org.java_websocket.framing.PongFrameTest.testConstructor
Test started: org.java_websocket.framing.CloseFrameTest.testExtends
Test finished: org.java_websocket.framing.CloseFrameTest.testExtends
Test started: org.java_websocket.framing.CloseFrameTest.testToString
Test finished: org.java_websocket.framing.CloseFrameTest.testToString
Test started: org.java_websocket.framing.CloseFrameTest.testIsValid
Test finished: org.java_websocket.framing.CloseFrameTest.testIsValid
Test started: org.java_websocket.framing.CloseFrameTest.testConstructor
Test finished: org.java_websocket.framing.CloseFrameTest.testConstructor
Test started: org.java_websocket.framing.TextFrameTest.testExtends
Test finished: org.java_websocket.framing.TextFrameTest.testExtends
Test started: org.java_websocket.framing.TextFrameTest.testIsValid
Test finished: org.java_websocket.framing.TextFrameTest.testIsValid
Test started: org.java_websocket.framing.TextFrameTest.testConstructor
Test finished: org.java_websocket.framing.TextFrameTest.testConstructor
Test started: org.java_websocket.framing.ContinuousFrameTest.testExtends
Test finished: org.java_websocket.framing.ContinuousFrameTest.testExtends
Test started: org.java_websocket.framing.ContinuousFrameTest.testIsValid
Test finished: org.java_websocket.framing.ContinuousFrameTest.testIsValid
Test started: org.java_websocket.framing.ContinuousFrameTest.testConstructor
Test finished: org.java_websocket.framing.ContinuousFrameTest.testConstructor
Test started: org.java_websocket.framing.FramedataImpl1Test.testGet
Test finished: org.java_websocket.framing.FramedataImpl1Test.testGet
Test started: org.java_websocket.framing.FramedataImpl1Test.testDefaultValues
Test finished: org.java_websocket.framing.FramedataImpl1Test.testDefaultValues
Test started: org.java_websocket.framing.FramedataImpl1Test.testAppend
Test finished: org.java_websocket.framing.FramedataImpl1Test.testAppend
Test started: org.java_websocket.framing.FramedataImpl1Test.testSetters
Test finished: org.java_websocket.framing.FramedataImpl1Test.testSetters
Test started: org.java_websocket.framing.BinaryFrameTest.testExtends
Test finished: org.java_websocket.framing.BinaryFrameTest.testExtends
Test started: org.java_websocket.framing.BinaryFrameTest.testIsValid
Test finished: org.java_websocket.framing.BinaryFrameTest.testIsValid
Test started: org.java_websocket.framing.BinaryFrameTest.testConstructor
Test finished: org.java_websocket.framing.BinaryFrameTest.testConstructor
Test started: org.java_websocket.framing.CloseFrameTest.testExtends
Test finished: org.java_websocket.framing.CloseFrameTest.testExtends
Test started: org.java_websocket.framing.CloseFrameTest.testToString
Test finished: org.java_websocket.framing.CloseFrameTest.testToString
Test started: org.java_websocket.framing.CloseFrameTest.testIsValid
Test finished: org.java_websocket.framing.CloseFrameTest.testIsValid
Test started: org.java_websocket.framing.CloseFrameTest.testConstructor
Test finished: org.java_websocket.framing.CloseFrameTest.testConstructor
Test started: org.java_websocket.framing.ContinuousFrameTest.testExtends
Test finished: org.java_websocket.framing.ContinuousFrameTest.testExtends
Test started: org.java_websocket.framing.ContinuousFrameTest.testIsValid
Test finished: org.java_websocket.framing.ContinuousFrameTest.testIsValid
Test started: org.java_websocket.framing.ContinuousFrameTest.testConstructor
Test finished: org.java_websocket.framing.ContinuousFrameTest.testConstructor
Test started: org.java_websocket.framing.FramedataImpl1Test.testGet
Test finished: org.java_websocket.framing.FramedataImpl1Test.testGet
Test started: org.java_websocket.framing.FramedataImpl1Test.testDefaultValues
Test finished: org.java_websocket.framing.FramedataImpl1Test.testDefaultValues
Test started: org.java_websocket.framing.FramedataImpl1Test.testAppend
Test finished: org.java_websocket.framing.FramedataImpl1Test.testAppend
Test started: org.java_websocket.framing.FramedataImpl1Test.testSetters
Test finished: org.java_websocket.framing.FramedataImpl1Test.testSetters
Test started: org.java_websocket.framing.PingFrameTest.testExtends
Test finished: org.java_websocket.framing.PingFrameTest.testExtends
Test started: org.java_websocket.framing.PingFrameTest.testIsValid
Test finished: org.java_websocket.framing.PingFrameTest.testIsValid
Test started: org.java_websocket.framing.PingFrameTest.testConstructor
Test finished: org.java_websocket.framing.PingFrameTest.testConstructor
Test started: org.java_websocket.framing.PongFrameTest.testExtends
Test finished: org.java_websocket.framing.PongFrameTest.testExtends
Test started: org.java_websocket.framing.PongFrameTest.testCopyConstructor
Test finished: org.java_websocket.framing.PongFrameTest.testCopyConstructor
Test started: org.java_websocket.framing.PongFrameTest.testIsValid
Test finished: org.java_websocket.framing.PongFrameTest.testIsValid
Test started: org.java_websocket.framing.PongFrameTest.testConstructor
Test finished: org.java_websocket.framing.PongFrameTest.testConstructor
Test started: org.java_websocket.framing.TextFrameTest.testExtends
Test finished: org.java_websocket.framing.TextFrameTest.testExtends
Test started: org.java_websocket.framing.TextFrameTest.testIsValid
Test finished: org.java_websocket.framing.TextFrameTest.testIsValid
Test started: org.java_websocket.framing.TextFrameTest.testConstructor
Test finished: org.java_websocket.framing.TextFrameTest.testConstructor
Test started: org.java_websocket.issues.Issue609Test.testIssue
Test finished: org.java_websocket.issues.Issue609Test.testIssue
Test started: org.java_websocket.issues.Issue621Test.testIssue
Test finished: org.java_websocket.issues.Issue621Test.testIssue
Test started: org.java_websocket.issues.Issue580Test.runCloseBlockingTestScenario[0]
Test finished: org.java_websocket.issues.Issue580Test.runCloseBlockingTestScenario[0]
Test started: org.java_websocket.issues.Issue580Test.runNoCloseBlockingTestScenario[0]
Test finished: org.java_websocket.issues.Issue580Test.runNoCloseBlockingTestScenario[0]
Test started: org.java_websocket.issues.Issue580Test.runCloseBlockingTestScenario[1]
Test finished: org.java_websocket.issues.Issue580Test.runCloseBlockingTestScenario[1]
Test started: org.java_websocket.issues.Issue580Test.runNoCloseBlockingTestScenario[1]
Test finished: org.java_websocket.issues.Issue580Test.runNoCloseBlockingTestScenario[1]
Test started: org.java_websocket.issues.Issue580Test.runCloseBlockingTestScenario[2]
Test finished: org.java_websocket.issues.Issue580Test.runCloseBlockingTestScenario[2]
Test started: org.java_websocket.issues.Issue580Test.runNoCloseBlockingTestScenario[2]
Test finished: org.java_websocket.issues.Issue580Test.runNoCloseBlockingTestScenario[2]
Test started: org.java_websocket.issues.Issue580Test.runCloseBlockingTestScenario[3]
Test finished: org.java_websocket.issues.Issue580Test.runCloseBlockingTestScenario[3]
Test started: org.java_websocket.issues.Issue580Test.runNoCloseBlockingTestScenario[3]
Test finished: org.java_websocket.issues.Issue580Test.runNoCloseBlockingTestScenario[3]
Test started: org.java_websocket.issues.Issue580Test.runCloseBlockingTestScenario[4]
Test finished: org.java_websocket.issues.Issue580Test.runCloseBlockingTestScenario[4]
Test started: org.java_websocket.issues.Issue580Test.runNoCloseBlockingTestScenario[4]
Test finished: org.java_websocket.issues.Issue580Test.runNoCloseBlockingTestScenario[4]
Test started: org.java_websocket.issues.Issue580Test.runCloseBlockingTestScenario[5]
Test finished: org.java_websocket.issues.Issue580Test.runCloseBlockingTestScenario[5]
Test started: org.java_websocket.issues.Issue580Test.runNoCloseBlockingTestScenario[5]
Test finished: org.java_websocket.issues.Issue580Test.runNoCloseBlockingTestScenario[5]
Test started: org.java_websocket.issues.Issue580Test.runCloseBlockingTestScenario[6]
Test finished: org.java_websocket.issues.Issue580Test.runCloseBlockingTestScenario[6]
Test started: org.java_websocket.issues.Issue580Test.runNoCloseBlockingTestScenario[6]
Test finished: org.java_websocket.issues.Issue580Test.runNoCloseBlockingTestScenario[6]
Test started: org.java_websocket.issues.Issue580Test.runCloseBlockingTestScenario[7]
Test finished: org.java_websocket.issues.Issue580Test.runCloseBlockingTestScenario[7]
Test started: org.java_websocket.issues.Issue580Test.runNoCloseBlockingTestScenario[7]
Test finished: org.java_websocket.issues.Issue580Test.runNoCloseBlockingTestScenario[7]
Test started: org.java_websocket.issues.Issue580Test.runCloseBlockingTestScenario[8]
Test finished: org.java_websocket.issues.Issue580Test.runCloseBlockingTestScenario[8]
Test started: org.java_websocket.issues.Issue580Test.runNoCloseBlockingTestScenario[8]
Test finished: org.java_websocket.issues.Issue580Test.runNoCloseBlockingTestScenario[8]
Test started: org.java_websocket.issues.Issue580Test.runCloseBlockingTestScenario[9]
Test finished: org.java_websocket.issues.Issue580Test.runCloseBlockingTestScenario[9]
Test started: org.java_websocket.issues.Issue580Test.runNoCloseBlockingTestScenario[9]
Test finished: org.java_websocket.issues.Issue580Test.runNoCloseBlockingTestScenario[9]
Test started: org.java_websocket.issues.Issue598Test.runBelowLimitString
Test finished: org.java_websocket.issues.Issue598Test.runBelowLimitString
Test started: org.java_websocket.issues.Issue598Test.runBelowSplitLimitBytebuffer
Test finished: org.java_websocket.issues.Issue598Test.runBelowSplitLimitBytebuffer
Test started: org.java_websocket.issues.Issue598Test.runBelowLimitBytebuffer
Test finished: org.java_websocket.issues.Issue598Test.runBelowLimitBytebuffer
Test started: org.java_websocket.issues.Issue598Test.runBelowSplitLimitString
Test finished: org.java_websocket.issues.Issue598Test.runBelowSplitLimitString
Test started: org.java_websocket.issues.Issue598Test.runAboveSplitLimitBytebuffer
Test finished: org.java_websocket.issues.Issue598Test.runAboveSplitLimitBytebuffer
Test started: org.java_websocket.issues.Issue598Test.runAboveLimitBytebuffer
Test finished: org.java_websocket.issues.Issue598Test.runAboveLimitBytebuffer
Test started: org.java_websocket.issues.Issue598Test.runAboveSplitLimitString
Test finished: org.java_websocket.issues.Issue598Test.runAboveSplitLimitString
Test started: org.java_websocket.issues.Issue598Test.runAboveLimitString
Test finished: org.java_websocket.issues.Issue598Test.runAboveLimitString
Test started: org.java_websocket.issues.Issue256Test.runReconnectSocketClose[0]
Test finished: org.java_websocket.issues.Issue256Test.runReconnectSocketClose[0]
org/java_websocket/issues/Issue621Test$TestPrintStream|58:org/java_websocket/issues/Issue621Test$TestPrintStream|58
org/java_websocket/client/WebSocketClient|345:org/java_websocket/client/WebSocketClient|75
org/java_websocket/client/WebSocketClient|346:org/java_websocket/client/WebSocketClient|75
org/java_websocket/client/WebSocketClient|344:org/java_websocket/client/WebSocketClient|75
Test started: org.java_websocket.issues.Issue256Test.runReconnectCloseBlocking[0]
Test finished: org.java_websocket.issues.Issue256Test.runReconnectCloseBlocking[0]
org/java_websocket/WebSocketImpl|615:org/java_websocket/WebSocketImpl|596
org/java_websocket/client/WebSocketClient|349:org/java_websocket/client/WebSocketClient|526
org/java_websocket/client/WebSocketClient|348:org/java_websocket/client/WebSocketClient|526
org/java_websocket/client/WebSocketClient|350:org/java_websocket/client/WebSocketClient|526
Test started: org.java_websocket.issues.Issue256Test.runReconnectSocketClose[1]
Test finished: org.java_websocket.issues.Issue256Test.runReconnectSocketClose[1]
Test started: org.java_websocket.issues.Issue256Test.runReconnectCloseBlocking[1]
Test finished: org.java_websocket.issues.Issue256Test.runReconnectCloseBlocking[1]
Test started: org.java_websocket.issues.Issue256Test.runReconnectSocketClose[2]
Test finished: org.java_websocket.issues.Issue256Test.runReconnectSocketClose[2]
Test started: org.java_websocket.issues.Issue256Test.runReconnectCloseBlocking[2]
Test finished: org.java_websocket.issues.Issue256Test.runReconnectCloseBlocking[2]
org/java_websocket/drafts/Draft_6455|728:org/java_websocket/drafts/Draft_6455|805
Test started: org.java_websocket.issues.Issue256Test.runReconnectSocketClose[3]
Test finished: org.java_websocket.issues.Issue256Test.runReconnectSocketClose[3]
Test started: org.java_websocket.issues.Issue256Test.runReconnectCloseBlocking[3]
Test finished: org.java_websocket.issues.Issue256Test.runReconnectCloseBlocking[3]
Test started: org.java_websocket.issues.Issue256Test.runReconnectSocketClose[4]
Test finished: org.java_websocket.issues.Issue256Test.runReconnectSocketClose[4]
org/java_websocket/client/WebSocketClient|376:org/java_websocket/client/WebSocketClient|526
org/java_websocket/client/WebSocketClient|374:org/java_websocket/client/WebSocketClient|526
org/java_websocket/client/WebSocketClient|371:org/java_websocket/client/WebSocketClient|526
org/java_websocket/client/WebSocketClient|375:org/java_websocket/client/WebSocketClient|526
Test started: org.java_websocket.issues.Issue256Test.runReconnectCloseBlocking[4]
Test finished: org.java_websocket.issues.Issue256Test.runReconnectCloseBlocking[4]
Test started: org.java_websocket.issues.Issue256Test.runReconnectSocketClose[5]
Test finished: org.java_websocket.issues.Issue256Test.runReconnectSocketClose[5]
Test started: org.java_websocket.issues.Issue256Test.runReconnectCloseBlocking[5]
Test finished: org.java_websocket.issues.Issue256Test.runReconnectCloseBlocking[5]
Test started: org.java_websocket.issues.Issue256Test.runReconnectSocketClose[6]
Test finished: org.java_websocket.issues.Issue256Test.runReconnectSocketClose[6]
Test started: org.java_websocket.issues.Issue256Test.runReconnectCloseBlocking[6]
Test finished: org.java_websocket.issues.Issue256Test.runReconnectCloseBlocking[6]
Test started: org.java_websocket.issues.Issue256Test.runReconnectSocketClose[7]
Test finished: org.java_websocket.issues.Issue256Test.runReconnectSocketClose[7]
Test started: org.java_websocket.issues.Issue256Test.runReconnectCloseBlocking[7]
Test finished: org.java_websocket.issues.Issue256Test.runReconnectCloseBlocking[7]
Test started: org.java_websocket.issues.Issue256Test.runReconnectSocketClose[8]
Test finished: org.java_websocket.issues.Issue256Test.runReconnectSocketClose[8]
Test started: org.java_websocket.issues.Issue256Test.runReconnectCloseBlocking[8]
Test finished: org.java_websocket.issues.Issue256Test.runReconnectCloseBlocking[8]
Test started: org.java_websocket.issues.Issue256Test.runReconnectSocketClose[9]
Test finished: org.java_websocket.issues.Issue256Test.runReconnectSocketClose[9]
Test started: org.java_websocket.issues.Issue256Test.runReconnectCloseBlocking[9]
Test finished: org.java_websocket.issues.Issue256Test.runReconnectCloseBlocking[9]
Test started: org.java_websocket.issues.Issue661Test.testIssue
Test finished: org.java_websocket.issues.Issue661Test.testIssue
Test started: org.java_websocket.issues.Issue666Test.testClient
Test finished: org.java_websocket.issues.Issue666Test.testClient
Test started: org.java_websocket.issues.Issue666Test.testServer
Test finished: org.java_websocket.issues.Issue666Test.testServer
Test started: org.java_websocket.issues.Issue677Test.testIssue
Test finished: org.java_websocket.issues.Issue677Test.testIssue
Test started: org.java_websocket.issues.Issue732Test.testIssue
Test finished: org.java_websocket.issues.Issue732Test.testIssue
Test started: org.java_websocket.issues.Issue764Test.testIssue
Test finished: org.java_websocket.issues.Issue764Test.testIssue
Test started: org.java_websocket.issues.Issue765Test.testIssue
Test finished: org.java_websocket.issues.Issue765Test.testIssue
Test started: org.java_websocket.issues.Issue825Test.testIssue
Test finished: org.java_websocket.issues.Issue825Test.testIssue
Test started: org.java_websocket.issues.Issue834Test.testNoNewThreads
Test finished: org.java_websocket.issues.Issue834Test.testNoNewThreads
Test started: org.java_websocket.issues.Issue962Test.testIssue
Test finished: org.java_websocket.issues.Issue962Test.testIssue
Test started: org.java_websocket.issues.Issue1142Test.testWithoutSSLSession
Test finished: org.java_websocket.issues.Issue1142Test.testWithoutSSLSession
Test started: org.java_websocket.issues.Issue1142Test.testWithSSLSession
Test finished: org.java_websocket.issues.Issue1142Test.testWithSSLSession
Test started: org.java_websocket.issues.Issue1160Test.nonFatalErrorShallBeHandledByServer
Test finished: org.java_websocket.issues.Issue1160Test.nonFatalErrorShallBeHandledByServer
Test started: org.java_websocket.issues.Issue1160Test.fatalErrorShallNotBeHandledByServer
Test finished: org.java_websocket.issues.Issue1160Test.fatalErrorShallNotBeHandledByServer
Test started: org.java_websocket.issues.Issue1203Test.testIssue
Test finished: org.java_websocket.issues.Issue1203Test.testIssue
Test started: org.java_websocket.issues.Issue256Test.runReconnectSocketClose[0]
Test finished: org.java_websocket.issues.Issue256Test.runReconnectSocketClose[0]
Test started: org.java_websocket.issues.Issue256Test.runReconnectCloseBlocking[0]
Test finished: org.java_websocket.issues.Issue256Test.runReconnectCloseBlocking[0]
org/java_websocket/WebSocketImpl|615:org/java_websocket/WebSocketImpl|596
org/java_websocket/client/WebSocketClient|349:org/java_websocket/client/WebSocketClient|526
org/java_websocket/client/WebSocketClient|348:org/java_websocket/client/WebSocketClient|526
org/java_websocket/client/WebSocketClient|350:org/java_websocket/client/WebSocketClient|526
Test started: org.java_websocket.issues.Issue256Test.runReconnectSocketClose[1]
Test finished: org.java_websocket.issues.Issue256Test.runReconnectSocketClose[1]
Test started: org.java_websocket.issues.Issue256Test.runReconnectCloseBlocking[1]
Test finished: org.java_websocket.issues.Issue256Test.runReconnectCloseBlocking[1]
Test started: org.java_websocket.issues.Issue256Test.runReconnectSocketClose[2]
Test finished: org.java_websocket.issues.Issue256Test.runReconnectSocketClose[2]
Test started: org.java_websocket.issues.Issue256Test.runReconnectCloseBlocking[2]
Test finished: org.java_websocket.issues.Issue256Test.runReconnectCloseBlocking[2]
Test started: org.java_websocket.issues.Issue256Test.runReconnectSocketClose[3]
Test finished: org.java_websocket.issues.Issue256Test.runReconnectSocketClose[3]
Test started: org.java_websocket.issues.Issue256Test.runReconnectCloseBlocking[3]
Test finished: org.java_websocket.issues.Issue256Test.runReconnectCloseBlocking[3]
Test started: org.java_websocket.issues.Issue256Test.runReconnectSocketClose[4]
Test finished: org.java_websocket.issues.Issue256Test.runReconnectSocketClose[4]
Test started: org.java_websocket.issues.Issue256Test.runReconnectCloseBlocking[4]
Test finished: org.java_websocket.issues.Issue256Test.runReconnectCloseBlocking[4]
Test started: org.java_websocket.issues.Issue256Test.runReconnectSocketClose[5]
Test finished: org.java_websocket.issues.Issue256Test.runReconnectSocketClose[5]
Test started: org.java_websocket.issues.Issue256Test.runReconnectCloseBlocking[5]
Test finished: org.java_websocket.issues.Issue256Test.runReconnectCloseBlocking[5]
Test started: org.java_websocket.issues.Issue256Test.runReconnectSocketClose[6]
Test finished: org.java_websocket.issues.Issue256Test.runReconnectSocketClose[6]
Test started: org.java_websocket.issues.Issue256Test.runReconnectCloseBlocking[6]
Test finished: org.java_websocket.issues.Issue256Test.runReconnectCloseBlocking[6]
Test started: org.java_websocket.issues.Issue256Test.runReconnectSocketClose[7]
Test finished: org.java_websocket.issues.Issue256Test.runReconnectSocketClose[7]
Test started: org.java_websocket.issues.Issue256Test.runReconnectCloseBlocking[7]
Test finished: org.java_websocket.issues.Issue256Test.runReconnectCloseBlocking[7]
Test started: org.java_websocket.issues.Issue256Test.runReconnectSocketClose[8]
Test finished: org.java_websocket.issues.Issue256Test.runReconnectSocketClose[8]
Test started: org.java_websocket.issues.Issue256Test.runReconnectCloseBlocking[8]
Test finished: org.java_websocket.issues.Issue256Test.runReconnectCloseBlocking[8]
Test started: org.java_websocket.issues.Issue256Test.runReconnectSocketClose[9]
Test finished: org.java_websocket.issues.Issue256Test.runReconnectSocketClose[9]
Test started: org.java_websocket.issues.Issue256Test.runReconnectCloseBlocking[9]
Test finished: org.java_websocket.issues.Issue256Test.runReconnectCloseBlocking[9]
Test started: org.java_websocket.issues.Issue580Test.runCloseBlockingTestScenario[0]
Test finished: org.java_websocket.issues.Issue580Test.runCloseBlockingTestScenario[0]
Test started: org.java_websocket.issues.Issue580Test.runNoCloseBlockingTestScenario[0]
Test finished: org.java_websocket.issues.Issue580Test.runNoCloseBlockingTestScenario[0]
Test started: org.java_websocket.issues.Issue580Test.runCloseBlockingTestScenario[1]
Test finished: org.java_websocket.issues.Issue580Test.runCloseBlockingTestScenario[1]
Test started: org.java_websocket.issues.Issue580Test.runNoCloseBlockingTestScenario[1]
Test finished: org.java_websocket.issues.Issue580Test.runNoCloseBlockingTestScenario[1]
Test started: org.java_websocket.issues.Issue580Test.runCloseBlockingTestScenario[2]
Test finished: org.java_websocket.issues.Issue580Test.runCloseBlockingTestScenario[2]
Test started: org.java_websocket.issues.Issue580Test.runNoCloseBlockingTestScenario[2]
Test finished: org.java_websocket.issues.Issue580Test.runNoCloseBlockingTestScenario[2]
Test started: org.java_websocket.issues.Issue580Test.runCloseBlockingTestScenario[3]
Test finished: org.java_websocket.issues.Issue580Test.runCloseBlockingTestScenario[3]
Test started: org.java_websocket.issues.Issue580Test.runNoCloseBlockingTestScenario[3]
Test finished: org.java_websocket.issues.Issue580Test.runNoCloseBlockingTestScenario[3]
Test started: org.java_websocket.issues.Issue580Test.runCloseBlockingTestScenario[4]
Test finished: org.java_websocket.issues.Issue580Test.runCloseBlockingTestScenario[4]
Test started: org.java_websocket.issues.Issue580Test.runNoCloseBlockingTestScenario[4]
Test finished: org.java_websocket.issues.Issue580Test.runNoCloseBlockingTestScenario[4]
Test started: org.java_websocket.issues.Issue580Test.runCloseBlockingTestScenario[5]
Test finished: org.java_websocket.issues.Issue580Test.runCloseBlockingTestScenario[5]
Test started: org.java_websocket.issues.Issue580Test.runNoCloseBlockingTestScenario[5]
Test finished: org.java_websocket.issues.Issue580Test.runNoCloseBlockingTestScenario[5]
Test started: org.java_websocket.issues.Issue580Test.runCloseBlockingTestScenario[6]
Test finished: org.java_websocket.issues.Issue580Test.runCloseBlockingTestScenario[6]
Test started: org.java_websocket.issues.Issue580Test.runNoCloseBlockingTestScenario[6]
Test finished: org.java_websocket.issues.Issue580Test.runNoCloseBlockingTestScenario[6]
Test started: org.java_websocket.issues.Issue580Test.runCloseBlockingTestScenario[7]
Test finished: org.java_websocket.issues.Issue580Test.runCloseBlockingTestScenario[7]
Test started: org.java_websocket.issues.Issue580Test.runNoCloseBlockingTestScenario[7]
Test finished: org.java_websocket.issues.Issue580Test.runNoCloseBlockingTestScenario[7]
Test started: org.java_websocket.issues.Issue580Test.runCloseBlockingTestScenario[8]
Test finished: org.java_websocket.issues.Issue580Test.runCloseBlockingTestScenario[8]
Test started: org.java_websocket.issues.Issue580Test.runNoCloseBlockingTestScenario[8]
Test finished: org.java_websocket.issues.Issue580Test.runNoCloseBlockingTestScenario[8]
Test started: org.java_websocket.issues.Issue580Test.runCloseBlockingTestScenario[9]
Test finished: org.java_websocket.issues.Issue580Test.runCloseBlockingTestScenario[9]
Test started: org.java_websocket.issues.Issue580Test.runNoCloseBlockingTestScenario[9]
Test finished: org.java_websocket.issues.Issue580Test.runNoCloseBlockingTestScenario[9]
Test started: org.java_websocket.issues.Issue598Test.runBelowLimitString
Test finished: org.java_websocket.issues.Issue598Test.runBelowLimitString
Test started: org.java_websocket.issues.Issue598Test.runBelowSplitLimitBytebuffer
Test finished: org.java_websocket.issues.Issue598Test.runBelowSplitLimitBytebuffer
Test started: org.java_websocket.issues.Issue598Test.runBelowLimitBytebuffer
Test finished: org.java_websocket.issues.Issue598Test.runBelowLimitBytebuffer
Test started: org.java_websocket.issues.Issue598Test.runBelowSplitLimitString
Test finished: org.java_websocket.issues.Issue598Test.runBelowSplitLimitString
org/java_websocket/drafts/Draft_6455|269:org/java_websocket/enums/HandshakeState|14
Test started: org.java_websocket.issues.Issue598Test.runAboveSplitLimitBytebuffer
Test finished: org.java_websocket.issues.Issue598Test.runAboveSplitLimitBytebuffer
org/java_websocket/issues/Issue598Test|164:org/java_websocket/enums/Opcode|7
Test started: org.java_websocket.issues.Issue598Test.runAboveLimitBytebuffer
Test finished: org.java_websocket.issues.Issue598Test.runAboveLimitBytebuffer
Test started: org.java_websocket.issues.Issue598Test.runAboveSplitLimitString
Test finished: org.java_websocket.issues.Issue598Test.runAboveSplitLimitString
Test started: org.java_websocket.issues.Issue598Test.runAboveLimitString
Test finished: org.java_websocket.issues.Issue598Test.runAboveLimitString
Test started: org.java_websocket.issues.Issue609Test.testIssue
Test finished: org.java_websocket.issues.Issue609Test.testIssue
Test started: org.java_websocket.issues.Issue621Test.testIssue
Test finished: org.java_websocket.issues.Issue621Test.testIssue
Test started: org.java_websocket.issues.Issue661Test.testIssue
Test finished: org.java_websocket.issues.Issue661Test.testIssue
Test started: org.java_websocket.issues.Issue666Test.testClient
Test finished: org.java_websocket.issues.Issue666Test.testClient
Test started: org.java_websocket.issues.Issue666Test.testServer
Test finished: org.java_websocket.issues.Issue666Test.testServer
Test started: org.java_websocket.issues.Issue677Test.testIssue
Test finished: org.java_websocket.issues.Issue677Test.testIssue
Test started: org.java_websocket.issues.Issue713Test.testIssue
Test finished: org.java_websocket.issues.Issue713Test.testIssue
Test started: org.java_websocket.issues.Issue713Test.testIllegalArgument
Test finished: org.java_websocket.issues.Issue713Test.testIllegalArgument
Test started: org.java_websocket.issues.Issue732Test.testIssue
Test finished: org.java_websocket.issues.Issue732Test.testIssue
Test started: org.java_websocket.issues.Issue764Test.testIssue
Test finished: org.java_websocket.issues.Issue764Test.testIssue
Test started: org.java_websocket.issues.Issue765Test.testIssue
Test finished: org.java_websocket.issues.Issue765Test.testIssue
Test started: org.java_websocket.issues.Issue811Test.testSetConnectionLostTimeout
Test finished: org.java_websocket.issues.Issue811Test.testSetConnectionLostTimeout
Test started: org.java_websocket.issues.Issue825Test.testIssue
Test finished: org.java_websocket.issues.Issue825Test.testIssue
Test started: org.java_websocket.issues.Issue834Test.testNoNewThreads
Test finished: org.java_websocket.issues.Issue834Test.testNoNewThreads
Test started: org.java_websocket.issues.Issue847Test.testIncrementalFrameUnmasked[0]
Test finished: org.java_websocket.issues.Issue847Test.testIncrementalFrameUnmasked[0]
Test started: org.java_websocket.issues.Issue847Test.testIncrementalFrameMsked[0]
Test finished: org.java_websocket.issues.Issue847Test.testIncrementalFrameMsked[0]
Test started: org.java_websocket.issues.Issue847Test.testIncrementalFrameUnmasked[1]
Test finished: org.java_websocket.issues.Issue847Test.testIncrementalFrameUnmasked[1]
Test started: org.java_websocket.issues.Issue847Test.testIncrementalFrameMsked[1]
Test finished: org.java_websocket.issues.Issue847Test.testIncrementalFrameMsked[1]
Test started: org.java_websocket.issues.Issue847Test.testIncrementalFrameUnmasked[2]
Test finished: org.java_websocket.issues.Issue847Test.testIncrementalFrameUnmasked[2]
Test started: org.java_websocket.issues.Issue847Test.testIncrementalFrameMsked[2]
Test finished: org.java_websocket.issues.Issue847Test.testIncrementalFrameMsked[2]
Test started: org.java_websocket.issues.Issue847Test.testIncrementalFrameUnmasked[3]
Test finished: org.java_websocket.issues.Issue847Test.testIncrementalFrameUnmasked[3]
Test started: org.java_websocket.issues.Issue847Test.testIncrementalFrameMsked[3]
Test finished: org.java_websocket.issues.Issue847Test.testIncrementalFrameMsked[3]
Test started: org.java_websocket.issues.Issue847Test.testIncrementalFrameUnmasked[4]
Test finished: org.java_websocket.issues.Issue847Test.testIncrementalFrameUnmasked[4]
Test started: org.java_websocket.issues.Issue847Test.testIncrementalFrameMsked[4]
Test finished: org.java_websocket.issues.Issue847Test.testIncrementalFrameMsked[4]
Test started: org.java_websocket.issues.Issue847Test.testIncrementalFrameUnmasked[5]
Test finished: org.java_websocket.issues.Issue847Test.testIncrementalFrameUnmasked[5]
Test started: org.java_websocket.issues.Issue847Test.testIncrementalFrameMsked[5]
Test finished: org.java_websocket.issues.Issue847Test.testIncrementalFrameMsked[5]
Test started: org.java_websocket.issues.Issue847Test.testIncrementalFrameUnmasked[6]
Test finished: org.java_websocket.issues.Issue847Test.testIncrementalFrameUnmasked[6]
Test started: org.java_websocket.issues.Issue847Test.testIncrementalFrameMsked[6]
Test finished: org.java_websocket.issues.Issue847Test.testIncrementalFrameMsked[6]
Test started: org.java_websocket.issues.Issue847Test.testIncrementalFrameUnmasked[7]
Test finished: org.java_websocket.issues.Issue847Test.testIncrementalFrameUnmasked[7]
Test started: org.java_websocket.issues.Issue847Test.testIncrementalFrameMsked[7]
Test finished: org.java_websocket.issues.Issue847Test.testIncrementalFrameMsked[7]
Test started: org.java_websocket.issues.Issue847Test.testIncrementalFrameUnmasked[8]
Test finished: org.java_websocket.issues.Issue847Test.testIncrementalFrameUnmasked[8]
Test started: org.java_websocket.issues.Issue847Test.testIncrementalFrameMsked[8]
Test finished: org.java_websocket.issues.Issue847Test.testIncrementalFrameMsked[8]
Test started: org.java_websocket.issues.Issue847Test.testIncrementalFrameUnmasked[9]
Test finished: org.java_websocket.issues.Issue847Test.testIncrementalFrameUnmasked[9]
Test started: org.java_websocket.issues.Issue847Test.testIncrementalFrameMsked[9]
Test finished: org.java_websocket.issues.Issue847Test.testIncrementalFrameMsked[9]
Test started: org.java_websocket.issues.Issue847Test.testIncrementalFrameUnmasked[10]
Test finished: org.java_websocket.issues.Issue847Test.testIncrementalFrameUnmasked[10]
Test started: org.java_websocket.issues.Issue847Test.testIncrementalFrameMsked[10]
Test finished: org.java_websocket.issues.Issue847Test.testIncrementalFrameMsked[10]
Test started: org.java_websocket.issues.Issue847Test.testIncrementalFrameUnmasked[11]
Test finished: org.java_websocket.issues.Issue847Test.testIncrementalFrameUnmasked[11]
Test started: org.java_websocket.issues.Issue847Test.testIncrementalFrameMsked[11]
Test finished: org.java_websocket.issues.Issue847Test.testIncrementalFrameMsked[11]
Test started: org.java_websocket.issues.Issue847Test.testIncrementalFrameUnmasked[12]
Test finished: org.java_websocket.issues.Issue847Test.testIncrementalFrameUnmasked[12]
Test started: org.java_websocket.issues.Issue847Test.testIncrementalFrameMsked[12]
Test finished: org.java_websocket.issues.Issue847Test.testIncrementalFrameMsked[12]
Test started: org.java_websocket.issues.Issue847Test.testIncrementalFrameUnmasked[13]
Test finished: org.java_websocket.issues.Issue847Test.testIncrementalFrameUnmasked[13]
Test started: org.java_websocket.issues.Issue847Test.testIncrementalFrameMsked[13]
Test finished: org.java_websocket.issues.Issue847Test.testIncrementalFrameMsked[13]
Test started: org.java_websocket.issues.Issue847Test.testIncrementalFrameUnmasked[14]
Test finished: org.java_websocket.issues.Issue847Test.testIncrementalFrameUnmasked[14]
Test started: org.java_websocket.issues.Issue847Test.testIncrementalFrameMsked[14]
Test finished: org.java_websocket.issues.Issue847Test.testIncrementalFrameMsked[14]
Test started: org.java_websocket.issues.Issue847Test.testIncrementalFrameUnmasked[15]
Test finished: org.java_websocket.issues.Issue847Test.testIncrementalFrameUnmasked[15]
Test started: org.java_websocket.issues.Issue847Test.testIncrementalFrameMsked[15]
Test finished: org.java_websocket.issues.Issue847Test.testIncrementalFrameMsked[15]
Test started: org.java_websocket.issues.Issue847Test.testIncrementalFrameUnmasked[16]
Test finished: org.java_websocket.issues.Issue847Test.testIncrementalFrameUnmasked[16]
Test started: org.java_websocket.issues.Issue847Test.testIncrementalFrameMsked[16]
Test finished: org.java_websocket.issues.Issue847Test.testIncrementalFrameMsked[16]
Test started: org.java_websocket.issues.Issue847Test.testIncrementalFrameUnmasked[17]
Test finished: org.java_websocket.issues.Issue847Test.testIncrementalFrameUnmasked[17]
Test started: org.java_websocket.issues.Issue847Test.testIncrementalFrameMsked[17]
Test finished: org.java_websocket.issues.Issue847Test.testIncrementalFrameMsked[17]
Test started: org.java_websocket.issues.Issue847Test.testIncrementalFrameUnmasked[18]
Test finished: org.java_websocket.issues.Issue847Test.testIncrementalFrameUnmasked[18]
Test started: org.java_websocket.issues.Issue847Test.testIncrementalFrameMsked[18]
Test finished: org.java_websocket.issues.Issue847Test.testIncrementalFrameMsked[18]
Test started: org.java_websocket.issues.Issue847Test.testIncrementalFrameUnmasked[19]
Test finished: org.java_websocket.issues.Issue847Test.testIncrementalFrameUnmasked[19]
Test started: org.java_websocket.issues.Issue847Test.testIncrementalFrameMsked[19]
Test finished: org.java_websocket.issues.Issue847Test.testIncrementalFrameMsked[19]
Test started: org.java_websocket.issues.Issue847Test.testIncrementalFrameUnmasked[20]
Test finished: org.java_websocket.issues.Issue847Test.testIncrementalFrameUnmasked[20]
Test started: org.java_websocket.issues.Issue847Test.testIncrementalFrameMsked[20]
Test finished: org.java_websocket.issues.Issue847Test.testIncrementalFrameMsked[20]
Test started: org.java_websocket.issues.Issue855Test.testIssue
Test finished: org.java_websocket.issues.Issue855Test.testIssue
Test started: org.java_websocket.issues.Issue879Test.QuickStopTest[0]
Test finished: org.java_websocket.issues.Issue879Test.QuickStopTest[0]
Test started: org.java_websocket.issues.Issue879Test.QuickStopTest[1]
Test finished: org.java_websocket.issues.Issue879Test.QuickStopTest[1]
Test started: org.java_websocket.issues.Issue879Test.QuickStopTest[2]
Test finished: org.java_websocket.issues.Issue879Test.QuickStopTest[2]
Test started: org.java_websocket.issues.Issue879Test.QuickStopTest[3]
Test finished: org.java_websocket.issues.Issue879Test.QuickStopTest[3]
org/java_websocket/drafts/Draft_6455|370:org/java_websocket/drafts/Draft_6455|810
org/java_websocket/drafts/Draft_6455|351:org/java_websocket/drafts/Draft_6455|809
Test started: org.java_websocket.issues.Issue879Test.QuickStopTest[4]
Test finished: org.java_websocket.issues.Issue879Test.QuickStopTest[4]
Test started: org.java_websocket.issues.Issue879Test.QuickStopTest[5]
Test finished: org.java_websocket.issues.Issue879Test.QuickStopTest[5]
Test started: org.java_websocket.issues.Issue879Test.QuickStopTest[6]
Test finished: org.java_websocket.issues.Issue879Test.QuickStopTest[6]
Test started: org.java_websocket.issues.Issue879Test.QuickStopTest[7]
Test finished: org.java_websocket.issues.Issue879Test.QuickStopTest[7]
org/java_websocket/WebSocketImpl|784:org/java_websocket/WebSocketImpl|596
Test started: org.java_websocket.issues.Issue879Test.QuickStopTest[8]
Test finished: org.java_websocket.issues.Issue879Test.QuickStopTest[8]
Test started: org.java_websocket.issues.Issue879Test.QuickStopTest[9]
Test finished: org.java_websocket.issues.Issue879Test.QuickStopTest[9]
Test started: org.java_websocket.issues.Issue879Test.QuickStopTest[10]
Test finished: org.java_websocket.issues.Issue879Test.QuickStopTest[10]
Test started: org.java_websocket.issues.Issue879Test.QuickStopTest[11]
Test finished: org.java_websocket.issues.Issue879Test.QuickStopTest[11]
Test started: org.java_websocket.issues.Issue879Test.QuickStopTest[12]
Test finished: org.java_websocket.issues.Issue879Test.QuickStopTest[12]
Test started: org.java_websocket.issues.Issue879Test.QuickStopTest[13]
Test finished: org.java_websocket.issues.Issue879Test.QuickStopTest[13]
Test started: org.java_websocket.issues.Issue879Test.QuickStopTest[14]
Test finished: org.java_websocket.issues.Issue879Test.QuickStopTest[14]
Test started: org.java_websocket.issues.Issue879Test.QuickStopTest[15]
Test finished: org.java_websocket.issues.Issue879Test.QuickStopTest[15]
Test started: org.java_websocket.issues.Issue879Test.QuickStopTest[16]
Test finished: org.java_websocket.issues.Issue879Test.QuickStopTest[16]
Test started: org.java_websocket.issues.Issue879Test.QuickStopTest[17]
Test finished: org.java_websocket.issues.Issue879Test.QuickStopTest[17]
Test started: org.java_websocket.issues.Issue879Test.QuickStopTest[18]
Test finished: org.java_websocket.issues.Issue879Test.QuickStopTest[18]
Test started: org.java_websocket.issues.Issue879Test.QuickStopTest[19]
Test finished: org.java_websocket.issues.Issue879Test.QuickStopTest[19]
Test started: org.java_websocket.issues.Issue890Test.testWithOutSSLSession
Test finished: org.java_websocket.issues.Issue890Test.testWithOutSSLSession
Test started: org.java_websocket.issues.Issue890Test.testWithSSLSession
Test finished: org.java_websocket.issues.Issue890Test.testWithSSLSession
Test started: org.java_websocket.issues.Issue900Test.testIssue
Test finished: org.java_websocket.issues.Issue900Test.testIssue
Test started: org.java_websocket.issues.Issue962Test.testIssue
Test finished: org.java_websocket.issues.Issue962Test.testIssue
Test started: org.java_websocket.issues.Issue997Test.test_localServer_ServerLocalhost_ClientLocalhost_CheckDefault
Test finished: org.java_websocket.issues.Issue997Test.test_localServer_ServerLocalhost_ClientLocalhost_CheckDefault
Test started: org.java_websocket.issues.Issue997Test.test_localServer_ServerLocalhost_Client127_CheckActive
Test finished: org.java_websocket.issues.Issue997Test.test_localServer_ServerLocalhost_Client127_CheckActive
Test started: org.java_websocket.issues.Issue997Test.test_localServer_ServerLocalhost_ClientLocalhost_CheckInactive
Test finished: org.java_websocket.issues.Issue997Test.test_localServer_ServerLocalhost_ClientLocalhost_CheckInactive
Test started: org.java_websocket.issues.Issue997Test.test_localServer_ServerLocalhost_Client127_CheckInactive
Test finished: org.java_websocket.issues.Issue997Test.test_localServer_ServerLocalhost_Client127_CheckInactive
Test started: org.java_websocket.issues.Issue997Test.test_localServer_ServerLocalhost_Client127_CheckDefault
Test finished: org.java_websocket.issues.Issue997Test.test_localServer_ServerLocalhost_Client127_CheckDefault
Test started: org.java_websocket.issues.Issue997Test.test_localServer_ServerLocalhost_ClientLocalhost_CheckActive
Test finished: org.java_websocket.issues.Issue997Test.test_localServer_ServerLocalhost_ClientLocalhost_CheckActive
Test started: org.java_websocket.misc.OpeningHandshakeRejectionTest.testHandshakeRejectionTestCase10
Test finished: org.java_websocket.misc.OpeningHandshakeRejectionTest.testHandshakeRejectionTestCase10
Test started: org.java_websocket.misc.OpeningHandshakeRejectionTest.testHandshakeRejectionTestCase11
Test finished: org.java_websocket.misc.OpeningHandshakeRejectionTest.testHandshakeRejectionTestCase11
Test started: org.java_websocket.misc.OpeningHandshakeRejectionTest.testHandshakeRejectionTestCase0
Test finished: org.java_websocket.misc.OpeningHandshakeRejectionTest.testHandshakeRejectionTestCase0
Test started: org.java_websocket.misc.OpeningHandshakeRejectionTest.testHandshakeRejectionTestCase1
Test finished: org.java_websocket.misc.OpeningHandshakeRejectionTest.testHandshakeRejectionTestCase1
Test started: org.java_websocket.misc.OpeningHandshakeRejectionTest.testHandshakeRejectionTestCase2
Test finished: org.java_websocket.misc.OpeningHandshakeRejectionTest.testHandshakeRejectionTestCase2
Test started: org.java_websocket.misc.OpeningHandshakeRejectionTest.testHandshakeRejectionTestCase3
Test finished: org.java_websocket.misc.OpeningHandshakeRejectionTest.testHandshakeRejectionTestCase3
Test started: org.java_websocket.misc.OpeningHandshakeRejectionTest.testHandshakeRejectionTestCase4
Test finished: org.java_websocket.misc.OpeningHandshakeRejectionTest.testHandshakeRejectionTestCase4
Test started: org.java_websocket.misc.OpeningHandshakeRejectionTest.testHandshakeRejectionTestCase5
Test finished: org.java_websocket.misc.OpeningHandshakeRejectionTest.testHandshakeRejectionTestCase5
Test started: org.java_websocket.misc.OpeningHandshakeRejectionTest.testHandshakeRejectionTestCase6
Test finished: org.java_websocket.misc.OpeningHandshakeRejectionTest.testHandshakeRejectionTestCase6
Test started: org.java_websocket.misc.OpeningHandshakeRejectionTest.testHandshakeRejectionTestCase7
Test finished: org.java_websocket.misc.OpeningHandshakeRejectionTest.testHandshakeRejectionTestCase7
Test started: org.java_websocket.misc.OpeningHandshakeRejectionTest.testHandshakeRejectionTestCase8
Test finished: org.java_websocket.misc.OpeningHandshakeRejectionTest.testHandshakeRejectionTestCase8
Test started: org.java_websocket.misc.OpeningHandshakeRejectionTest.testHandshakeRejectionTestCase9
Test finished: org.java_websocket.misc.OpeningHandshakeRejectionTest.testHandshakeRejectionTestCase9
Test started: org.java_websocket.misc.OpeningHandshakeRejectionTest.testHandshakeRejectionTestCase10
Test finished: org.java_websocket.misc.OpeningHandshakeRejectionTest.testHandshakeRejectionTestCase10
Test started: org.java_websocket.misc.OpeningHandshakeRejectionTest.testHandshakeRejectionTestCase11
Test finished: org.java_websocket.misc.OpeningHandshakeRejectionTest.testHandshakeRejectionTestCase11
Test started: org.java_websocket.misc.OpeningHandshakeRejectionTest.testHandshakeRejectionTestCase0
Test finished: org.java_websocket.misc.OpeningHandshakeRejectionTest.testHandshakeRejectionTestCase0
Test started: org.java_websocket.misc.OpeningHandshakeRejectionTest.testHandshakeRejectionTestCase1
Test finished: org.java_websocket.misc.OpeningHandshakeRejectionTest.testHandshakeRejectionTestCase1
Test started: org.java_websocket.misc.OpeningHandshakeRejectionTest.testHandshakeRejectionTestCase2
Test finished: org.java_websocket.misc.OpeningHandshakeRejectionTest.testHandshakeRejectionTestCase2
Test started: org.java_websocket.misc.OpeningHandshakeRejectionTest.testHandshakeRejectionTestCase3
Test finished: org.java_websocket.misc.OpeningHandshakeRejectionTest.testHandshakeRejectionTestCase3
Test started: org.java_websocket.misc.OpeningHandshakeRejectionTest.testHandshakeRejectionTestCase4
Test finished: org.java_websocket.misc.OpeningHandshakeRejectionTest.testHandshakeRejectionTestCase4
Test started: org.java_websocket.misc.OpeningHandshakeRejectionTest.testHandshakeRejectionTestCase5
Test finished: org.java_websocket.misc.OpeningHandshakeRejectionTest.testHandshakeRejectionTestCase5
Test started: org.java_websocket.misc.OpeningHandshakeRejectionTest.testHandshakeRejectionTestCase6
Test finished: org.java_websocket.misc.OpeningHandshakeRejectionTest.testHandshakeRejectionTestCase6
Test started: org.java_websocket.misc.OpeningHandshakeRejectionTest.testHandshakeRejectionTestCase7
Test finished: org.java_websocket.misc.OpeningHandshakeRejectionTest.testHandshakeRejectionTestCase7
Test started: org.java_websocket.misc.OpeningHandshakeRejectionTest.testHandshakeRejectionTestCase8
Test finished: org.java_websocket.misc.OpeningHandshakeRejectionTest.testHandshakeRejectionTestCase8
Test started: org.java_websocket.misc.OpeningHandshakeRejectionTest.testHandshakeRejectionTestCase9
Test finished: org.java_websocket.misc.OpeningHandshakeRejectionTest.testHandshakeRejectionTestCase9
Test started: org.java_websocket.protocols.ProtocolTest.testToString
Test finished: org.java_websocket.protocols.ProtocolTest.testToString
Test started: org.java_websocket.protocols.ProtocolTest.testCopyInstance
Test finished: org.java_websocket.protocols.ProtocolTest.testCopyInstance
Test started: org.java_websocket.protocols.ProtocolTest.testAcceptProvidedProtocol
Test finished: org.java_websocket.protocols.ProtocolTest.testAcceptProvidedProtocol
Test started: org.java_websocket.protocols.ProtocolTest.testHashCode
Test finished: org.java_websocket.protocols.ProtocolTest.testHashCode
Test started: org.java_websocket.protocols.ProtocolTest.testGetProvidedProtocol
Test finished: org.java_websocket.protocols.ProtocolTest.testGetProvidedProtocol
Test started: org.java_websocket.protocols.ProtocolTest.testEquals
Test finished: org.java_websocket.protocols.ProtocolTest.testEquals
Test started: org.java_websocket.protocols.ProtocolTest.testConstructor
Test finished: org.java_websocket.protocols.ProtocolTest.testConstructor
Test started: org.java_websocket.protocols.ProtocolHandshakeRejectionTest.testHandshakeRejectionTestCase10
Test finished: org.java_websocket.protocols.ProtocolHandshakeRejectionTest.testHandshakeRejectionTestCase10
Test started: org.java_websocket.protocols.ProtocolHandshakeRejectionTest.testHandshakeRejectionTestCase11
Test finished: org.java_websocket.protocols.ProtocolHandshakeRejectionTest.testHandshakeRejectionTestCase11
Test started: org.java_websocket.protocols.ProtocolHandshakeRejectionTest.testHandshakeRejectionTestCase12
Test finished: org.java_websocket.protocols.ProtocolHandshakeRejectionTest.testHandshakeRejectionTestCase12
Test started: org.java_websocket.protocols.ProtocolHandshakeRejectionTest.testHandshakeRejectionTestCase13
Test finished: org.java_websocket.protocols.ProtocolHandshakeRejectionTest.testHandshakeRejectionTestCase13
Test started: org.java_websocket.protocols.ProtocolHandshakeRejectionTest.testHandshakeRejectionTestCase14
Test finished: org.java_websocket.protocols.ProtocolHandshakeRejectionTest.testHandshakeRejectionTestCase14
Test started: org.java_websocket.protocols.ProtocolHandshakeRejectionTest.testHandshakeRejectionTestCase15
Test finished: org.java_websocket.protocols.ProtocolHandshakeRejectionTest.testHandshakeRejectionTestCase15
Test started: org.java_websocket.protocols.ProtocolHandshakeRejectionTest.testHandshakeRejectionTestCase16
Test finished: org.java_websocket.protocols.ProtocolHandshakeRejectionTest.testHandshakeRejectionTestCase16
Test started: org.java_websocket.protocols.ProtocolHandshakeRejectionTest.testHandshakeRejectionTestCase17
Test finished: org.java_websocket.protocols.ProtocolHandshakeRejectionTest.testHandshakeRejectionTestCase17
Test started: org.java_websocket.protocols.ProtocolHandshakeRejectionTest.testHandshakeRejectionTestCase18
Test finished: org.java_websocket.protocols.ProtocolHandshakeRejectionTest.testHandshakeRejectionTestCase18
Test started: org.java_websocket.protocols.ProtocolHandshakeRejectionTest.testHandshakeRejectionTestCase19
Test finished: org.java_websocket.protocols.ProtocolHandshakeRejectionTest.testHandshakeRejectionTestCase19
Test started: org.java_websocket.protocols.ProtocolHandshakeRejectionTest.testHandshakeRejectionTestCase20
Test finished: org.java_websocket.protocols.ProtocolHandshakeRejectionTest.testHandshakeRejectionTestCase20
Test started: org.java_websocket.protocols.ProtocolHandshakeRejectionTest.testHandshakeRejectionTestCase21
Test finished: org.java_websocket.protocols.ProtocolHandshakeRejectionTest.testHandshakeRejectionTestCase21
Test started: org.java_websocket.protocols.ProtocolHandshakeRejectionTest.testHandshakeRejectionTestCase22
Test finished: org.java_websocket.protocols.ProtocolHandshakeRejectionTest.testHandshakeRejectionTestCase22
Test started: org.java_websocket.protocols.ProtocolHandshakeRejectionTest.testHandshakeRejectionTestCase23
Test finished: org.java_websocket.protocols.ProtocolHandshakeRejectionTest.testHandshakeRejectionTestCase23
Test started: org.java_websocket.protocols.ProtocolHandshakeRejectionTest.testHandshakeRejectionTestCase24
Test finished: org.java_websocket.protocols.ProtocolHandshakeRejectionTest.testHandshakeRejectionTestCase24
Test started: org.java_websocket.protocols.ProtocolHandshakeRejectionTest.testHandshakeRejectionTestCase25
Test finished: org.java_websocket.protocols.ProtocolHandshakeRejectionTest.testHandshakeRejectionTestCase25
Test started: org.java_websocket.protocols.ProtocolHandshakeRejectionTest.testHandshakeRejectionTestCase26
Test finished: org.java_websocket.protocols.ProtocolHandshakeRejectionTest.testHandshakeRejectionTestCase26
Test started: org.java_websocket.protocols.ProtocolHandshakeRejectionTest.testHandshakeRejectionTestCase27
Test finished: org.java_websocket.protocols.ProtocolHandshakeRejectionTest.testHandshakeRejectionTestCase27
Test started: org.java_websocket.protocols.ProtocolHandshakeRejectionTest.testHandshakeRejectionTestCase28
Test finished: org.java_websocket.protocols.ProtocolHandshakeRejectionTest.testHandshakeRejectionTestCase28
Test started: org.java_websocket.protocols.ProtocolHandshakeRejectionTest.testHandshakeRejectionTestCase29
Test finished: org.java_websocket.protocols.ProtocolHandshakeRejectionTest.testHandshakeRejectionTestCase29
Test started: org.java_websocket.protocols.ProtocolHandshakeRejectionTest.testHandshakeRejectionTestCase1
Test finished: org.java_websocket.protocols.ProtocolHandshakeRejectionTest.testHandshakeRejectionTestCase1
Test started: org.java_websocket.protocols.ProtocolHandshakeRejectionTest.testHandshakeRejectionTestCase2
Test finished: org.java_websocket.protocols.ProtocolHandshakeRejectionTest.testHandshakeRejectionTestCase2
Test started: org.java_websocket.protocols.ProtocolHandshakeRejectionTest.testHandshakeRejectionTestCase3
Test finished: org.java_websocket.protocols.ProtocolHandshakeRejectionTest.testHandshakeRejectionTestCase3
Test started: org.java_websocket.protocols.ProtocolHandshakeRejectionTest.testHandshakeRejectionTestCase4
Test finished: org.java_websocket.protocols.ProtocolHandshakeRejectionTest.testHandshakeRejectionTestCase4
Test started: org.java_websocket.protocols.ProtocolHandshakeRejectionTest.testHandshakeRejectionTestCase5
Test finished: org.java_websocket.protocols.ProtocolHandshakeRejectionTest.testHandshakeRejectionTestCase5
Test started: org.java_websocket.protocols.ProtocolHandshakeRejectionTest.testHandshakeRejectionTestCase6
Test finished: org.java_websocket.protocols.ProtocolHandshakeRejectionTest.testHandshakeRejectionTestCase6
Test started: org.java_websocket.protocols.ProtocolHandshakeRejectionTest.testHandshakeRejectionTestCase7
Test finished: org.java_websocket.protocols.ProtocolHandshakeRejectionTest.testHandshakeRejectionTestCase7
Test started: org.java_websocket.protocols.ProtocolHandshakeRejectionTest.testHandshakeRejectionTestCase8
Test finished: org.java_websocket.protocols.ProtocolHandshakeRejectionTest.testHandshakeRejectionTestCase8
Test started: org.java_websocket.protocols.ProtocolHandshakeRejectionTest.testHandshakeRejectionTestCase9
Test finished: org.java_websocket.protocols.ProtocolHandshakeRejectionTest.testHandshakeRejectionTestCase9
Test started: org.java_websocket.protocols.ProtocolHandshakeRejectionTest.testProtocolRejectionTestCase0
Test finished: org.java_websocket.protocols.ProtocolHandshakeRejectionTest.testProtocolRejectionTestCase0
Test started: org.java_websocket.protocols.ProtocolHandshakeRejectionTest.testHandshakeRejectionTestCase10
Test finished: org.java_websocket.protocols.ProtocolHandshakeRejectionTest.testHandshakeRejectionTestCase10
Test started: org.java_websocket.protocols.ProtocolHandshakeRejectionTest.testHandshakeRejectionTestCase11
Test finished: org.java_websocket.protocols.ProtocolHandshakeRejectionTest.testHandshakeRejectionTestCase11
Test started: org.java_websocket.protocols.ProtocolHandshakeRejectionTest.testHandshakeRejectionTestCase12
Test finished: org.java_websocket.protocols.ProtocolHandshakeRejectionTest.testHandshakeRejectionTestCase12
Test started: org.java_websocket.protocols.ProtocolHandshakeRejectionTest.testHandshakeRejectionTestCase13
Test finished: org.java_websocket.protocols.ProtocolHandshakeRejectionTest.testHandshakeRejectionTestCase13
Test started: org.java_websocket.protocols.ProtocolHandshakeRejectionTest.testHandshakeRejectionTestCase14
Test finished: org.java_websocket.protocols.ProtocolHandshakeRejectionTest.testHandshakeRejectionTestCase14
Test started: org.java_websocket.protocols.ProtocolHandshakeRejectionTest.testHandshakeRejectionTestCase15
Test finished: org.java_websocket.protocols.ProtocolHandshakeRejectionTest.testHandshakeRejectionTestCase15
Test started: org.java_websocket.protocols.ProtocolHandshakeRejectionTest.testHandshakeRejectionTestCase16
Test finished: org.java_websocket.protocols.ProtocolHandshakeRejectionTest.testHandshakeRejectionTestCase16
Test started: org.java_websocket.protocols.ProtocolHandshakeRejectionTest.testHandshakeRejectionTestCase17
Test finished: org.java_websocket.protocols.ProtocolHandshakeRejectionTest.testHandshakeRejectionTestCase17
Test started: org.java_websocket.protocols.ProtocolHandshakeRejectionTest.testHandshakeRejectionTestCase18
Test finished: org.java_websocket.protocols.ProtocolHandshakeRejectionTest.testHandshakeRejectionTestCase18
Test started: org.java_websocket.protocols.ProtocolHandshakeRejectionTest.testHandshakeRejectionTestCase19
Test finished: org.java_websocket.protocols.ProtocolHandshakeRejectionTest.testHandshakeRejectionTestCase19
Test started: org.java_websocket.protocols.ProtocolHandshakeRejectionTest.testHandshakeRejectionTestCase20
Test finished: org.java_websocket.protocols.ProtocolHandshakeRejectionTest.testHandshakeRejectionTestCase20
Test started: org.java_websocket.protocols.ProtocolHandshakeRejectionTest.testHandshakeRejectionTestCase21
Test finished: org.java_websocket.protocols.ProtocolHandshakeRejectionTest.testHandshakeRejectionTestCase21
Test started: org.java_websocket.protocols.ProtocolHandshakeRejectionTest.testHandshakeRejectionTestCase22
Test finished: org.java_websocket.protocols.ProtocolHandshakeRejectionTest.testHandshakeRejectionTestCase22
Test started: org.java_websocket.protocols.ProtocolHandshakeRejectionTest.testHandshakeRejectionTestCase23
Test finished: org.java_websocket.protocols.ProtocolHandshakeRejectionTest.testHandshakeRejectionTestCase23
Test started: org.java_websocket.protocols.ProtocolHandshakeRejectionTest.testHandshakeRejectionTestCase24
Test finished: org.java_websocket.protocols.ProtocolHandshakeRejectionTest.testHandshakeRejectionTestCase24
Test started: org.java_websocket.protocols.ProtocolHandshakeRejectionTest.testHandshakeRejectionTestCase25
Test finished: org.java_websocket.protocols.ProtocolHandshakeRejectionTest.testHandshakeRejectionTestCase25
Test started: org.java_websocket.protocols.ProtocolHandshakeRejectionTest.testHandshakeRejectionTestCase26
Test finished: org.java_websocket.protocols.ProtocolHandshakeRejectionTest.testHandshakeRejectionTestCase26
Test started: org.java_websocket.protocols.ProtocolHandshakeRejectionTest.testHandshakeRejectionTestCase27
Test finished: org.java_websocket.protocols.ProtocolHandshakeRejectionTest.testHandshakeRejectionTestCase27
Test started: org.java_websocket.protocols.ProtocolHandshakeRejectionTest.testHandshakeRejectionTestCase28
Test finished: org.java_websocket.protocols.ProtocolHandshakeRejectionTest.testHandshakeRejectionTestCase28
Test started: org.java_websocket.protocols.ProtocolHandshakeRejectionTest.testHandshakeRejectionTestCase29
Test finished: org.java_websocket.protocols.ProtocolHandshakeRejectionTest.testHandshakeRejectionTestCase29
Test started: org.java_websocket.protocols.ProtocolHandshakeRejectionTest.testHandshakeRejectionTestCase1
Test finished: org.java_websocket.protocols.ProtocolHandshakeRejectionTest.testHandshakeRejectionTestCase1
Test started: org.java_websocket.protocols.ProtocolHandshakeRejectionTest.testHandshakeRejectionTestCase2
Test finished: org.java_websocket.protocols.ProtocolHandshakeRejectionTest.testHandshakeRejectionTestCase2
Test started: org.java_websocket.protocols.ProtocolHandshakeRejectionTest.testHandshakeRejectionTestCase3
Test finished: org.java_websocket.protocols.ProtocolHandshakeRejectionTest.testHandshakeRejectionTestCase3
Test started: org.java_websocket.protocols.ProtocolHandshakeRejectionTest.testHandshakeRejectionTestCase4
Test finished: org.java_websocket.protocols.ProtocolHandshakeRejectionTest.testHandshakeRejectionTestCase4
Test started: org.java_websocket.protocols.ProtocolHandshakeRejectionTest.testHandshakeRejectionTestCase5
Test finished: org.java_websocket.protocols.ProtocolHandshakeRejectionTest.testHandshakeRejectionTestCase5
Test started: org.java_websocket.protocols.ProtocolHandshakeRejectionTest.testHandshakeRejectionTestCase6
Test finished: org.java_websocket.protocols.ProtocolHandshakeRejectionTest.testHandshakeRejectionTestCase6
Test started: org.java_websocket.protocols.ProtocolHandshakeRejectionTest.testHandshakeRejectionTestCase7
Test finished: org.java_websocket.protocols.ProtocolHandshakeRejectionTest.testHandshakeRejectionTestCase7
Test started: org.java_websocket.protocols.ProtocolHandshakeRejectionTest.testHandshakeRejectionTestCase8
Test finished: org.java_websocket.protocols.ProtocolHandshakeRejectionTest.testHandshakeRejectionTestCase8
Test started: org.java_websocket.protocols.ProtocolHandshakeRejectionTest.testHandshakeRejectionTestCase9
Test finished: org.java_websocket.protocols.ProtocolHandshakeRejectionTest.testHandshakeRejectionTestCase9
Test started: org.java_websocket.protocols.ProtocolHandshakeRejectionTest.testProtocolRejectionTestCase0
Test finished: org.java_websocket.protocols.ProtocolHandshakeRejectionTest.testProtocolRejectionTestCase0
Test started: org.java_websocket.protocols.ProtocolTest.testToString
Test finished: org.java_websocket.protocols.ProtocolTest.testToString
Test started: org.java_websocket.protocols.ProtocolTest.testCopyInstance
Test finished: org.java_websocket.protocols.ProtocolTest.testCopyInstance
Test started: org.java_websocket.protocols.ProtocolTest.testAcceptProvidedProtocol
Test finished: org.java_websocket.protocols.ProtocolTest.testAcceptProvidedProtocol
Test started: org.java_websocket.protocols.ProtocolTest.testHashCode
Test finished: org.java_websocket.protocols.ProtocolTest.testHashCode
Test started: org.java_websocket.protocols.ProtocolTest.testGetProvidedProtocol
Test finished: org.java_websocket.protocols.ProtocolTest.testGetProvidedProtocol
Test started: org.java_websocket.protocols.ProtocolTest.testEquals
Test finished: org.java_websocket.protocols.ProtocolTest.testEquals
Test started: org.java_websocket.protocols.ProtocolTest.testConstructor
Test finished: org.java_websocket.protocols.ProtocolTest.testConstructor
Test started: org.java_websocket.server.DefaultWebSocketServerFactoryTest.testClose
Test finished: org.java_websocket.server.DefaultWebSocketServerFactoryTest.testClose
Test started: org.java_websocket.server.DefaultWebSocketServerFactoryTest.testWrapChannel
Test finished: org.java_websocket.server.DefaultWebSocketServerFactoryTest.testWrapChannel
Test started: org.java_websocket.server.DefaultWebSocketServerFactoryTest.testCreateWebSocket
Test finished: org.java_websocket.server.DefaultWebSocketServerFactoryTest.testCreateWebSocket
Test started: org.java_websocket.protocols.ProtocolHandshakeRejectionTest.testHandshakeRejectionTestCase10
Test finished: org.java_websocket.protocols.ProtocolHandshakeRejectionTest.testHandshakeRejectionTestCase10
Test started: org.java_websocket.protocols.ProtocolHandshakeRejectionTest.testHandshakeRejectionTestCase11
Test finished: org.java_websocket.protocols.ProtocolHandshakeRejectionTest.testHandshakeRejectionTestCase11
Test started: org.java_websocket.protocols.ProtocolHandshakeRejectionTest.testHandshakeRejectionTestCase12
Test finished: org.java_websocket.protocols.ProtocolHandshakeRejectionTest.testHandshakeRejectionTestCase12
Test started: org.java_websocket.protocols.ProtocolHandshakeRejectionTest.testHandshakeRejectionTestCase13
Test finished: org.java_websocket.protocols.ProtocolHandshakeRejectionTest.testHandshakeRejectionTestCase13
Test started: org.java_websocket.protocols.ProtocolHandshakeRejectionTest.testHandshakeRejectionTestCase14
Test finished: org.java_websocket.protocols.ProtocolHandshakeRejectionTest.testHandshakeRejectionTestCase14
Test started: org.java_websocket.protocols.ProtocolHandshakeRejectionTest.testHandshakeRejectionTestCase15
Test finished: org.java_websocket.protocols.ProtocolHandshakeRejectionTest.testHandshakeRejectionTestCase15
Test started: org.java_websocket.protocols.ProtocolHandshakeRejectionTest.testHandshakeRejectionTestCase16
Test finished: org.java_websocket.protocols.ProtocolHandshakeRejectionTest.testHandshakeRejectionTestCase16
Test started: org.java_websocket.protocols.ProtocolHandshakeRejectionTest.testHandshakeRejectionTestCase17
Test finished: org.java_websocket.protocols.ProtocolHandshakeRejectionTest.testHandshakeRejectionTestCase17
Test started: org.java_websocket.protocols.ProtocolHandshakeRejectionTest.testHandshakeRejectionTestCase18
Test finished: org.java_websocket.protocols.ProtocolHandshakeRejectionTest.testHandshakeRejectionTestCase18
Test started: org.java_websocket.protocols.ProtocolHandshakeRejectionTest.testHandshakeRejectionTestCase19
Test finished: org.java_websocket.protocols.ProtocolHandshakeRejectionTest.testHandshakeRejectionTestCase19
Test started: org.java_websocket.protocols.ProtocolHandshakeRejectionTest.testHandshakeRejectionTestCase20
Test finished: org.java_websocket.protocols.ProtocolHandshakeRejectionTest.testHandshakeRejectionTestCase20
Test started: org.java_websocket.protocols.ProtocolHandshakeRejectionTest.testHandshakeRejectionTestCase21
Test finished: org.java_websocket.protocols.ProtocolHandshakeRejectionTest.testHandshakeRejectionTestCase21
Test started: org.java_websocket.protocols.ProtocolHandshakeRejectionTest.testHandshakeRejectionTestCase22
Test finished: org.java_websocket.protocols.ProtocolHandshakeRejectionTest.testHandshakeRejectionTestCase22
Test started: org.java_websocket.protocols.ProtocolHandshakeRejectionTest.testHandshakeRejectionTestCase23
Test finished: org.java_websocket.protocols.ProtocolHandshakeRejectionTest.testHandshakeRejectionTestCase23
Test started: org.java_websocket.protocols.ProtocolHandshakeRejectionTest.testHandshakeRejectionTestCase24
Test finished: org.java_websocket.protocols.ProtocolHandshakeRejectionTest.testHandshakeRejectionTestCase24
Test started: org.java_websocket.protocols.ProtocolHandshakeRejectionTest.testHandshakeRejectionTestCase25
Test finished: org.java_websocket.protocols.ProtocolHandshakeRejectionTest.testHandshakeRejectionTestCase25
Test started: org.java_websocket.protocols.ProtocolHandshakeRejectionTest.testHandshakeRejectionTestCase26
Test finished: org.java_websocket.protocols.ProtocolHandshakeRejectionTest.testHandshakeRejectionTestCase26
Test started: org.java_websocket.protocols.ProtocolHandshakeRejectionTest.testHandshakeRejectionTestCase27
Test finished: org.java_websocket.protocols.ProtocolHandshakeRejectionTest.testHandshakeRejectionTestCase27
Test started: org.java_websocket.protocols.ProtocolHandshakeRejectionTest.testHandshakeRejectionTestCase28
Test finished: org.java_websocket.protocols.ProtocolHandshakeRejectionTest.testHandshakeRejectionTestCase28
Test started: org.java_websocket.protocols.ProtocolHandshakeRejectionTest.testHandshakeRejectionTestCase29
Test finished: org.java_websocket.protocols.ProtocolHandshakeRejectionTest.testHandshakeRejectionTestCase29
Test started: org.java_websocket.protocols.ProtocolHandshakeRejectionTest.testHandshakeRejectionTestCase1
Test finished: org.java_websocket.protocols.ProtocolHandshakeRejectionTest.testHandshakeRejectionTestCase1
Test started: org.java_websocket.protocols.ProtocolHandshakeRejectionTest.testHandshakeRejectionTestCase2
Test finished: org.java_websocket.protocols.ProtocolHandshakeRejectionTest.testHandshakeRejectionTestCase2
Test started: org.java_websocket.protocols.ProtocolHandshakeRejectionTest.testHandshakeRejectionTestCase3
Test finished: org.java_websocket.protocols.ProtocolHandshakeRejectionTest.testHandshakeRejectionTestCase3
Test started: org.java_websocket.protocols.ProtocolHandshakeRejectionTest.testHandshakeRejectionTestCase4
Test finished: org.java_websocket.protocols.ProtocolHandshakeRejectionTest.testHandshakeRejectionTestCase4
Test started: org.java_websocket.protocols.ProtocolHandshakeRejectionTest.testHandshakeRejectionTestCase5
Test finished: org.java_websocket.protocols.ProtocolHandshakeRejectionTest.testHandshakeRejectionTestCase5
Test started: org.java_websocket.protocols.ProtocolHandshakeRejectionTest.testHandshakeRejectionTestCase6
Test finished: org.java_websocket.protocols.ProtocolHandshakeRejectionTest.testHandshakeRejectionTestCase6
Test started: org.java_websocket.protocols.ProtocolHandshakeRejectionTest.testHandshakeRejectionTestCase7
Test finished: org.java_websocket.protocols.ProtocolHandshakeRejectionTest.testHandshakeRejectionTestCase7
Test started: org.java_websocket.protocols.ProtocolHandshakeRejectionTest.testHandshakeRejectionTestCase8
Test finished: org.java_websocket.protocols.ProtocolHandshakeRejectionTest.testHandshakeRejectionTestCase8
Test started: org.java_websocket.protocols.ProtocolHandshakeRejectionTest.testHandshakeRejectionTestCase9
Test finished: org.java_websocket.protocols.ProtocolHandshakeRejectionTest.testHandshakeRejectionTestCase9
Test started: org.java_websocket.protocols.ProtocolHandshakeRejectionTest.testProtocolRejectionTestCase0
Test finished: org.java_websocket.protocols.ProtocolHandshakeRejectionTest.testProtocolRejectionTestCase0
Test started: org.java_websocket.server.CustomSSLWebSocketServerFactoryTest.testClose
Test finished: org.java_websocket.server.CustomSSLWebSocketServerFactoryTest.testClose
Test started: org.java_websocket.server.CustomSSLWebSocketServerFactoryTest.testWrapChannel
Test finished: org.java_websocket.server.CustomSSLWebSocketServerFactoryTest.testWrapChannel
Test started: org.java_websocket.server.CustomSSLWebSocketServerFactoryTest.testCreateWebSocket
Test finished: org.java_websocket.server.CustomSSLWebSocketServerFactoryTest.testCreateWebSocket
Test started: org.java_websocket.server.CustomSSLWebSocketServerFactoryTest.testConstructor
Test finished: org.java_websocket.server.CustomSSLWebSocketServerFactoryTest.testConstructor
Test started: org.java_websocket.server.DefaultSSLWebSocketServerFactoryTest.testClose
Test finished: org.java_websocket.server.DefaultSSLWebSocketServerFactoryTest.testClose
Test started: org.java_websocket.server.DefaultSSLWebSocketServerFactoryTest.testWrapChannel
Test finished: org.java_websocket.server.DefaultSSLWebSocketServerFactoryTest.testWrapChannel
Test started: org.java_websocket.server.DefaultSSLWebSocketServerFactoryTest.testCreateWebSocket
Test finished: org.java_websocket.server.DefaultSSLWebSocketServerFactoryTest.testCreateWebSocket
Test started: org.java_websocket.server.DefaultSSLWebSocketServerFactoryTest.testConstructor
Test finished: org.java_websocket.server.DefaultSSLWebSocketServerFactoryTest.testConstructor
Test started: org.java_websocket.server.DefaultWebSocketServerFactoryTest.testClose
Test finished: org.java_websocket.server.DefaultWebSocketServerFactoryTest.testClose
Test started: org.java_websocket.server.DefaultWebSocketServerFactoryTest.testWrapChannel
Test finished: org.java_websocket.server.DefaultWebSocketServerFactoryTest.testWrapChannel
Test started: org.java_websocket.server.DefaultWebSocketServerFactoryTest.testCreateWebSocket
Test finished: org.java_websocket.server.DefaultWebSocketServerFactoryTest.testCreateWebSocket
Test started: org.java_websocket.server.SSLParametersWebSocketServerFactoryTest.testClose
Test finished: org.java_websocket.server.SSLParametersWebSocketServerFactoryTest.testClose
Test started: org.java_websocket.server.SSLParametersWebSocketServerFactoryTest.testWrapChannel
Test finished: org.java_websocket.server.SSLParametersWebSocketServerFactoryTest.testWrapChannel
Test started: org.java_websocket.server.SSLParametersWebSocketServerFactoryTest.testCreateWebSocket
Test finished: org.java_websocket.server.SSLParametersWebSocketServerFactoryTest.testCreateWebSocket
Test started: org.java_websocket.server.SSLParametersWebSocketServerFactoryTest.testConstructor
Test finished: org.java_websocket.server.SSLParametersWebSocketServerFactoryTest.testConstructor
Test started: org.java_websocket.server.WebSocketServerTest.testBroadcast
Test finished: org.java_websocket.server.WebSocketServerTest.testBroadcast
Test started: org.java_websocket.server.WebSocketServerTest.testGetAddress
Test finished: org.java_websocket.server.WebSocketServerTest.testGetAddress
Test started: org.java_websocket.server.WebSocketServerTest.testMaxPendingConnections
Test finished: org.java_websocket.server.WebSocketServerTest.testMaxPendingConnections
Test started: org.java_websocket.server.WebSocketServerTest.testGetPort
Test finished: org.java_websocket.server.WebSocketServerTest.testGetPort
Test started: org.java_websocket.server.WebSocketServerTest.testGetDrafts
Test finished: org.java_websocket.server.WebSocketServerTest.testGetDrafts
Test started: org.java_websocket.server.WebSocketServerTest.testConstructor
Test finished: org.java_websocket.server.WebSocketServerTest.testConstructor
Test started: org.java_websocket.util.Base64Test.testEncodeBytes2
Test finished: org.java_websocket.util.Base64Test.testEncodeBytes2
Test started: org.java_websocket.util.Base64Test.testEncodeBytes3
Test finished: org.java_websocket.util.Base64Test.testEncodeBytes3
Test started: org.java_websocket.util.Base64Test.testEncodeBytes4
Test finished: org.java_websocket.util.Base64Test.testEncodeBytes4
Test started: org.java_websocket.util.Base64Test.testEncodeBytes5
Test finished: org.java_websocket.util.Base64Test.testEncodeBytes5
Test started: org.java_websocket.util.Base64Test.testEncodeBytes
Test finished: org.java_websocket.util.Base64Test.testEncodeBytes
Test started: org.java_websocket.util.Base64Test.testEncodeBytesToBytes1
Test finished: org.java_websocket.util.Base64Test.testEncodeBytesToBytes1
Test started: org.java_websocket.util.Base64Test.testEncodeBytesToBytes2
Test finished: org.java_websocket.util.Base64Test.testEncodeBytesToBytes2
Test started: org.java_websocket.util.Base64Test.testEncodeBytesToBytes3
Test finished: org.java_websocket.util.Base64Test.testEncodeBytesToBytes3
Test started: org.java_websocket.util.ByteBufferUtilsTest.testTransferByteBufferBigToSmall
Test finished: org.java_websocket.util.ByteBufferUtilsTest.testTransferByteBufferBigToSmall
Test started: org.java_websocket.util.ByteBufferUtilsTest.testTransferByteBufferSmallToBig
Test finished: org.java_websocket.util.ByteBufferUtilsTest.testTransferByteBufferSmallToBig
Test started: org.java_websocket.util.ByteBufferUtilsTest.testTransferByteBufferSmallToEmpty
Test finished: org.java_websocket.util.ByteBufferUtilsTest.testTransferByteBufferSmallToEmpty
Test started: org.java_websocket.util.ByteBufferUtilsTest.testEmptyByteBufferCapacity
Test finished: org.java_websocket.util.ByteBufferUtilsTest.testEmptyByteBufferCapacity
Test started: org.java_websocket.util.ByteBufferUtilsTest.testTransferByteBufferCheckNullSource
Test finished: org.java_websocket.util.ByteBufferUtilsTest.testTransferByteBufferCheckNullSource
Test started: org.java_websocket.util.ByteBufferUtilsTest.testEmptyByteBufferNewObject
Test finished: org.java_websocket.util.ByteBufferUtilsTest.testEmptyByteBufferNewObject
Test started: org.java_websocket.util.ByteBufferUtilsTest.testTransferByteBufferCheckNullBoth
Test finished: org.java_websocket.util.ByteBufferUtilsTest.testTransferByteBufferCheckNullBoth
Test started: org.java_websocket.util.ByteBufferUtilsTest.testTransferByteBufferCheckNullDest
Test finished: org.java_websocket.util.ByteBufferUtilsTest.testTransferByteBufferCheckNullDest
Test started: org.java_websocket.util.CharsetfunctionsTest.testAsciiBytes
Test finished: org.java_websocket.util.CharsetfunctionsTest.testAsciiBytes
Test started: org.java_websocket.util.CharsetfunctionsTest.testStringUtf8ByteBuffer
Test finished: org.java_websocket.util.CharsetfunctionsTest.testStringUtf8ByteBuffer
Test started: org.java_websocket.util.CharsetfunctionsTest.testIsValidUTF8
Test finished: org.java_websocket.util.CharsetfunctionsTest.testIsValidUTF8
Test started: org.java_websocket.util.CharsetfunctionsTest.testIsValidUTF8off
Test finished: org.java_websocket.util.CharsetfunctionsTest.testIsValidUTF8off
Test started: org.java_websocket.util.CharsetfunctionsTest.testStringAscii1
Test finished: org.java_websocket.util.CharsetfunctionsTest.testStringAscii1
Test started: org.java_websocket.util.CharsetfunctionsTest.testStringAscii2
Test finished: org.java_websocket.util.CharsetfunctionsTest.testStringAscii2
Test started: org.java_websocket.util.CharsetfunctionsTest.testUtf8Bytes
Test finished: org.java_websocket.util.CharsetfunctionsTest.testUtf8Bytes
